ID,datetime,session_start,time,sw_flip,sw_offset,sw_subwave_num,sw_number,mo_y,mo_x,mo_fake_release,mo_act_drag,mo_lobe,level,version,device_timezone,device_OS,time_diff,coord_diff,total_sw_events,first,last,target_location,action_location,action_location_normalized,actions,actions_normalized,collect,false_collect,action_sequences,action_sequences_str,count,sw_start,last_sw,ba_time,ba_position,ba_ID,ba_age,last_ba_sw,is_last_sw,session_score,session_nr,threshold,session_cleared,learned,learning,diff,score,previous_score,prev_action_sequences_str,action_seq_frequency,rank,rank_pct,prev_rank,top,top_prev,puzzle_attempt,cum_score,trial_score,cum_score_s6,cum_score_last_6,threshold_puzzle,first_threshold
1072,2020-12-17 19:37:33,32091,35345.0,True,2.0,5.0,1.0,200.00003,-17.928406,0.0,False,1.0,1.0,2.0,"{'bias': 0.0, 'name': 'WET'}",Android,-278530.0,-352.2345,7.0,True,False,4.0,0.0,2.0,0.0,2.0,False,False,"[2.0, -2.0, 0.0, 5.0, 4.0, 3.0, 2.0]","[2.0, -2.0, 0.0, 5.0, 4.0, 3.0, 2.0]",2.0,35345.0,6.0,42429.0,4.0,0.0,7.0,6.0,False,144.0,0.0,True,0.0,True,True,,0.0,,,2.0,111.0,0.8077365876122496,7.0,other,first,1,0.0,0.0,,,False,1.0
1072,2020-12-17 19:37:33,32091,38101.0,True,2.0,5.0,1.0,46.111115,187.64948,0.0,True,1.0,1.0,2.0,"{'bias': 0.0, 'name': 'WET'}",Android,2756.0,359.4668,7.0,False,False,4.0,0.0,2.0,-0.0,-2.0,False,False,"[2.0, -2.0, 0.0, 5.0, 4.0, 3.0, 2.0]","[2.0, -2.0, 0.0, 5.0, 4.0, 3.0, 2.0]",2.0,35345.0,6.0,42429.0,4.0,0.0,7.0,6.0,False,144.0,0.0,True,0.0,True,True,,0.0,0.0,,2.0,111.0,0.8077365876122496,7.0,other,7.0,1,0.0,0.0,,,False,1.0
1072,2020-12-17 19:37:33,32091,38569.0,True,2.0,5.0,1.0,-32.2222,139.31091,0.0,False,5.0,1.0,2.0,"{'bias': 0.0, 'name': 'WET'}",Android,468.0,29.994751,7.0,False,False,4.0,4.0,0.0,4.0,0.0,False,False,"[2.0, -2.0, 0.0, 5.0, 4.0, 3.0, 2.0]","[2.0, -2.0, 0.0, 5.0, 4.0, 3.0, 2.0]",2.0,35345.0,6.0,42429.0,4.0,0.0,7.0,6.0,False,144.0,0.0,True,0.0,True,True,,0.0,0.0,,2.0,111.0,0.8077365876122496,7.0,other,7.0,1,0.0,0.0,,,False,1.0
1072,2020-12-17 19:37:33,32091,40023.0,True,2.0,5.0,1.0,-120.55554,18.742249,0.0,False,4.0,1.0,2.0,"{'bias': 0.0, 'name': 'WET'}",Android,1454.0,-32.23532,7.0,False,False,4.0,3.0,5.0,3.0,5.0,False,False,"[2.0, -2.0, 0.0, 5.0, 4.0, 3.0, 2.0]","[2.0, -2.0, 0.0, 5.0, 4.0, 3.0, 2.0]",2.0,35345.0,6.0,42429.0,4.0,0.0,7.0,6.0,False,144.0,0.0,True,0.0,True,True,,0.0,0.0,,2.0,111.0,0.8077365876122496,7.0,other,7.0,1,0.0,0.0,,,False,1.0
1072,2020-12-17 19:37:33,32091,40808.0,True,2.0,5.0,1.0,-63.33333,-95.7146,0.0,False,3.0,1.0,2.0,"{'bias': 0.0, 'name': 'WET'}",Android,785.0,-171.67906,7.0,False,False,4.0,2.0,4.0,2.0,4.0,False,False,"[2.0, -2.0, 0.0, 5.0, 4.0, 3.0, 2.0]","[2.0, -2.0, 0.0, 5.0, 4.0, 3.0, 2.0]",2.0,35345.0,6.0,42429.0,4.0,0.0,7.0,6.0,False,144.0,0.0,True,0.0,True,True,,0.0,0.0,,2.0,111.0,0.8077365876122496,7.0,other,7.0,1,0.0,0.0,,,False,1.0
1072,2020-12-17 19:37:33,32091,41526.0,True,2.0,5.0,1.0,103.33334,-172.94519,0.0,False,2.0,1.0,2.0,"{'bias': 0.0, 'name': 'WET'}",Android,718.0,-243.89726,7.0,False,False,4.0,1.0,3.0,1.0,3.0,False,False,"[2.0, -2.0, 0.0, 5.0, 4.0, 3.0, 2.0]","[2.0, -2.0, 0.0, 5.0, 4.0, 3.0, 2.0]",2.0,35345.0,6.0,42429.0,4.0,0.0,7.0,6.0,False,144.0,0.0,True,0.0,True,True,,0.0,0.0,,2.0,111.0,0.8077365876122496,7.0,other,7.0,1,0.0,0.0,,,False,1.0
1072,2020-12-17 19:37:33,32091,42147.0,True,2.0,5.0,1.0,196.66669,-18.484009,0.0,False,1.0,1.0,2.0,"{'bias': 0.0, 'name': 'WET'}",Android,621.0,61.12784,7.0,False,True,4.0,0.0,2.0,0.0,2.0,False,False,"[2.0, -2.0, 0.0, 5.0, 4.0, 3.0, 2.0]","[2.0, -2.0, 0.0, 5.0, 4.0, 3.0, 2.0]",2.0,35345.0,6.0,42429.0,4.0,0.0,7.0,6.0,False,144.0,0.0,True,0.0,True,True,,0.0,0.0,,2.0,111.0,0.8077365876122496,7.0,other,7.0,1,0.0,0.0,,,False,1.0
1072,2020-12-17 19:37:33,32091,48478.0,True,3.0,3.0,2.0,-59.444427,130.42102,0.0,False,5.0,1.0,2.0,"{'bias': 0.0, 'name': 'WET'}",Android,6331.0,405.01614,7.0,True,False,3.0,4.0,1.0,4.0,1.0,False,False,"[1.0, 0.0, 5.0, 0.0, 5.0, 0.0, 1.0]","[1.0, 0.0, 5.0, 0.0, 5.0, 0.0, 1.0]",4.0,48478.0,6.0,57417.0,3.0,0.0,7.0,6.0,False,144.0,0.0,True,0.0,True,True,,0.0,,"[2.0, -2.0, 0.0, 5.0, 4.0, 3.0, 2.0]",4.0,109.0,0.9087036610637808,111.0,other,other,2,0.0,0.0,,,False,1.0
1072,2020-12-17 19:37:33,32091,50582.0,True,3.0,3.0,2.0,-144.44444,8.185547,0.0,False,4.0,1.0,2.0,"{'bias': 0.0, 'name': 'WET'}",Android,2104.0,-37.23546,7.0,False,False,3.0,3.0,0.0,3.0,0.0,False,False,"[1.0, 0.0, 5.0, 0.0, 5.0, 0.0, 1.0]","[1.0, 0.0, 5.0, 0.0, 5.0, 0.0, 1.0]",4.0,48478.0,6.0,57417.0,3.0,0.0,7.0,6.0,False,144.0,0.0,True,0.0,True,True,,0.0,0.0,"[2.0, -2.0, 0.0, 5.0, 4.0, 3.0, 2.0]",4.0,109.0,0.9087036610637808,111.0,other,other,2,0.0,0.0,,,False,1.0
1072,2020-12-17 19:37:33,32091,52252.0,True,3.0,3.0,2.0,-51.666656,-142.94196,0.0,False,3.0,1.0,2.0,"{'bias': 0.0, 'name': 'WET'}",Android,1670.0,-243.90529,7.0,False,False,3.0,2.0,5.0,2.0,5.0,False,False,"[1.0, 0.0, 5.0, 0.0, 5.0, 0.0, 1.0]","[1.0, 0.0, 5.0, 0.0, 5.0, 0.0, 1.0]",4.0,48478.0,6.0,57417.0,3.0,0.0,7.0,6.0,False,144.0,0.0,True,0.0,True,True,,0.0,0.0,"[2.0, -2.0, 0.0, 5.0, 4.0, 3.0, 2.0]",4.0,109.0,0.9087036610637808,111.0,other,other,2,0.0,0.0,,,False,1.0
1072,2020-12-17 19:37:33,32091,53756.0,True,3.0,3.0,2.0,-186.11111,7.074341,0.0,False,4.0,1.0,2.0,"{'bias': 0.0, 'name': 'WET'}",Android,1504.0,284.46075,7.0,False,False,3.0,3.0,0.0,3.0,0.0,False,False,"[1.0, 0.0, 5.0, 0.0, 5.0, 0.0, 1.0]","[1.0, 0.0, 5.0, 0.0, 5.0, 0.0, 1.0]",4.0,48478.0,6.0,57417.0,3.0,0.0,7.0,6.0,False,144.0,0.0,True,0.0,True,True,,0.0,0.0,"[2.0, -2.0, 0.0, 5.0, 4.0, 3.0, 2.0]",4.0,109.0,0.9087036610637808,111.0,other,other,2,0.0,0.0,,,False,1.0
1072,2020-12-17 19:37:33,32091,54893.0,True,3.0,3.0,2.0,-48.88887,-139.60828,0.0,False,3.0,1.0,2.0,"{'bias': 0.0, 'name': 'WET'}",Android,1137.0,-283.90485,7.0,False,False,3.0,2.0,5.0,2.0,5.0,False,False,"[1.0, 0.0, 5.0, 0.0, 5.0, 0.0, 1.0]","[1.0, 0.0, 5.0, 0.0, 5.0, 0.0, 1.0]",4.0,48478.0,6.0,57417.0,3.0,0.0,7.0,6.0,False,144.0,0.0,True,0.0,True,True,,0.0,0.0,"[2.0, -2.0, 0.0, 5.0, 4.0, 3.0, 2.0]",4.0,109.0,0.9087036610637808,111.0,other,other,2,0.0,0.0,,,False,1.0
1072,2020-12-17 19:37:33,32091,55828.0,True,3.0,3.0,2.0,-144.44444,-6.81604,0.0,False,4.0,1.0,2.0,"{'bias': 0.0, 'name': 'WET'}",Android,935.0,228.34781,7.0,False,False,3.0,3.0,0.0,3.0,0.0,False,False,"[1.0, 0.0, 5.0, 0.0, 5.0, 0.0, 1.0]","[1.0, 0.0, 5.0, 0.0, 5.0, 0.0, 1.0]",4.0,48478.0,6.0,57417.0,3.0,0.0,7.0,6.0,False,144.0,0.0,True,0.0,True,True,,0.0,0.0,"[2.0, -2.0, 0.0, 5.0, 4.0, 3.0, 2.0]",4.0,109.0,0.9087036610637808,111.0,other,other,2,0.0,0.0,,,False,1.0
1072,2020-12-17 19:37:33,32091,57132.0,True,3.0,3.0,2.0,-39.444427,119.308716,0.0,False,5.0,1.0,2.0,"{'bias': 0.0, 'name': 'WET'}",Android,1304.0,21.12474,7.0,False,True,3.0,4.0,1.0,4.0,1.0,False,False,"[1.0, 0.0, 5.0, 0.0, 5.0, 0.0, 1.0]","[1.0, 0.0, 5.0, 0.0, 5.0, 0.0, 1.0]",4.0,48478.0,6.0,57417.0,3.0,0.0,7.0,6.0,False,144.0,0.0,True,0.0,True,True,,0.0,0.0,"[2.0, -2.0, 0.0, 5.0, 4.0, 3.0, 2.0]",4.0,109.0,0.9087036610637808,111.0,other,other,2,0.0,0.0,,,False,1.0
1072,2020-12-17 19:37:33,32091,60458.0,False,4.0,2.0,3.0,-47.77777,102.64026,0.0,False,5.0,1.0,2.0,"{'bias': 0.0, 'name': 'WET'}",Android,3326.0,-8.335114,7.0,True,False,4.0,4.0,0.0,4.0,0.0,False,False,"[0.0, 0.0, 0.0, 0.0, 0.0, 0.0, -0.0]","[0.0, 0.0, 0.0, 0.0, 0.0, 0.0, -0.0]",8090.0,60458.0,6.0,67458.0,4.0,0.0,6.0,6.0,False,144.0,0.0,True,0.0,True,True,,36.0,,"[1.0, 0.0, 5.0, 0.0, 5.0, 0.0, 1.0]",8062.0,2.0,0.9999232481387672,109.0,2.0,other,3,36.0,36.0,,,False,1.0
1072,2020-12-17 19:37:33,32091,61476.0,False,4.0,2.0,3.0,-33.888885,113.75256,0.0,False,5.0,1.0,2.0,"{'bias': 0.0, 'name': 'WET'}",Android,1018.0,-2.7765808,7.0,False,False,4.0,4.0,0.0,4.0,0.0,False,False,"[0.0, 0.0, 0.0, 0.0, 0.0, 0.0, -0.0]","[0.0, 0.0, 0.0, 0.0, 0.0, 0.0, -0.0]",8090.0,60458.0,6.0,67458.0,4.0,0.0,6.0,6.0,False,144.0,0.0,True,0.0,True,True,,36.0,36.0,"[1.0, 0.0, 5.0, 0.0, 5.0, 0.0, 1.0]",8062.0,2.0,0.9999232481387672,109.0,2.0,other,3,36.0,36.0,,,False,1.0
1072,2020-12-17 19:37:33,32091,62145.0,False,4.0,2.0,3.0,-52.77777,140.97772,0.0,False,5.0,1.0,2.0,"{'bias': 0.0, 'name': 'WET'}",Android,669.0,46.114044,7.0,False,False,4.0,4.0,0.0,4.0,0.0,False,False,"[0.0, 0.0, 0.0, 0.0, 0.0, 0.0, -0.0]","[0.0, 0.0, 0.0, 0.0, 0.0, 0.0, -0.0]",8090.0,60458.0,6.0,67458.0,4.0,0.0,6.0,6.0,False,144.0,0.0,True,0.0,True,True,,36.0,36.0,"[1.0, 0.0, 5.0, 0.0, 5.0, 0.0, 1.0]",8062.0,2.0,0.9999232481387672,109.0,2.0,other,3,36.0,36.0,,,False,1.0
1072,2020-12-17 19:37:33,32091,62765.0,False,4.0,2.0,3.0,-52.77777,149.31201,0.0,False,5.0,1.0,2.0,"{'bias': 0.0, 'name': 'WET'}",Android,620.0,8.33429,7.0,False,False,4.0,4.0,0.0,4.0,0.0,False,False,"[0.0, 0.0, 0.0, 0.0, 0.0, 0.0, -0.0]","[0.0, 0.0, 0.0, 0.0, 0.0, 0.0, -0.0]",8090.0,60458.0,6.0,67458.0,4.0,0.0,6.0,6.0,False,144.0,0.0,True,0.0,True,True,,36.0,36.0,"[1.0, 0.0, 5.0, 0.0, 5.0, 0.0, 1.0]",8062.0,2.0,0.9999232481387672,109.0,2.0,other,3,36.0,36.0,,,False,1.0
1072,2020-12-17 19:37:33,32091,63416.0,False,4.0,2.0,3.0,-55.555542,169.86975,0.0,False,5.0,1.0,2.0,"{'bias': 0.0, 'name': 'WET'}",Android,651.0,23.33551,7.0,False,False,4.0,4.0,0.0,4.0,0.0,False,False,"[0.0, 0.0, 0.0, 0.0, 0.0, 0.0, -0.0]","[0.0, 0.0, 0.0, 0.0, 0.0, 0.0, -0.0]",8090.0,60458.0,6.0,67458.0,4.0,0.0,6.0,6.0,False,144.0,0.0,True,0.0,True,True,,36.0,36.0,"[1.0, 0.0, 5.0, 0.0, 5.0, 0.0, 1.0]",8062.0,2.0,0.9999232481387672,109.0,2.0,other,3,36.0,36.0,,,False,1.0
1072,2020-12-17 19:37:33,32091,64102.0,False,4.0,2.0,3.0,-58.88887,168.20294,0.0,False,5.0,1.0,2.0,"{'bias': 0.0, 'name': 'WET'}",Android,686.0,1.6665192,7.0,False,False,4.0,4.0,0.0,4.0,0.0,False,False,"[0.0, 0.0, 0.0, 0.0, 0.0, 0.0, -0.0]","[0.0, 0.0, 0.0, 0.0, 0.0, 0.0, -0.0]",8090.0,60458.0,6.0,67458.0,4.0,0.0,6.0,6.0,False,144.0,0.0,True,0.0,True,True,,36.0,36.0,"[1.0, 0.0, 5.0, 0.0, 5.0, 0.0, 1.0]",8062.0,2.0,0.9999232481387672,109.0,2.0,other,3,36.0,36.0,,,False,1.0
1072,2020-12-17 19:37:33,32091,67161.0,False,4.0,2.0,3.0,-112.22221,-66.26697,0.0,True,5.0,1.0,2.0,"{'bias': 0.0, 'name': 'WET'}",Android,3059.0,-181.13657,7.0,False,True,4.0,4.0,0.0,-4.0,-0.0,True,False,"[0.0, 0.0, 0.0, 0.0, 0.0, 0.0, -0.0]","[0.0, 0.0, 0.0, 0.0, 0.0, 0.0, -0.0]",8090.0,60458.0,6.0,67458.0,4.0,0.0,6.0,6.0,False,144.0,0.0,True,0.0,True,True,,36.0,36.0,"[1.0, 0.0, 5.0, 0.0, 5.0, 0.0, 1.0]",8062.0,2.0,0.9999232481387672,109.0,2.0,other,3,36.0,36.0,,,False,1.0
1072,2020-12-17 19:37:33,32091,70767.0,True,0.0,0.0,4.0,193.33334,-46.26477,0.0,False,1.0,1.0,2.0,"{'bias': 0.0, 'name': 'WET'}",Android,3606.0,-285.55334,7.0,True,False,0.0,0.0,0.0,0.0,0.0,False,False,"[0.0, 0.0, 0.0, 0.0, 0.0, 0.0, -0.0]","[0.0, 0.0, 0.0, 0.0, 0.0, 0.0, -0.0]",8090.0,70767.0,6.0,74893.0,0.0,0.0,6.0,6.0,False,144.0,0.0,True,0.0,True,True,,36.0,,"[0.0, 0.0, 0.0, 0.0, 0.0, 0.0, -0.0]",8062.0,2.0,0.9999232481387672,2.0,2.0,2.0,4,72.0,36.0,,,False,1.0
1072,2020-12-17 19:37:33,32091,71519.0,True,0.0,0.0,4.0,192.7778,-30.151917,0.0,False,1.0,1.0,2.0,"{'bias': 0.0, 'name': 'WET'}",Android,752.0,16.668396,7.0,False,False,0.0,0.0,0.0,0.0,0.0,False,False,"[0.0, 0.0, 0.0, 0.0, 0.0, 0.0, -0.0]","[0.0, 0.0, 0.0, 0.0, 0.0, 0.0, -0.0]",8090.0,70767.0,6.0,74893.0,0.0,0.0,6.0,6.0,False,144.0,0.0,True,0.0,True,True,,36.0,36.0,"[0.0, 0.0, 0.0, 0.0, 0.0, 0.0, -0.0]",8062.0,2.0,0.9999232481387672,2.0,2.0,2.0,4,72.0,36.0,,,False,1.0
1072,2020-12-17 19:37:33,32091,72002.0,True,0.0,0.0,4.0,194.44446,-15.705933,0.0,False,1.0,1.0,2.0,"{'bias': 0.0, 'name': 'WET'}",Android,483.0,12.779327,7.0,False,False,0.0,0.0,0.0,0.0,0.0,False,False,"[0.0, 0.0, 0.0, 0.0, 0.0, 0.0, -0.0]","[0.0, 0.0, 0.0, 0.0, 0.0, 0.0, -0.0]",8090.0,70767.0,6.0,74893.0,0.0,0.0,6.0,6.0,False,144.0,0.0,True,0.0,True,True,,36.0,36.0,"[0.0, 0.0, 0.0, 0.0, 0.0, 0.0, -0.0]",8062.0,2.0,0.9999232481387672,2.0,2.0,2.0,4,72.0,36.0,,,False,1.0
1072,2020-12-17 19:37:33,32091,72421.0,True,0.0,0.0,4.0,203.33334,-19.039612,0.0,False,1.0,1.0,2.0,"{'bias': 0.0, 'name': 'WET'}",Android,419.0,-12.222565,7.0,False,False,0.0,0.0,0.0,0.0,0.0,False,False,"[0.0, 0.0, 0.0, 0.0, 0.0, 0.0, -0.0]","[0.0, 0.0, 0.0, 0.0, 0.0, 0.0, -0.0]",8090.0,70767.0,6.0,74893.0,0.0,0.0,6.0,6.0,False,144.0,0.0,True,0.0,True,True,,36.0,36.0,"[0.0, 0.0, 0.0, 0.0, 0.0, 0.0, -0.0]",8062.0,2.0,0.9999232481387672,2.0,2.0,2.0,4,72.0,36.0,,,False,1.0
1072,2020-12-17 19:37:33,32091,72854.0,True,0.0,0.0,4.0,218.88892,-31.818787,0.0,False,1.0,1.0,2.0,"{'bias': 0.0, 'name': 'WET'}",Android,433.0,-28.334747,7.0,False,False,0.0,0.0,0.0,0.0,0.0,False,False,"[0.0, 0.0, 0.0, 0.0, 0.0, 0.0, -0.0]","[0.0, 0.0, 0.0, 0.0, 0.0, 0.0, -0.0]",8090.0,70767.0,6.0,74893.0,0.0,0.0,6.0,6.0,False,144.0,0.0,True,0.0,True,True,,36.0,36.0,"[0.0, 0.0, 0.0, 0.0, 0.0, 0.0, -0.0]",8062.0,2.0,0.9999232481387672,2.0,2.0,2.0,4,72.0,36.0,,,False,1.0
1072,2020-12-17 19:37:33,32091,73540.0,True,0.0,0.0,4.0,216.11115,-32.37439,0.0,False,1.0,1.0,2.0,"{'bias': 0.0, 'name': 'WET'}",Android,686.0,2.222168,7.0,False,False,0.0,0.0,0.0,0.0,0.0,False,False,"[0.0, 0.0, 0.0, 0.0, 0.0, 0.0, -0.0]","[0.0, 0.0, 0.0, 0.0, 0.0, 0.0, -0.0]",8090.0,70767.0,6.0,74893.0,0.0,0.0,6.0,6.0,False,144.0,0.0,True,0.0,True,True,,36.0,36.0,"[0.0, 0.0, 0.0, 0.0, 0.0, 0.0, -0.0]",8062.0,2.0,0.9999232481387672,2.0,2.0,2.0,4,72.0,36.0,,,False,1.0
1072,2020-12-17 19:37:33,32091,74609.0,True,0.0,0.0,4.0,-36.666656,-217.95007,0.0,True,1.0,1.0,2.0,"{'bias': 0.0, 'name': 'WET'}",Android,1069.0,67.20212,7.0,False,True,0.0,0.0,0.0,-0.0,-0.0,True,False,"[0.0, 0.0, 0.0, 0.0, 0.0, 0.0, -0.0]","[0.0, 0.0, 0.0, 0.0, 0.0, 0.0, -0.0]",8090.0,70767.0,6.0,74893.0,0.0,0.0,6.0,6.0,False,144.0,0.0,True,0.0,True,True,,36.0,36.0,"[0.0, 0.0, 0.0, 0.0, 0.0, 0.0, -0.0]",8062.0,2.0,0.9999232481387672,2.0,2.0,2.0,4,72.0,36.0,,,False,1.0
1072,2020-12-17 19:37:33,32091,78069.0,True,1.0,1.0,5.0,98.888916,145.42267,0.0,False,6.0,1.0,2.0,"{'bias': 0.0, 'name': 'WET'}",Android,3460.0,227.81717,7.0,True,False,5.0,5.0,0.0,5.0,0.0,False,False,"[0.0, 0.0, 0.0, 0.0, 0.0, 0.0, -0.0]","[0.0, 0.0, 0.0, 0.0, 0.0, 0.0, -0.0]",8090.0,78069.0,6.0,81595.0,5.0,0.0,6.0,6.0,False,144.0,0.0,True,0.0,True,True,,36.0,,"[0.0, 0.0, 0.0, 0.0, 0.0, 0.0, -0.0]",8062.0,2.0,0.9999232481387672,2.0,2.0,2.0,5,108.0,36.0,,,False,1.0
1072,2020-12-17 19:37:33,32091,78502.0,True,1.0,1.0,5.0,97.22223,128.75421,0.0,False,6.0,1.0,2.0,"{'bias': 0.0, 'name': 'WET'}",Android,433.0,-15.00177,7.0,False,False,5.0,5.0,0.0,5.0,0.0,False,False,"[0.0, 0.0, 0.0, 0.0, 0.0, 0.0, -0.0]","[0.0, 0.0, 0.0, 0.0, 0.0, 0.0, -0.0]",8090.0,78069.0,6.0,81595.0,5.0,0.0,6.0,6.0,False,144.0,0.0,True,0.0,True,True,,36.0,36.0,"[0.0, 0.0, 0.0, 0.0, 0.0, 0.0, -0.0]",8062.0,2.0,0.9999232481387672,2.0,2.0,2.0,5,108.0,36.0,,,False,1.0
1072,2020-12-17 19:37:33,32091,78869.0,True,1.0,1.0,5.0,111.111145,117.08624,0.0,False,6.0,1.0,2.0,"{'bias': 0.0, 'name': 'WET'}",Android,367.0,-25.556885,7.0,False,False,5.0,5.0,0.0,5.0,0.0,False,False,"[0.0, 0.0, 0.0, 0.0, 0.0, 0.0, -0.0]","[0.0, 0.0, 0.0, 0.0, 0.0, 0.0, -0.0]",8090.0,78069.0,6.0,81595.0,5.0,0.0,6.0,6.0,False,144.0,0.0,True,0.0,True,True,,36.0,36.0,"[0.0, 0.0, 0.0, 0.0, 0.0, 0.0, -0.0]",8062.0,2.0,0.9999232481387672,2.0,2.0,2.0,5,108.0,36.0,,,False,1.0
1072,2020-12-17 19:37:33,32091,79203.0,True,1.0,1.0,5.0,108.888916,121.53119,0.0,False,6.0,1.0,2.0,"{'bias': 0.0, 'name': 'WET'}",Android,334.0,6.6671753,7.0,False,False,5.0,5.0,0.0,5.0,0.0,False,False,"[0.0, 0.0, 0.0, 0.0, 0.0, 0.0, -0.0]","[0.0, 0.0, 0.0, 0.0, 0.0, 0.0, -0.0]",8090.0,78069.0,6.0,81595.0,5.0,0.0,6.0,6.0,False,144.0,0.0,True,0.0,True,True,,36.0,36.0,"[0.0, 0.0, 0.0, 0.0, 0.0, 0.0, -0.0]",8062.0,2.0,0.9999232481387672,2.0,2.0,2.0,5,108.0,36.0,,,False,1.0
1072,2020-12-17 19:37:33,32091,79505.0,True,1.0,1.0,5.0,106.111145,126.53174,0.0,False,6.0,1.0,2.0,"{'bias': 0.0, 'name': 'WET'}",Android,302.0,7.7783203,7.0,False,False,5.0,5.0,0.0,5.0,0.0,False,False,"[0.0, 0.0, 0.0, 0.0, 0.0, 0.0, -0.0]","[0.0, 0.0, 0.0, 0.0, 0.0, 0.0, -0.0]",8090.0,78069.0,6.0,81595.0,5.0,0.0,6.0,6.0,False,144.0,0.0,True,0.0,True,True,,36.0,36.0,"[0.0, 0.0, 0.0, 0.0, 0.0, 0.0, -0.0]",8062.0,2.0,0.9999232481387672,2.0,2.0,2.0,5,108.0,36.0,,,False,1.0
1072,2020-12-17 19:37:33,32091,80273.0,True,1.0,1.0,5.0,100.55557,122.642395,0.0,False,6.0,1.0,2.0,"{'bias': 0.0, 'name': 'WET'}",Android,768.0,1.6662292,7.0,False,False,5.0,5.0,0.0,5.0,0.0,False,False,"[0.0, 0.0, 0.0, 0.0, 0.0, 0.0, -0.0]","[0.0, 0.0, 0.0, 0.0, 0.0, 0.0, -0.0]",8090.0,78069.0,6.0,81595.0,5.0,0.0,6.0,6.0,False,144.0,0.0,True,0.0,True,True,,36.0,36.0,"[0.0, 0.0, 0.0, 0.0, 0.0, 0.0, -0.0]",8062.0,2.0,0.9999232481387672,2.0,2.0,2.0,5,108.0,36.0,,,False,1.0
1072,2020-12-17 19:37:33,32091,81310.0,True,1.0,1.0,5.0,-27.777771,-130.16278,0.0,True,6.0,1.0,2.0,"{'bias': 0.0, 'name': 'WET'}",Android,1037.0,-124.47183,7.0,False,True,5.0,5.0,0.0,-5.0,-0.0,True,False,"[0.0, 0.0, 0.0, 0.0, 0.0, 0.0, -0.0]","[0.0, 0.0, 0.0, 0.0, 0.0, 0.0, -0.0]",8090.0,78069.0,6.0,81595.0,5.0,0.0,6.0,6.0,False,144.0,0.0,True,0.0,True,True,,36.0,36.0,"[0.0, 0.0, 0.0, 0.0, 0.0, 0.0, -0.0]",8062.0,2.0,0.9999232481387672,2.0,2.0,2.0,5,108.0,36.0,,,False,1.0
1072,2020-12-17 19:37:33,32091,84836.0,False,0.0,4.0,6.0,198.33334,-1.259888,0.0,False,1.0,1.0,2.0,"{'bias': 0.0, 'name': 'WET'}",Android,3526.0,-97.20822,7.0,True,False,0.0,0.0,0.0,0.0,0.0,False,False,"[0.0, 0.0, 0.0, 0.0, 0.0, 0.0, -0.0]","[0.0, 0.0, 0.0, 0.0, 0.0, 0.0, -0.0]",8090.0,84836.0,6.0,88016.0,0.0,0.0,6.0,6.0,True,144.0,0.0,True,0.0,True,True,,36.0,,"[0.0, 0.0, 0.0, 0.0, 0.0, 0.0, -0.0]",8062.0,2.0,0.9999232481387672,2.0,2.0,2.0,6,144.0,36.0,,,False,1.0
1072,2020-12-17 19:37:33,32091,85204.0,False,0.0,4.0,6.0,195.00003,-7.927307,0.0,False,1.0,1.0,2.0,"{'bias': 0.0, 'name': 'WET'}",Android,368.0,-3.334106,7.0,False,False,0.0,0.0,0.0,0.0,0.0,False,False,"[0.0, 0.0, 0.0, 0.0, 0.0, 0.0, -0.0]","[0.0, 0.0, 0.0, 0.0, 0.0, 0.0, -0.0]",8090.0,84836.0,6.0,88016.0,0.0,0.0,6.0,6.0,True,144.0,0.0,True,0.0,True,True,,36.0,36.0,"[0.0, 0.0, 0.0, 0.0, 0.0, 0.0, -0.0]",8062.0,2.0,0.9999232481387672,2.0,2.0,2.0,6,144.0,36.0,,,False,1.0
1072,2020-12-17 19:37:33,32091,85572.0,False,0.0,4.0,6.0,203.33334,-12.927856,0.0,False,1.0,1.0,2.0,"{'bias': 0.0, 'name': 'WET'}",Android,368.0,-13.333862,7.0,False,False,0.0,0.0,0.0,0.0,0.0,False,False,"[0.0, 0.0, 0.0, 0.0, 0.0, 0.0, -0.0]","[0.0, 0.0, 0.0, 0.0, 0.0, 0.0, -0.0]",8090.0,84836.0,6.0,88016.0,0.0,0.0,6.0,6.0,True,144.0,0.0,True,0.0,True,True,,36.0,36.0,"[0.0, 0.0, 0.0, 0.0, 0.0, 0.0, -0.0]",8062.0,2.0,0.9999232481387672,2.0,2.0,2.0,6,144.0,36.0,,,False,1.0
1072,2020-12-17 19:37:33,32091,85876.0,False,0.0,4.0,6.0,218.33337,-22.928955,0.0,False,1.0,1.0,2.0,"{'bias': 0.0, 'name': 'WET'}",Android,304.0,-25.00113,7.0,False,False,0.0,0.0,0.0,0.0,0.0,False,False,"[0.0, 0.0, 0.0, 0.0, 0.0, 0.0, -0.0]","[0.0, 0.0, 0.0, 0.0, 0.0, 0.0, -0.0]",8090.0,84836.0,6.0,88016.0,0.0,0.0,6.0,6.0,True,144.0,0.0,True,0.0,True,True,,36.0,36.0,"[0.0, 0.0, 0.0, 0.0, 0.0, 0.0, -0.0]",8062.0,2.0,0.9999232481387672,2.0,2.0,2.0,6,144.0,36.0,,,False,1.0
1072,2020-12-17 19:37:33,32091,86207.0,False,0.0,4.0,6.0,216.11115,-15.15033,0.0,False,1.0,1.0,2.0,"{'bias': 0.0, 'name': 'WET'}",Android,331.0,10.0008545,7.0,False,False,0.0,0.0,0.0,0.0,0.0,False,False,"[0.0, 0.0, 0.0, 0.0, 0.0, 0.0, -0.0]","[0.0, 0.0, 0.0, 0.0, 0.0, 0.0, -0.0]",8090.0,84836.0,6.0,88016.0,0.0,0.0,6.0,6.0,True,144.0,0.0,True,0.0,True,True,,36.0,36.0,"[0.0, 0.0, 0.0, 0.0, 0.0, 0.0, -0.0]",8062.0,2.0,0.9999232481387672,2.0,2.0,2.0,6,144.0,36.0,,,False,1.0
1072,2020-12-17 19:37:33,32091,86927.0,False,0.0,4.0,6.0,226.66669,-21.817688,0.0,False,1.0,1.0,2.0,"{'bias': 0.0, 'name': 'WET'}",Android,720.0,-17.2229,7.0,False,False,0.0,0.0,0.0,0.0,0.0,False,False,"[0.0, 0.0, 0.0, 0.0, 0.0, 0.0, -0.0]","[0.0, 0.0, 0.0, 0.0, 0.0, 0.0, -0.0]",8090.0,84836.0,6.0,88016.0,0.0,0.0,6.0,6.0,True,144.0,0.0,True,0.0,True,True,,36.0,36.0,"[0.0, 0.0, 0.0, 0.0, 0.0, 0.0, -0.0]",8062.0,2.0,0.9999232481387672,2.0,2.0,2.0,6,144.0,36.0,,,False,1.0
1072,2020-12-17 19:37:33,32091,87729.0,False,0.0,4.0,6.0,-69.999985,11.519226,0.0,True,1.0,1.0,2.0,"{'bias': 0.0, 'name': 'WET'}",Android,802.0,330.0036,7.0,False,True,0.0,0.0,0.0,-0.0,-0.0,True,False,"[0.0, 0.0, 0.0, 0.0, 0.0, 0.0, -0.0]","[0.0, 0.0, 0.0, 0.0, 0.0, 0.0, -0.0]",8090.0,84836.0,6.0,88016.0,0.0,0.0,6.0,6.0,True,144.0,0.0,True,0.0,True,True,,36.0,36.0,"[0.0, 0.0, 0.0, 0.0, 0.0, 0.0, -0.0]",8062.0,2.0,0.9999232481387672,2.0,2.0,2.0,6,144.0,36.0,,,False,1.0
1201,2021-04-30 21:09:23,4860,6641.0,False,1.0,5.0,1.0,-27.200012,206.79999,0.0,True,6.0,1.0,2.09,"{'bias': 60.0, 'name': 'WEST'}",iOS,-163470.0,-32.799973,7.0,True,False,1.0,5.0,4.0,-5.0,-4.0,False,False,"[-4.0, -3.0, 2.0, 1.0, 0.0, 5.0, 4.0]","[-4.0, -3.0, 2.0, 1.0, 0.0, 5.0, 4.0]",1.0,6641.0,2.0,10874.0,1.0,0.0,7.0,2.0,False,0.0,2.0,False,,False,False,-1.0,0.0,,,1.0,112.0,0.3794228260035306,3.0,other,first,1,0.0,0.0,,,False,1.0
1201,2021-04-30 21:09:23,4860,7258.0,False,1.0,5.0,1.0,-132.00002,59.599976,0.0,True,5.0,1.0,2.09,"{'bias': 60.0, 'name': 'WEST'}",iOS,617.0,-42.40001,7.0,False,False,1.0,4.0,3.0,-4.0,-3.0,False,False,"[-4.0, -3.0, 2.0, 1.0, 0.0, 5.0, 4.0]","[-4.0, -3.0, 2.0, 1.0, 0.0, 5.0, 4.0]",1.0,6641.0,2.0,10874.0,1.0,0.0,7.0,2.0,False,0.0,2.0,False,,False,False,-1.0,0.0,0.0,,1.0,112.0,0.3794228260035306,3.0,other,3.0,1,0.0,0.0,,,False,1.0
1201,2021-04-30 21:09:23,4860,7958.0,False,1.0,5.0,1.0,-133.6,10.799988,0.0,False,4.0,1.0,2.09,"{'bias': 60.0, 'name': 'WEST'}",iOS,700.0,-47.199997,7.0,False,False,1.0,3.0,2.0,3.0,2.0,False,False,"[-4.0, -3.0, 2.0, 1.0, 0.0, 5.0, 4.0]","[-4.0, -3.0, 2.0, 1.0, 0.0, 5.0, 4.0]",1.0,6641.0,2.0,10874.0,1.0,0.0,7.0,2.0,False,0.0,2.0,False,,False,False,-1.0,0.0,0.0,,1.0,112.0,0.3794228260035306,3.0,other,3.0,1,0.0,0.0,,,False,1.0
1201,2021-04-30 21:09:23,4860,8541.0,False,1.0,5.0,1.0,-51.200012,-88.400024,0.0,False,3.0,1.0,2.09,"{'bias': 60.0, 'name': 'WEST'}",iOS,583.0,-181.6,7.0,False,False,1.0,2.0,1.0,2.0,1.0,False,False,"[-4.0, -3.0, 2.0, 1.0, 0.0, 5.0, 4.0]","[-4.0, -3.0, 2.0, 1.0, 0.0, 5.0, 4.0]",1.0,6641.0,2.0,10874.0,1.0,0.0,7.0,2.0,False,0.0,2.0,False,,False,False,-1.0,0.0,0.0,,1.0,112.0,0.3794228260035306,3.0,other,3.0,1,0.0,0.0,,,False,1.0
1201,2021-04-30 21:09:23,4860,9441.0,False,1.0,5.0,1.0,83.19998,-153.20001,0.0,False,2.0,1.0,2.09,"{'bias': 60.0, 'name': 'WEST'}",iOS,900.0,-199.19998,7.0,False,False,1.0,1.0,0.0,1.0,0.0,False,False,"[-4.0, -3.0, 2.0, 1.0, 0.0, 5.0, 4.0]","[-4.0, -3.0, 2.0, 1.0, 0.0, 5.0, 4.0]",1.0,6641.0,2.0,10874.0,1.0,0.0,7.0,2.0,False,0.0,2.0,False,,False,False,-1.0,0.0,0.0,,1.0,112.0,0.3794228260035306,3.0,other,3.0,1,0.0,0.0,,,False,1.0
1201,2021-04-30 21:09:23,4860,10141.0,False,1.0,5.0,1.0,175.19998,33.19995,0.0,False,1.0,1.0,2.09,"{'bias': 60.0, 'name': 'WEST'}",iOS,700.0,94.39996,7.0,False,False,1.0,0.0,5.0,0.0,5.0,False,False,"[-4.0, -3.0, 2.0, 1.0, 0.0, 5.0, 4.0]","[-4.0, -3.0, 2.0, 1.0, 0.0, 5.0, 4.0]",1.0,6641.0,2.0,10874.0,1.0,0.0,7.0,2.0,False,0.0,2.0,False,,False,False,-1.0,0.0,0.0,,1.0,112.0,0.3794228260035306,3.0,other,3.0,1,0.0,0.0,,,False,1.0
1201,2021-04-30 21:09:23,4860,10591.0,False,1.0,5.0,1.0,55.19998,153.19995,0.0,False,6.0,1.0,2.09,"{'bias': 60.0, 'name': 'WEST'}",iOS,450.0,240.0,7.0,False,True,1.0,5.0,4.0,5.0,4.0,False,False,"[-4.0, -3.0, 2.0, 1.0, 0.0, 5.0, 4.0]","[-4.0, -3.0, 2.0, 1.0, 0.0, 5.0, 4.0]",1.0,6641.0,2.0,10874.0,1.0,0.0,7.0,2.0,False,0.0,2.0,False,,False,False,-1.0,0.0,0.0,,1.0,112.0,0.3794228260035306,3.0,other,3.0,1,0.0,0.0,,,False,1.0
1201,2021-04-30 21:09:23,4860,13526.0,True,2.0,2.0,2.0,-80.80002,181.99994,0.0,False,5.0,1.0,2.09,"{'bias': 60.0, 'name': 'WEST'}",iOS,2935.0,164.79999,7.0,True,False,4.0,4.0,0.0,4.0,0.0,False,False,"[0.0, 5.0, 0.0, 5.0, 0.0, 5.0, 0.0]","[0.0, 5.0, 0.0, 5.0, 0.0, 5.0, 0.0]",23.0,13526.0,2.0,17157.0,4.0,0.0,7.0,2.0,True,0.0,2.0,False,,False,False,-1.0,0.0,,"[-4.0, -3.0, 2.0, 1.0, 0.0, 5.0, 4.0]",23.0,90.0,0.9859160334638116,112.0,other,other,2,0.0,0.0,,,False,1.0
1201,2021-04-30 21:09:23,4860,14241.0,True,2.0,2.0,2.0,-188.0,11.599976,0.0,False,4.0,1.0,2.09,"{'bias': 60.0, 'name': 'WEST'}",iOS,715.0,-63.19998,7.0,False,False,4.0,3.0,5.0,3.0,5.0,False,False,"[0.0, 5.0, 0.0, 5.0, 0.0, 5.0, 0.0]","[0.0, 5.0, 0.0, 5.0, 0.0, 5.0, 0.0]",23.0,13526.0,2.0,17157.0,4.0,0.0,7.0,2.0,True,0.0,2.0,False,,False,False,-1.0,0.0,0.0,"[-4.0, -3.0, 2.0, 1.0, 0.0, 5.0, 4.0]",23.0,90.0,0.9859160334638116,112.0,other,other,2,0.0,0.0,,,False,1.0
1201,2021-04-30 21:09:23,4860,14757.0,True,2.0,2.0,2.0,-116.000015,141.19995,0.0,False,5.0,1.0,2.09,"{'bias': 60.0, 'name': 'WEST'}",iOS,516.0,57.59999,7.0,False,False,4.0,4.0,0.0,4.0,0.0,False,False,"[0.0, 5.0, 0.0, 5.0, 0.0, 5.0, 0.0]","[0.0, 5.0, 0.0, 5.0, 0.0, 5.0, 0.0]",23.0,13526.0,2.0,17157.0,4.0,0.0,7.0,2.0,True,0.0,2.0,False,,False,False,-1.0,0.0,0.0,"[-4.0, -3.0, 2.0, 1.0, 0.0, 5.0, 4.0]",23.0,90.0,0.9859160334638116,112.0,other,other,2,0.0,0.0,,,False,1.0
1201,2021-04-30 21:09:23,4860,15290.0,True,2.0,2.0,2.0,-170.40001,46.0,0.0,False,4.0,1.0,2.09,"{'bias': 60.0, 'name': 'WEST'}",iOS,533.0,-40.799957,7.0,False,False,4.0,3.0,5.0,3.0,5.0,False,False,"[0.0, 5.0, 0.0, 5.0, 0.0, 5.0, 0.0]","[0.0, 5.0, 0.0, 5.0, 0.0, 5.0, 0.0]",23.0,13526.0,2.0,17157.0,4.0,0.0,7.0,2.0,True,0.0,2.0,False,,False,False,-1.0,0.0,0.0,"[-4.0, -3.0, 2.0, 1.0, 0.0, 5.0, 4.0]",23.0,90.0,0.9859160334638116,112.0,other,other,2,0.0,0.0,,,False,1.0
1201,2021-04-30 21:09:23,4860,15575.0,True,2.0,2.0,2.0,-93.600006,190.79999,0.0,False,5.0,1.0,2.09,"{'bias': 60.0, 'name': 'WEST'}",iOS,285.0,67.999985,7.0,False,False,4.0,4.0,0.0,4.0,0.0,False,False,"[0.0, 5.0, 0.0, 5.0, 0.0, 5.0, 0.0]","[0.0, 5.0, 0.0, 5.0, 0.0, 5.0, 0.0]",23.0,13526.0,2.0,17157.0,4.0,0.0,7.0,2.0,True,0.0,2.0,False,,False,False,-1.0,0.0,0.0,"[-4.0, -3.0, 2.0, 1.0, 0.0, 5.0, 4.0]",23.0,90.0,0.9859160334638116,112.0,other,other,2,0.0,0.0,,,False,1.0
1201,2021-04-30 21:09:23,4860,15857.0,True,2.0,2.0,2.0,-173.6,46.799988,0.0,False,4.0,1.0,2.09,"{'bias': 60.0, 'name': 'WEST'}",iOS,282.0,-64.0,7.0,False,False,4.0,3.0,5.0,3.0,5.0,False,False,"[0.0, 5.0, 0.0, 5.0, 0.0, 5.0, 0.0]","[0.0, 5.0, 0.0, 5.0, 0.0, 5.0, 0.0]",23.0,13526.0,2.0,17157.0,4.0,0.0,7.0,2.0,True,0.0,2.0,False,,False,False,-1.0,0.0,0.0,"[-4.0, -3.0, 2.0, 1.0, 0.0, 5.0, 4.0]",23.0,90.0,0.9859160334638116,112.0,other,other,2,0.0,0.0,,,False,1.0
1201,2021-04-30 21:09:23,4860,16873.0,True,2.0,2.0,2.0,-142.40001,203.59998,0.0,False,5.0,1.0,2.09,"{'bias': 60.0, 'name': 'WEST'}",iOS,1016.0,125.59999,7.0,False,True,4.0,4.0,0.0,4.0,0.0,False,False,"[0.0, 5.0, 0.0, 5.0, 0.0, 5.0, 0.0]","[0.0, 5.0, 0.0, 5.0, 0.0, 5.0, 0.0]",23.0,13526.0,2.0,17157.0,4.0,0.0,7.0,2.0,True,0.0,2.0,False,,False,False,-1.0,0.0,0.0,"[-4.0, -3.0, 2.0, 1.0, 0.0, 5.0, 4.0]",23.0,90.0,0.9859160334638116,112.0,other,other,2,0.0,0.0,,,False,1.0
1201,2020-12-18 11:23:32,61202,69365.0,False,3.0,3.0,1.0,65.599976,-574.0,0.0,True,0.0,1.0,2.0,"{'bias': 0.0, 'name': 'WET'}",iOS,-17221.0,-684.42645,1.0,True,False,3.0,-1.0,2.0,1.0,-2.0,False,False,"[-2.0, -2.0, -2.0, 2.0, -2.0, -2.0, -0.0]","[-2.0, -2.0, -2.0, 2.0, -2.0, -2.0, -0.0]",1.0,69365.0,3.0,79830.0,3.0,0.0,1.0,3.0,False,2.0,0.0,False,,False,False,,1.0,,,1.0,112.0,0.3794228260035306,112.0,other,first,3,1.0,1.0,,,False,1.0
1201,2020-12-18 11:23:32,61202,70280.0,False,3.0,3.0,1.0,-37.600006,-546.0,0.0,True,0.0,1.0,2.0,"{'bias': 0.0, 'name': 'WET'}",iOS,915.0,131.19998,1.0,False,False,3.0,-1.0,2.0,1.0,-2.0,False,False,"[-2.0, -2.0, -2.0, 2.0, -2.0, -2.0, -0.0]","[-2.0, -2.0, -2.0, 2.0, -2.0, -2.0, -0.0]",1.0,69365.0,3.0,79830.0,3.0,0.0,1.0,3.0,False,2.0,0.0,False,,False,False,,1.0,1.0,,1.0,112.0,0.3794228260035306,112.0,other,other,3,1.0,1.0,,,False,1.0
1201,2020-12-18 11:23:32,61202,70664.0,False,3.0,3.0,1.0,-50.40001,-536.4,0.0,True,0.0,1.0,2.0,"{'bias': 0.0, 'name': 'WET'}",iOS,384.0,22.399979,1.0,False,False,3.0,-1.0,2.0,1.0,-2.0,False,False,"[-2.0, -2.0, -2.0, 2.0, -2.0, -2.0, -0.0]","[-2.0, -2.0, -2.0, 2.0, -2.0, -2.0, -0.0]",1.0,69365.0,3.0,79830.0,3.0,0.0,1.0,3.0,False,2.0,0.0,False,,False,False,,1.0,1.0,,1.0,112.0,0.3794228260035306,112.0,other,other,3,1.0,1.0,,,False,1.0
1201,2020-12-18 11:23:32,61202,71316.0,False,3.0,3.0,1.0,-70.40001,-560.4,0.0,False,0.0,1.0,2.0,"{'bias': 0.0, 'name': 'WET'}",iOS,652.0,-4.0,1.0,False,False,3.0,-1.0,2.0,-1.0,2.0,False,False,"[-2.0, -2.0, -2.0, 2.0, -2.0, -2.0, -0.0]","[-2.0, -2.0, -2.0, 2.0, -2.0, -2.0, -0.0]",1.0,69365.0,3.0,79830.0,3.0,0.0,1.0,3.0,False,2.0,0.0,False,,False,False,,1.0,1.0,,1.0,112.0,0.3794228260035306,112.0,other,other,3,1.0,1.0,,,False,1.0
1201,2020-12-18 11:23:32,61202,75148.0,False,3.0,3.0,1.0,7.999969,-403.60004,0.0,True,0.0,1.0,2.0,"{'bias': 0.0, 'name': 'WET'}",iOS,3832.0,78.40001,1.0,False,False,3.0,-1.0,2.0,1.0,-2.0,False,False,"[-2.0, -2.0, -2.0, 2.0, -2.0, -2.0, -0.0]","[-2.0, -2.0, -2.0, 2.0, -2.0, -2.0, -0.0]",1.0,69365.0,3.0,79830.0,3.0,0.0,1.0,3.0,False,2.0,0.0,False,,False,False,,1.0,1.0,,1.0,112.0,0.3794228260035306,112.0,other,other,3,1.0,1.0,,,False,1.0
1201,2020-12-18 11:23:32,61202,75463.0,False,3.0,3.0,1.0,-52.80002,-392.40002,0.0,True,0.0,1.0,2.0,"{'bias': 0.0, 'name': 'WET'}",iOS,315.0,72.0,1.0,False,False,3.0,-1.0,2.0,1.0,-2.0,False,False,"[-2.0, -2.0, -2.0, 2.0, -2.0, -2.0, -0.0]","[-2.0, -2.0, -2.0, 2.0, -2.0, -2.0, -0.0]",1.0,69365.0,3.0,79830.0,3.0,0.0,1.0,3.0,False,2.0,0.0,False,,False,False,,1.0,1.0,,1.0,112.0,0.3794228260035306,112.0,other,other,3,1.0,1.0,,,False,1.0
1201,2020-12-18 11:23:32,61202,79247.0,False,3.0,3.0,1.0,-80.000015,15.599976,0.0,True,4.0,1.0,2.0,"{'bias': 0.0, 'name': 'WET'}",iOS,3784.0,435.2,1.0,False,True,3.0,3.0,0.0,-3.0,-0.0,True,False,"[-2.0, -2.0, -2.0, 2.0, -2.0, -2.0, -0.0]","[-2.0, -2.0, -2.0, 2.0, -2.0, -2.0, -0.0]",1.0,69365.0,3.0,79830.0,3.0,0.0,1.0,3.0,False,2.0,0.0,False,,False,False,,1.0,1.0,,1.0,112.0,0.3794228260035306,112.0,other,other,3,1.0,1.0,,,False,1.0
1201,2020-12-18 11:23:32,61202,83348.0,True,1.0,0.0,2.0,-39.200012,-8.400024,0.0,True,6.0,1.0,2.0,"{'bias': 0.0, 'name': 'WET'}",iOS,4101.0,-64.8,1.0,True,True,5.0,5.0,0.0,-5.0,-0.0,True,False,[-0.0],[-0.0],10219.0,83348.0,3.0,83930.0,5.0,0.0,1.0,3.0,False,2.0,0.0,False,,False,False,,1.0,,"[-2.0, -2.0, -2.0, 2.0, -2.0, -2.0, -0.0]",10192.0,1.0,1.0,112.0,1.0,other,4,2.0,1.0,,,False,1.0
1201,2020-12-18 11:23:32,61202,90997.0,False,0.0,5.0,3.0,58.399963,-164.40002,0.0,False,2.0,1.0,2.0,"{'bias': 0.0, 'name': 'WET'}",iOS,7649.0,-253.59998,8.0,True,False,0.0,1.0,1.0,1.0,1.0,False,False,"[1.0, -1.0, -1.0, -5.0, 0.0, 5.0, 4.0, 3.0]","[1.0, -1.0, -1.0, -5.0, 0.0, 5.0, 4.0, 3.0]",1.0,90997.0,3.0,105479.0,0.0,0.0,7.0,3.0,True,2.0,0.0,False,,False,False,,0.0,,[-0.0],1.0,112.0,0.3794228260035306,1.0,other,1.0,5,2.0,0.0,,,False,1.0
1201,2020-12-18 11:23:32,61202,97381.0,False,0.0,5.0,3.0,-20.800018,44.399963,0.0,True,2.0,1.0,2.0,"{'bias': 0.0, 'name': 'WET'}",iOS,6384.0,287.99997,8.0,False,False,0.0,1.0,1.0,-1.0,-1.0,False,False,"[1.0, -1.0, -1.0, -5.0, 0.0, 5.0, 4.0, 3.0]","[1.0, -1.0, -1.0, -5.0, 0.0, 5.0, 4.0, 3.0]",1.0,90997.0,3.0,105479.0,0.0,0.0,7.0,3.0,True,2.0,0.0,False,,False,False,,0.0,0.0,[-0.0],1.0,112.0,0.3794228260035306,1.0,other,1.0,5,2.0,0.0,,,False,1.0
1201,2020-12-18 11:23:32,61202,98163.0,False,0.0,5.0,3.0,-39.200012,58.0,0.0,True,2.0,1.0,2.0,"{'bias': 0.0, 'name': 'WET'}",iOS,782.0,32.00003,8.0,False,False,0.0,1.0,1.0,-1.0,-1.0,False,False,"[1.0, -1.0, -1.0, -5.0, 0.0, 5.0, 4.0, 3.0]","[1.0, -1.0, -1.0, -5.0, 0.0, 5.0, 4.0, 3.0]",1.0,90997.0,3.0,105479.0,0.0,0.0,7.0,3.0,True,2.0,0.0,False,,False,False,,0.0,0.0,[-0.0],1.0,112.0,0.3794228260035306,1.0,other,1.0,5,2.0,0.0,,,False,1.0
1201,2020-12-18 11:23:32,61202,98796.0,False,0.0,5.0,3.0,-92.80002,0.399963,0.0,True,6.0,1.0,2.0,"{'bias': 0.0, 'name': 'WET'}",iOS,633.0,-4.0000305,8.0,False,False,0.0,5.0,5.0,-5.0,-5.0,False,False,"[1.0, -1.0, -1.0, -5.0, 0.0, 5.0, 4.0, 3.0]","[1.0, -1.0, -1.0, -5.0, 0.0, 5.0, 4.0, 3.0]",1.0,90997.0,3.0,105479.0,0.0,0.0,7.0,3.0,True,2.0,0.0,False,,False,False,,0.0,0.0,[-0.0],1.0,112.0,0.3794228260035306,1.0,other,1.0,5,2.0,0.0,,,False,1.0
1201,2020-12-18 11:23:32,61202,101247.0,False,0.0,5.0,3.0,67.99997,4.399963,0.0,False,1.0,1.0,2.0,"{'bias': 0.0, 'name': 'WET'}",iOS,2451.0,-156.79999,8.0,False,False,0.0,0.0,0.0,0.0,0.0,False,False,"[1.0, -1.0, -1.0, -5.0, 0.0, 5.0, 4.0, 3.0]","[1.0, -1.0, -1.0, -5.0, 0.0, 5.0, 4.0, 3.0]",1.0,90997.0,3.0,105479.0,0.0,0.0,7.0,3.0,True,2.0,0.0,False,,False,False,,0.0,0.0,[-0.0],1.0,112.0,0.3794228260035306,1.0,other,1.0,5,2.0,0.0,,,False,1.0
1201,2020-12-18 11:23:32,61202,102798.0,False,0.0,5.0,3.0,31.99997,117.19995,0.0,False,6.0,1.0,2.0,"{'bias': 0.0, 'name': 'WET'}",iOS,1551.0,148.79999,8.0,False,False,0.0,5.0,5.0,5.0,5.0,False,False,"[1.0, -1.0, -1.0, -5.0, 0.0, 5.0, 4.0, 3.0]","[1.0, -1.0, -1.0, -5.0, 0.0, 5.0, 4.0, 3.0]",1.0,90997.0,3.0,105479.0,0.0,0.0,7.0,3.0,True,2.0,0.0,False,,False,False,,0.0,0.0,[-0.0],1.0,112.0,0.3794228260035306,1.0,other,1.0,5,2.0,0.0,,,False,1.0
1201,2020-12-18 11:23:32,61202,103731.0,False,0.0,5.0,3.0,-106.40001,150.79999,0.0,False,5.0,1.0,2.0,"{'bias': 0.0, 'name': 'WET'}",iOS,933.0,172.00002,8.0,False,False,0.0,4.0,4.0,4.0,4.0,False,False,"[1.0, -1.0, -1.0, -5.0, 0.0, 5.0, 4.0, 3.0]","[1.0, -1.0, -1.0, -5.0, 0.0, 5.0, 4.0, 3.0]",1.0,90997.0,3.0,105479.0,0.0,0.0,7.0,3.0,True,2.0,0.0,False,,False,False,,0.0,0.0,[-0.0],1.0,112.0,0.3794228260035306,1.0,other,1.0,5,2.0,0.0,,,False,1.0
1201,2020-12-18 11:23:32,61202,105197.0,False,0.0,5.0,3.0,-193.6,-7.600037,0.0,False,4.0,1.0,2.0,"{'bias': 0.0, 'name': 'WET'}",iOS,1466.0,-71.20003,8.0,False,True,0.0,3.0,3.0,3.0,3.0,False,False,"[1.0, -1.0, -1.0, -5.0, 0.0, 5.0, 4.0, 3.0]","[1.0, -1.0, -1.0, -5.0, 0.0, 5.0, 4.0, 3.0]",1.0,90997.0,3.0,105479.0,0.0,0.0,7.0,3.0,True,2.0,0.0,False,,False,False,,0.0,0.0,[-0.0],1.0,112.0,0.3794228260035306,1.0,other,1.0,5,2.0,0.0,,,False,1.0
1201,2020-12-18 11:24:38,127499,133812.0,False,3.0,5.0,1.0,-154.40001,-6.800049,0.0,False,4.0,1.0,2.0,"{'bias': 0.0, 'name': 'WET'}",iOS,28615.0,-38.40001,2.0,True,False,3.0,3.0,0.0,3.0,0.0,False,False,"[0.0, -0.0]","[0.0, -0.0]",2658.0,133812.0,3.0,137761.0,3.0,0.0,1.0,3.0,False,1.0,1.0,False,,False,False,-1.0,1.0,,,2650.0,4.0,0.999769744416302,112.0,4.0,first,6,3.0,1.0,,,False,1.0
1201,2020-12-18 11:24:38,127499,137479.0,False,3.0,5.0,1.0,-178.40001,11.599976,0.0,True,4.0,1.0,2.0,"{'bias': 0.0, 'name': 'WET'}",iOS,3667.0,42.400024,2.0,False,True,3.0,3.0,0.0,-3.0,-0.0,True,False,"[0.0, -0.0]","[0.0, -0.0]",2658.0,133812.0,3.0,137761.0,3.0,0.0,1.0,3.0,False,1.0,1.0,False,,False,False,-1.0,1.0,1.0,,2650.0,4.0,0.999769744416302,112.0,4.0,other,6,3.0,1.0,,,False,1.0
1201,2020-12-18 11:24:38,127499,142412.0,True,2.0,2.0,2.0,-179.20001,-20.400024,0.0,False,4.0,1.0,2.0,"{'bias': 0.0, 'name': 'WET'}",iOS,4933.0,-31.199997,7.0,True,False,4.0,3.0,5.0,3.0,5.0,False,False,"[5.0, 5.0, 5.0, 5.0, 5.0, 5.0, 5.0]","[5.0, 5.0, 5.0, 5.0, 5.0, 5.0, 5.0]",72.0,142412.0,3.0,151078.0,4.0,0.0,7.0,3.0,False,1.0,1.0,False,,False,False,-1.0,0.0,,"[0.0, -0.0]",72.0,48.0,0.996008903215903,4.0,other,4.0,7,3.0,0.0,0.0,3.0,False,1.0
1201,2020-12-18 11:24:38,127499,144344.0,True,2.0,2.0,2.0,-176.80002,3.599976,0.0,False,4.0,1.0,2.0,"{'bias': 0.0, 'name': 'WET'}",iOS,1932.0,21.600006,7.0,False,False,4.0,3.0,5.0,3.0,5.0,False,False,"[5.0, 5.0, 5.0, 5.0, 5.0, 5.0, 5.0]","[5.0, 5.0, 5.0, 5.0, 5.0, 5.0, 5.0]",72.0,142412.0,3.0,151078.0,4.0,0.0,7.0,3.0,False,1.0,1.0,False,,False,False,-1.0,0.0,0.0,"[0.0, -0.0]",72.0,48.0,0.996008903215903,4.0,other,4.0,7,3.0,0.0,0.0,3.0,False,1.0
1201,2020-12-18 11:24:38,127499,145747.0,True,2.0,2.0,2.0,-178.40001,-2.0,0.0,False,4.0,1.0,2.0,"{'bias': 0.0, 'name': 'WET'}",iOS,1403.0,-3.9999852,7.0,False,False,4.0,3.0,5.0,3.0,5.0,False,False,"[5.0, 5.0, 5.0, 5.0, 5.0, 5.0, 5.0]","[5.0, 5.0, 5.0, 5.0, 5.0, 5.0, 5.0]",72.0,142412.0,3.0,151078.0,4.0,0.0,7.0,3.0,False,1.0,1.0,False,,False,False,-1.0,0.0,0.0,"[0.0, -0.0]",72.0,48.0,0.996008903215903,4.0,other,4.0,7,3.0,0.0,0.0,3.0,False,1.0
1201,2020-12-18 11:24:38,127499,146729.0,True,2.0,2.0,2.0,-200.8,2.799988,0.0,False,4.0,1.0,2.0,"{'bias': 0.0, 'name': 'WET'}",iOS,982.0,27.199982,7.0,False,False,4.0,3.0,5.0,3.0,5.0,False,False,"[5.0, 5.0, 5.0, 5.0, 5.0, 5.0, 5.0]","[5.0, 5.0, 5.0, 5.0, 5.0, 5.0, 5.0]",72.0,142412.0,3.0,151078.0,4.0,0.0,7.0,3.0,False,1.0,1.0,False,,False,False,-1.0,0.0,0.0,"[0.0, -0.0]",72.0,48.0,0.996008903215903,4.0,other,4.0,7,3.0,0.0,0.0,3.0,False,1.0
1201,2020-12-18 11:24:38,127499,147663.0,True,2.0,2.0,2.0,-204.8,-0.400024,0.0,False,4.0,1.0,2.0,"{'bias': 0.0, 'name': 'WET'}",iOS,934.0,0.79998803,7.0,False,False,4.0,3.0,5.0,3.0,5.0,False,False,"[5.0, 5.0, 5.0, 5.0, 5.0, 5.0, 5.0]","[5.0, 5.0, 5.0, 5.0, 5.0, 5.0, 5.0]",72.0,142412.0,3.0,151078.0,4.0,0.0,7.0,3.0,False,1.0,1.0,False,,False,False,-1.0,0.0,0.0,"[0.0, -0.0]",72.0,48.0,0.996008903215903,4.0,other,4.0,7,3.0,0.0,0.0,3.0,False,1.0
1201,2020-12-18 11:24:38,127499,148597.0,True,2.0,2.0,2.0,-213.6,-10.800049,0.0,False,4.0,1.0,2.0,"{'bias': 0.0, 'name': 'WET'}",iOS,934.0,-1.6000214,7.0,False,False,4.0,3.0,5.0,3.0,5.0,False,False,"[5.0, 5.0, 5.0, 5.0, 5.0, 5.0, 5.0]","[5.0, 5.0, 5.0, 5.0, 5.0, 5.0, 5.0]",72.0,142412.0,3.0,151078.0,4.0,0.0,7.0,3.0,False,1.0,1.0,False,,False,False,-1.0,0.0,0.0,"[0.0, -0.0]",72.0,48.0,0.996008903215903,4.0,other,4.0,7,3.0,0.0,0.0,3.0,False,1.0
1201,2020-12-18 11:24:38,127499,150797.0,True,2.0,2.0,2.0,-187.20001,6.799988,0.0,False,4.0,1.0,2.0,"{'bias': 0.0, 'name': 'WET'}",iOS,2200.0,-8.799957,7.0,False,True,4.0,3.0,5.0,3.0,5.0,False,False,"[5.0, 5.0, 5.0, 5.0, 5.0, 5.0, 5.0]","[5.0, 5.0, 5.0, 5.0, 5.0, 5.0, 5.0]",72.0,142412.0,3.0,151078.0,4.0,0.0,7.0,3.0,False,1.0,1.0,False,,False,False,-1.0,0.0,0.0,"[0.0, -0.0]",72.0,48.0,0.996008903215903,4.0,other,4.0,7,3.0,0.0,0.0,3.0,False,1.0
1201,2020-12-18 11:24:38,127499,158610.0,True,2.0,3.0,3.0,-80.80002,124.39996,0.0,False,5.0,1.0,2.0,"{'bias': 0.0, 'name': 'WET'}",iOS,7813.0,11.199982,7.0,True,False,4.0,4.0,0.0,4.0,0.0,False,False,"[0.0, 0.0, 0.0, 0.0, 0.0, 0.0, 0.0]","[0.0, 0.0, 0.0, 0.0, 0.0, 0.0, 0.0]",3209.0,158610.0,3.0,170394.0,4.0,0.0,7.0,3.0,True,1.0,1.0,False,,False,False,-1.0,0.0,,"[5.0, 5.0, 5.0, 5.0, 5.0, 5.0, 5.0]",3204.0,3.0,0.9998464962775347,48.0,3.0,other,8,3.0,0.0,0.0,3.0,False,1.0
1201,2020-12-18 11:24:38,127499,164545.0,True,2.0,3.0,3.0,-102.40001,145.99994,0.0,False,5.0,1.0,2.0,"{'bias': 0.0, 'name': 'WET'}",iOS,5935.0,43.199966,7.0,False,False,4.0,4.0,0.0,4.0,0.0,False,False,"[0.0, 0.0, 0.0, 0.0, 0.0, 0.0, 0.0]","[0.0, 0.0, 0.0, 0.0, 0.0, 0.0, 0.0]",3209.0,158610.0,3.0,170394.0,4.0,0.0,7.0,3.0,True,1.0,1.0,False,,False,False,-1.0,0.0,0.0,"[5.0, 5.0, 5.0, 5.0, 5.0, 5.0, 5.0]",3204.0,3.0,0.9998464962775347,48.0,3.0,other,8,3.0,0.0,0.0,3.0,False,1.0
1201,2020-12-18 11:24:38,127499,165963.0,True,2.0,3.0,3.0,-84.80002,165.19995,0.0,False,5.0,1.0,2.0,"{'bias': 0.0, 'name': 'WET'}",iOS,1418.0,1.6000214,7.0,False,False,4.0,4.0,0.0,4.0,0.0,False,False,"[0.0, 0.0, 0.0, 0.0, 0.0, 0.0, 0.0]","[0.0, 0.0, 0.0, 0.0, 0.0, 0.0, 0.0]",3209.0,158610.0,3.0,170394.0,4.0,0.0,7.0,3.0,True,1.0,1.0,False,,False,False,-1.0,0.0,0.0,"[5.0, 5.0, 5.0, 5.0, 5.0, 5.0, 5.0]",3204.0,3.0,0.9998464962775347,48.0,3.0,other,8,3.0,0.0,0.0,3.0,False,1.0
1201,2020-12-18 11:24:38,127499,166743.0,True,2.0,3.0,3.0,-110.40001,156.39996,0.0,False,5.0,1.0,2.0,"{'bias': 0.0, 'name': 'WET'}",iOS,780.0,16.800003,7.0,False,False,4.0,4.0,0.0,4.0,0.0,False,False,"[0.0, 0.0, 0.0, 0.0, 0.0, 0.0, 0.0]","[0.0, 0.0, 0.0, 0.0, 0.0, 0.0, 0.0]",3209.0,158610.0,3.0,170394.0,4.0,0.0,7.0,3.0,True,1.0,1.0,False,,False,False,-1.0,0.0,0.0,"[5.0, 5.0, 5.0, 5.0, 5.0, 5.0, 5.0]",3204.0,3.0,0.9998464962775347,48.0,3.0,other,8,3.0,0.0,0.0,3.0,False,1.0
1201,2020-12-18 11:24:38,127499,167528.0,True,2.0,3.0,3.0,-116.000015,161.19995,0.0,False,5.0,1.0,2.0,"{'bias': 0.0, 'name': 'WET'}",iOS,785.0,10.399994,7.0,False,False,4.0,4.0,0.0,4.0,0.0,False,False,"[0.0, 0.0, 0.0, 0.0, 0.0, 0.0, 0.0]","[0.0, 0.0, 0.0, 0.0, 0.0, 0.0, 0.0]",3209.0,158610.0,3.0,170394.0,4.0,0.0,7.0,3.0,True,1.0,1.0,False,,False,False,-1.0,0.0,0.0,"[5.0, 5.0, 5.0, 5.0, 5.0, 5.0, 5.0]",3204.0,3.0,0.9998464962775347,48.0,3.0,other,8,3.0,0.0,0.0,3.0,False,1.0
1201,2020-12-18 11:24:38,127499,168312.0,True,2.0,3.0,3.0,-124.000015,173.99994,0.0,False,5.0,1.0,2.0,"{'bias': 0.0, 'name': 'WET'}",iOS,784.0,20.799988,7.0,False,False,4.0,4.0,0.0,4.0,0.0,False,False,"[0.0, 0.0, 0.0, 0.0, 0.0, 0.0, 0.0]","[0.0, 0.0, 0.0, 0.0, 0.0, 0.0, 0.0]",3209.0,158610.0,3.0,170394.0,4.0,0.0,7.0,3.0,True,1.0,1.0,False,,False,False,-1.0,0.0,0.0,"[5.0, 5.0, 5.0, 5.0, 5.0, 5.0, 5.0]",3204.0,3.0,0.9998464962775347,48.0,3.0,other,8,3.0,0.0,0.0,3.0,False,1.0
1201,2020-12-18 11:24:38,127499,170111.0,True,2.0,3.0,3.0,-134.40001,132.39996,0.0,False,5.0,1.0,2.0,"{'bias': 0.0, 'name': 'WET'}",iOS,1799.0,-31.199982,7.0,False,True,4.0,4.0,0.0,4.0,0.0,False,False,"[0.0, 0.0, 0.0, 0.0, 0.0, 0.0, 0.0]","[0.0, 0.0, 0.0, 0.0, 0.0, 0.0, 0.0]",3209.0,158610.0,3.0,170394.0,4.0,0.0,7.0,3.0,True,1.0,1.0,False,,False,False,-1.0,0.0,0.0,"[5.0, 5.0, 5.0, 5.0, 5.0, 5.0, 5.0]",3204.0,3.0,0.9998464962775347,48.0,3.0,other,8,3.0,0.0,0.0,3.0,False,1.0
1290,2020-12-21 14:04:04,6739,24020.0,False,2.0,3.0,1.0,-137.22221,-194.6142,0.0,False,3.0,1.0,2.0,"{'bias': 0.0, 'name': 'WET'}",Android,-595413.0,159.43953,7.0,True,False,2.0,2.0,0.0,2.0,0.0,False,False,"[0.0, 0.0, 0.0, 0.0, 0.0, 0.0, 0.0]","[0.0, 0.0, 0.0, 0.0, 0.0, 0.0, 0.0]",3209.0,24020.0,3.0,34680.0,2.0,0.0,7.0,3.0,False,0.0,9.0,False,8.0,True,False,-216.0,0.0,,,3204.0,3.0,0.9998464962775347,31.0,3.0,first,1,0.0,0.0,,,False,12.0
1290,2020-12-21 14:04:04,6739,25709.0,False,2.0,3.0,1.0,-24.444427,-37.37494,0.0,False,3.0,1.0,2.0,"{'bias': 0.0, 'name': 'WET'}",Android,1689.0,44.46147,7.0,False,False,2.0,2.0,0.0,2.0,0.0,False,False,"[0.0, 0.0, 0.0, 0.0, 0.0, 0.0, 0.0]","[0.0, 0.0, 0.0, 0.0, 0.0, 0.0, 0.0]",3209.0,24020.0,3.0,34680.0,2.0,0.0,7.0,3.0,False,0.0,9.0,False,8.0,True,False,-216.0,0.0,0.0,,3204.0,3.0,0.9998464962775347,31.0,3.0,other,1,0.0,0.0,,,False,12.0
1290,2020-12-21 14:04:04,6739,28398.0,False,2.0,3.0,1.0,-33.888885,-72.37872,0.0,False,3.0,1.0,2.0,"{'bias': 0.0, 'name': 'WET'}",Android,2689.0,-25.559326,7.0,False,False,2.0,2.0,0.0,2.0,0.0,False,False,"[0.0, 0.0, 0.0, 0.0, 0.0, 0.0, 0.0]","[0.0, 0.0, 0.0, 0.0, 0.0, 0.0, 0.0]",3209.0,24020.0,3.0,34680.0,2.0,0.0,7.0,3.0,False,0.0,9.0,False,8.0,True,False,-216.0,0.0,0.0,,3204.0,3.0,0.9998464962775347,31.0,3.0,other,1,0.0,0.0,,,False,12.0
1290,2020-12-21 14:04:04,6739,30228.0,False,2.0,3.0,1.0,-39.444427,-96.2702,0.0,False,3.0,1.0,2.0,"{'bias': 0.0, 'name': 'WET'}",Android,1830.0,-18.335938,7.0,False,False,2.0,2.0,0.0,2.0,0.0,False,False,"[0.0, 0.0, 0.0, 0.0, 0.0, 0.0, 0.0]","[0.0, 0.0, 0.0, 0.0, 0.0, 0.0, 0.0]",3209.0,24020.0,3.0,34680.0,2.0,0.0,7.0,3.0,False,0.0,9.0,False,8.0,True,False,-216.0,0.0,0.0,,3204.0,3.0,0.9998464962775347,31.0,3.0,other,1,0.0,0.0,,,False,12.0
1290,2020-12-21 14:04:04,6739,31900.0,False,2.0,3.0,1.0,-54.999985,-115.16113,0.0,False,3.0,1.0,2.0,"{'bias': 0.0, 'name': 'WET'}",Android,1672.0,-3.335373,7.0,False,False,2.0,2.0,0.0,2.0,0.0,False,False,"[0.0, 0.0, 0.0, 0.0, 0.0, 0.0, 0.0]","[0.0, 0.0, 0.0, 0.0, 0.0, 0.0, 0.0]",3209.0,24020.0,3.0,34680.0,2.0,0.0,7.0,3.0,False,0.0,9.0,False,8.0,True,False,-216.0,0.0,0.0,,3204.0,3.0,0.9998464962775347,31.0,3.0,other,1,0.0,0.0,,,False,12.0
1290,2020-12-21 14:04:04,6739,32899.0,False,2.0,3.0,1.0,-76.66666,-139.60822,0.0,False,3.0,1.0,2.0,"{'bias': 0.0, 'name': 'WET'}",Android,999.0,-2.7804108,7.0,False,False,2.0,2.0,0.0,2.0,0.0,False,False,"[0.0, 0.0, 0.0, 0.0, 0.0, 0.0, 0.0]","[0.0, 0.0, 0.0, 0.0, 0.0, 0.0, 0.0]",3209.0,24020.0,3.0,34680.0,2.0,0.0,7.0,3.0,False,0.0,9.0,False,8.0,True,False,-216.0,0.0,0.0,,3204.0,3.0,0.9998464962775347,31.0,3.0,other,1,0.0,0.0,,,False,12.0
1290,2020-12-21 14:04:04,6739,34383.0,False,2.0,3.0,1.0,-74.999985,-109.60498,0.0,False,3.0,1.0,2.0,"{'bias': 0.0, 'name': 'WET'}",Android,1484.0,28.336563,7.0,False,True,2.0,2.0,0.0,2.0,0.0,False,False,"[0.0, 0.0, 0.0, 0.0, 0.0, 0.0, 0.0]","[0.0, 0.0, 0.0, 0.0, 0.0, 0.0, 0.0]",3209.0,24020.0,3.0,34680.0,2.0,0.0,7.0,3.0,False,0.0,9.0,False,8.0,True,False,-216.0,0.0,0.0,,3204.0,3.0,0.9998464962775347,31.0,3.0,other,1,0.0,0.0,,,False,12.0
1290,2020-12-21 14:04:04,6739,43649.0,True,5.0,0.0,2.0,97.22223,-224.61746,0.0,False,2.0,1.0,2.0,"{'bias': 0.0, 'name': 'WET'}",Android,9266.0,-287.23468,7.0,True,False,1.0,1.0,0.0,1.0,0.0,False,False,"[0.0, 4.0, 0.0, 1.0, 1.0, 2.0, 3.0, 4.0]","[0.0, 4.0, 0.0, 1.0, 1.0, 2.0, 3.0, 4.0]",1.0,43649.0,3.0,59432.0,1.0,0.0,7.0,3.0,False,0.0,9.0,False,8.0,True,False,-216.0,0.0,,"[0.0, 0.0, 0.0, 0.0, 0.0, 0.0, 0.0]",1.0,112.0,0.3794228260035306,3.0,other,3.0,2,0.0,0.0,,,False,12.0
1290,2020-12-21 14:04:04,6739,47332.0,True,5.0,0.0,2.0,119.44446,-232.39609,0.0,False,0.0,1.0,2.0,"{'bias': 0.0, 'name': 'WET'}",Android,3683.0,-30.000854,7.0,False,False,1.0,-1.0,4.0,-1.0,4.0,False,False,"[0.0, 4.0, 0.0, 1.0, 1.0, 2.0, 3.0, 4.0]","[0.0, 4.0, 0.0, 1.0, 1.0, 2.0, 3.0, 4.0]",1.0,43649.0,3.0,59432.0,1.0,0.0,7.0,3.0,False,0.0,9.0,False,8.0,True,False,-216.0,0.0,0.0,"[0.0, 0.0, 0.0, 0.0, 0.0, 0.0, 0.0]",1.0,112.0,0.3794228260035306,3.0,other,3.0,2,0.0,0.0,,,False,12.0
1290,2020-12-21 14:04:04,6739,48221.0,True,5.0,0.0,2.0,120.00003,-206.83777,0.0,False,2.0,1.0,2.0,"{'bias': 0.0, 'name': 'WET'}",Android,889.0,25.002747,7.0,False,False,1.0,1.0,0.0,1.0,0.0,False,False,"[0.0, 4.0, 0.0, 1.0, 1.0, 2.0, 3.0, 4.0]","[0.0, 4.0, 0.0, 1.0, 1.0, 2.0, 3.0, 4.0]",1.0,43649.0,3.0,59432.0,1.0,0.0,7.0,3.0,False,0.0,9.0,False,8.0,True,False,-216.0,0.0,0.0,"[0.0, 0.0, 0.0, 0.0, 0.0, 0.0, 0.0]",1.0,112.0,0.3794228260035306,3.0,other,3.0,2,0.0,0.0,,,False,12.0
1290,2020-12-21 14:04:04,6739,51129.0,True,5.0,0.0,2.0,-32.2222,-69.045044,0.0,False,3.0,1.0,2.0,"{'bias': 0.0, 'name': 'WET'}",Android,2908.0,290.01495,7.0,False,False,1.0,2.0,1.0,2.0,1.0,False,False,"[0.0, 4.0, 0.0, 1.0, 1.0, 2.0, 3.0, 4.0]","[0.0, 4.0, 0.0, 1.0, 1.0, 2.0, 3.0, 4.0]",1.0,43649.0,3.0,59432.0,1.0,0.0,7.0,3.0,False,0.0,9.0,False,8.0,True,False,-216.0,0.0,0.0,"[0.0, 0.0, 0.0, 0.0, 0.0, 0.0, 0.0]",1.0,112.0,0.3794228260035306,3.0,other,3.0,2,0.0,0.0,,,False,12.0
1290,2020-12-21 14:04:04,6739,52971.0,True,5.0,0.0,2.0,-67.22221,-96.825806,0.0,False,3.0,1.0,2.0,"{'bias': 0.0, 'name': 'WET'}",Android,1842.0,7.2192535,7.0,False,False,1.0,2.0,1.0,2.0,1.0,False,False,"[0.0, 4.0, 0.0, 1.0, 1.0, 2.0, 3.0, 4.0]","[0.0, 4.0, 0.0, 1.0, 1.0, 2.0, 3.0, 4.0]",1.0,43649.0,3.0,59432.0,1.0,0.0,7.0,3.0,False,0.0,9.0,False,8.0,True,False,-216.0,0.0,0.0,"[0.0, 0.0, 0.0, 0.0, 0.0, 0.0, 0.0]",1.0,112.0,0.3794228260035306,3.0,other,3.0,2,0.0,0.0,,,False,12.0
1290,2020-12-21 14:04:04,6739,55621.0,True,5.0,0.0,2.0,-150.55554,-6.81604,0.0,False,4.0,1.0,2.0,"{'bias': 0.0, 'name': 'WET'}",Android,2650.0,173.3431,7.0,False,False,1.0,3.0,2.0,3.0,2.0,False,False,"[0.0, 4.0, 0.0, 1.0, 1.0, 2.0, 3.0, 4.0]","[0.0, 4.0, 0.0, 1.0, 1.0, 2.0, 3.0, 4.0]",1.0,43649.0,3.0,59432.0,1.0,0.0,7.0,3.0,False,0.0,9.0,False,8.0,True,False,-216.0,0.0,0.0,"[0.0, 0.0, 0.0, 0.0, 0.0, 0.0, 0.0]",1.0,112.0,0.3794228260035306,3.0,other,3.0,2,0.0,0.0,,,False,12.0
1290,2020-12-21 14:04:04,6739,57952.0,True,5.0,0.0,2.0,-59.999985,84.30493,0.0,False,5.0,1.0,2.0,"{'bias': 0.0, 'name': 'WET'}",Android,2331.0,0.5654144,7.0,False,False,1.0,4.0,3.0,4.0,3.0,False,False,"[0.0, 4.0, 0.0, 1.0, 1.0, 2.0, 3.0, 4.0]","[0.0, 4.0, 0.0, 1.0, 1.0, 2.0, 3.0, 4.0]",1.0,43649.0,3.0,59432.0,1.0,0.0,7.0,3.0,False,0.0,9.0,False,8.0,True,False,-216.0,0.0,0.0,"[0.0, 0.0, 0.0, 0.0, 0.0, 0.0, 0.0]",1.0,112.0,0.3794228260035306,3.0,other,3.0,2,0.0,0.0,,,False,12.0
1290,2020-12-21 14:04:04,6739,59153.0,True,5.0,0.0,2.0,55.00003,117.64191,0.0,False,6.0,1.0,2.0,"{'bias': 0.0, 'name': 'WET'}",Android,1201.0,-81.66304,7.0,False,True,1.0,5.0,4.0,5.0,4.0,False,False,"[0.0, 4.0, 0.0, 1.0, 1.0, 2.0, 3.0, 4.0]","[0.0, 4.0, 0.0, 1.0, 1.0, 2.0, 3.0, 4.0]",1.0,43649.0,3.0,59432.0,1.0,0.0,7.0,3.0,False,0.0,9.0,False,8.0,True,False,-216.0,0.0,0.0,"[0.0, 0.0, 0.0, 0.0, 0.0, 0.0, 0.0]",1.0,112.0,0.3794228260035306,3.0,other,3.0,2,0.0,0.0,,,False,12.0
1290,2020-12-21 14:04:04,6739,66141.0,False,0.0,2.0,3.0,73.33334,89.30548,0.0,False,6.0,1.0,2.0,"{'bias': 0.0, 'name': 'WET'}",Android,6988.0,-46.66974,7.0,True,False,0.0,5.0,5.0,5.0,5.0,False,False,"[5.0, 4.0, 3.0, 2.0, 1.0, 0.0, 0.0]","[5.0, 4.0, 3.0, 2.0, 1.0, 0.0, 0.0]",196.0,66141.0,3.0,75225.0,0.0,0.0,7.0,3.0,True,0.0,9.0,False,8.0,True,False,-216.0,0.0,,"[0.0, 4.0, 0.0, 1.0, 1.0, 2.0, 3.0, 4.0]",196.0,28.0,0.9978509478854862,112.0,other,other,3,0.0,0.0,,,False,12.0
1290,2020-12-21 14:04:04,6739,67695.0,False,0.0,2.0,3.0,-58.33333,113.19696,0.0,False,5.0,1.0,2.0,"{'bias': 0.0, 'name': 'WET'}",Android,1554.0,155.55815,7.0,False,False,0.0,4.0,4.0,4.0,4.0,False,False,"[5.0, 4.0, 3.0, 2.0, 1.0, 0.0, 0.0]","[5.0, 4.0, 3.0, 2.0, 1.0, 0.0, 0.0]",196.0,66141.0,3.0,75225.0,0.0,0.0,7.0,3.0,True,0.0,9.0,False,8.0,True,False,-216.0,0.0,0.0,"[0.0, 4.0, 0.0, 1.0, 1.0, 2.0, 3.0, 4.0]",196.0,28.0,0.9978509478854862,112.0,other,other,3,0.0,0.0,,,False,12.0
1290,2020-12-21 14:04:04,6739,68458.0,False,0.0,2.0,3.0,-156.66666,-37.930542,0.0,False,4.0,1.0,2.0,"{'bias': 0.0, 'name': 'WET'}",Android,763.0,-52.794174,7.0,False,False,0.0,3.0,3.0,3.0,3.0,False,False,"[5.0, 4.0, 3.0, 2.0, 1.0, 0.0, 0.0]","[5.0, 4.0, 3.0, 2.0, 1.0, 0.0, 0.0]",196.0,66141.0,3.0,75225.0,0.0,0.0,7.0,3.0,True,0.0,9.0,False,8.0,True,False,-216.0,0.0,0.0,"[0.0, 4.0, 0.0, 1.0, 1.0, 2.0, 3.0, 4.0]",196.0,28.0,0.9978509478854862,112.0,other,other,3,0.0,0.0,,,False,12.0
1290,2020-12-21 14:04:04,6739,69114.0,False,0.0,2.0,3.0,-28.333313,-149.05371,0.0,False,3.0,1.0,2.0,"{'bias': 0.0, 'name': 'WET'}",Android,656.0,-239.45651,7.0,False,False,0.0,2.0,2.0,2.0,2.0,False,False,"[5.0, 4.0, 3.0, 2.0, 1.0, 0.0, 0.0]","[5.0, 4.0, 3.0, 2.0, 1.0, 0.0, 0.0]",196.0,66141.0,3.0,75225.0,0.0,0.0,7.0,3.0,True,0.0,9.0,False,8.0,True,False,-216.0,0.0,0.0,"[0.0, 4.0, 0.0, 1.0, 1.0, 2.0, 3.0, 4.0]",196.0,28.0,0.9978509478854862,112.0,other,other,3,0.0,0.0,,,False,12.0
1290,2020-12-21 14:04:04,6739,69852.0,False,0.0,2.0,3.0,51.666687,-144.05316,0.0,False,2.0,1.0,2.0,"{'bias': 0.0, 'name': 'WET'}",Android,738.0,-74.99945,7.0,False,False,0.0,1.0,1.0,1.0,1.0,False,False,"[5.0, 4.0, 3.0, 2.0, 1.0, 0.0, 0.0]","[5.0, 4.0, 3.0, 2.0, 1.0, 0.0, 0.0]",196.0,66141.0,3.0,75225.0,0.0,0.0,7.0,3.0,True,0.0,9.0,False,8.0,True,False,-216.0,0.0,0.0,"[0.0, 4.0, 0.0, 1.0, 1.0, 2.0, 3.0, 4.0]",196.0,28.0,0.9978509478854862,112.0,other,other,3,0.0,0.0,,,False,12.0
1290,2020-12-21 14:04:04,6739,72372.0,False,0.0,2.0,3.0,161.11115,-34.0412,0.0,False,1.0,1.0,2.0,"{'bias': 0.0, 'name': 'WET'}",Android,2520.0,0.5675049,7.0,False,False,0.0,0.0,0.0,0.0,0.0,False,False,"[5.0, 4.0, 3.0, 2.0, 1.0, 0.0, 0.0]","[5.0, 4.0, 3.0, 2.0, 1.0, 0.0, 0.0]",196.0,66141.0,3.0,75225.0,0.0,0.0,7.0,3.0,True,0.0,9.0,False,8.0,True,False,-216.0,0.0,0.0,"[0.0, 4.0, 0.0, 1.0, 1.0, 2.0, 3.0, 4.0]",196.0,28.0,0.9978509478854862,112.0,other,other,3,0.0,0.0,,,False,12.0
1290,2020-12-21 14:04:04,6739,74928.0,False,0.0,2.0,3.0,104.44446,-18.484009,0.0,False,1.0,1.0,2.0,"{'bias': 0.0, 'name': 'WET'}",Android,2556.0,72.22388,7.0,False,True,0.0,0.0,0.0,0.0,0.0,False,False,"[5.0, 4.0, 3.0, 2.0, 1.0, 0.0, 0.0]","[5.0, 4.0, 3.0, 2.0, 1.0, 0.0, 0.0]",196.0,66141.0,3.0,75225.0,0.0,0.0,7.0,3.0,True,0.0,9.0,False,8.0,True,False,-216.0,0.0,0.0,"[0.0, 4.0, 0.0, 1.0, 1.0, 2.0, 3.0, 4.0]",196.0,28.0,0.9978509478854862,112.0,other,other,3,0.0,0.0,,,False,12.0
1290,2020-12-18 23:26:31,81649,96219.0,True,2.0,4.0,1.0,-133.33333,189.87195,0.0,False,5.0,1.0,2.0,"{'bias': 0.0, 'name': 'WET'}",Android,-85685.0,386.70532,7.0,True,False,4.0,4.0,0.0,4.0,0.0,False,False,"[0.0, 0.0, 0.0, 0.0, 0.0, 0.0, 0.0]","[0.0, 0.0, 0.0, 0.0, 0.0, 0.0, 0.0]",3209.0,96219.0,3.0,114200.0,4.0,0.0,7.0,3.0,False,0.0,0.0,False,8.0,True,True,,0.0,,,3204.0,3.0,0.9998464962775347,9.0,3.0,first,4,0.0,0.0,,,False,12.0
1290,2020-12-18 23:26:31,81649,101347.0,True,2.0,4.0,1.0,-113.888885,203.76233,0.0,False,5.0,1.0,2.0,"{'bias': 0.0, 'name': 'WET'}",Android,5128.0,-5.554062,7.0,False,False,4.0,4.0,0.0,4.0,0.0,False,False,"[0.0, 0.0, 0.0, 0.0, 0.0, 0.0, 0.0]","[0.0, 0.0, 0.0, 0.0, 0.0, 0.0, 0.0]",3209.0,96219.0,3.0,114200.0,4.0,0.0,7.0,3.0,False,0.0,0.0,False,8.0,True,True,,0.0,0.0,,3204.0,3.0,0.9998464962775347,9.0,3.0,9.0,4,0.0,0.0,,,False,12.0
1290,2020-12-18 23:26:31,81649,105397.0,True,2.0,4.0,1.0,-103.33333,211.54095,0.0,False,5.0,1.0,2.0,"{'bias': 0.0, 'name': 'WET'}",Android,4050.0,-2.7769318,7.0,False,False,4.0,4.0,0.0,4.0,0.0,False,False,"[0.0, 0.0, 0.0, 0.0, 0.0, 0.0, 0.0]","[0.0, 0.0, 0.0, 0.0, 0.0, 0.0, 0.0]",3209.0,96219.0,3.0,114200.0,4.0,0.0,7.0,3.0,False,0.0,0.0,False,8.0,True,True,,0.0,0.0,,3204.0,3.0,0.9998464962775347,9.0,3.0,9.0,4,0.0,0.0,,,False,12.0
1290,2020-12-18 23:26:31,81649,108395.0,True,2.0,4.0,1.0,-100.55554,209.31848,0.0,False,5.0,1.0,2.0,"{'bias': 0.0, 'name': 'WET'}",Android,2998.0,-5.0002594,7.0,False,False,4.0,4.0,0.0,4.0,0.0,False,False,"[0.0, 0.0, 0.0, 0.0, 0.0, 0.0, 0.0]","[0.0, 0.0, 0.0, 0.0, 0.0, 0.0, 0.0]",3209.0,96219.0,3.0,114200.0,4.0,0.0,7.0,3.0,False,0.0,0.0,False,8.0,True,True,,0.0,0.0,,3204.0,3.0,0.9998464962775347,9.0,3.0,9.0,4,0.0,0.0,,,False,12.0
1290,2020-12-18 23:26:31,81649,109891.0,True,2.0,4.0,1.0,-100.55554,214.8747,0.0,False,5.0,1.0,2.0,"{'bias': 0.0, 'name': 'WET'}",Android,1496.0,5.5562134,7.0,False,False,4.0,4.0,0.0,4.0,0.0,False,False,"[0.0, 0.0, 0.0, 0.0, 0.0, 0.0, 0.0]","[0.0, 0.0, 0.0, 0.0, 0.0, 0.0, 0.0]",3209.0,96219.0,3.0,114200.0,4.0,0.0,7.0,3.0,False,0.0,0.0,False,8.0,True,True,,0.0,0.0,,3204.0,3.0,0.9998464962775347,9.0,3.0,9.0,4,0.0,0.0,,,False,12.0
1290,2020-12-18 23:26:31,81649,110898.0,True,2.0,4.0,1.0,-97.22221,207.09607,0.0,False,5.0,1.0,2.0,"{'bias': 0.0, 'name': 'WET'}",Android,1007.0,-11.111954,7.0,False,False,4.0,4.0,0.0,4.0,0.0,False,False,"[0.0, 0.0, 0.0, 0.0, 0.0, 0.0, 0.0]","[0.0, 0.0, 0.0, 0.0, 0.0, 0.0, 0.0]",3209.0,96219.0,3.0,114200.0,4.0,0.0,7.0,3.0,False,0.0,0.0,False,8.0,True,True,,0.0,0.0,,3204.0,3.0,0.9998464962775347,9.0,3.0,9.0,4,0.0,0.0,,,False,12.0
1290,2020-12-18 23:26:31,81649,113928.0,True,2.0,4.0,1.0,-75.55554,152.64569,0.0,False,5.0,1.0,2.0,"{'bias': 0.0, 'name': 'WET'}",Android,3030.0,-76.11705,7.0,False,True,4.0,4.0,0.0,4.0,0.0,False,False,"[0.0, 0.0, 0.0, 0.0, 0.0, 0.0, 0.0]","[0.0, 0.0, 0.0, 0.0, 0.0, 0.0, 0.0]",3209.0,96219.0,3.0,114200.0,4.0,0.0,7.0,3.0,False,0.0,0.0,False,8.0,True,True,,0.0,0.0,,3204.0,3.0,0.9998464962775347,9.0,3.0,9.0,4,0.0,0.0,,,False,12.0
1290,2020-12-18 23:26:31,81649,121966.0,False,3.0,5.0,2.0,-111.66666,195.4281,0.0,False,5.0,1.0,2.0,"{'bias': 0.0, 'name': 'WET'}",Android,8038.0,78.893524,4.0,True,False,3.0,4.0,1.0,4.0,1.0,False,False,"[1.0, 2.0, 5.0, 2.0]","[1.0, 2.0, 5.0, 2.0]",3.0,121966.0,3.0,133957.0,3.0,0.0,7.0,3.0,False,0.0,0.0,False,8.0,True,True,,0.0,,"[0.0, 0.0, 0.0, 0.0, 0.0, 0.0, 0.0]",3.0,110.0,0.8773121498196331,3.0,other,3.0,5,0.0,0.0,,,False,12.0
1290,2020-12-18 23:26:31,81649,123916.0,False,3.0,5.0,2.0,100.00003,198.76184,0.0,False,6.0,1.0,2.0,"{'bias': 0.0, 'name': 'WET'}",Android,1950.0,-208.33295,4.0,False,False,3.0,5.0,2.0,5.0,2.0,False,False,"[1.0, 2.0, 5.0, 2.0]","[1.0, 2.0, 5.0, 2.0]",3.0,121966.0,3.0,133957.0,3.0,0.0,7.0,3.0,False,0.0,0.0,False,8.0,True,True,,0.0,0.0,"[0.0, 0.0, 0.0, 0.0, 0.0, 0.0, 0.0]",3.0,110.0,0.8773121498196331,3.0,other,3.0,5,0.0,0.0,,,False,12.0
1290,2020-12-18 23:26:31,81649,125828.0,False,3.0,5.0,2.0,-107.77777,-200.72598,0.0,False,3.0,1.0,2.0,"{'bias': 0.0, 'name': 'WET'}",Android,1912.0,-191.71002,4.0,False,False,3.0,2.0,5.0,2.0,5.0,False,False,"[1.0, 2.0, 5.0, 2.0]","[1.0, 2.0, 5.0, 2.0]",3.0,121966.0,3.0,133957.0,3.0,0.0,7.0,3.0,False,0.0,0.0,False,8.0,True,True,,0.0,0.0,"[0.0, 0.0, 0.0, 0.0, 0.0, 0.0, 0.0]",3.0,110.0,0.8773121498196331,3.0,other,3.0,5,0.0,0.0,,,False,12.0
1290,2020-12-18 23:26:31,81649,133343.0,False,3.0,5.0,2.0,70.55557,222.09766,0.0,False,6.0,1.0,2.0,"{'bias': 0.0, 'name': 'WET'}",Android,7515.0,244.4903,4.0,False,True,3.0,5.0,2.0,5.0,2.0,False,False,"[1.0, 2.0, 5.0, 2.0]","[1.0, 2.0, 5.0, 2.0]",3.0,121966.0,3.0,133957.0,3.0,0.0,7.0,3.0,False,0.0,0.0,False,8.0,True,True,,0.0,0.0,"[0.0, 0.0, 0.0, 0.0, 0.0, 0.0, 0.0]",3.0,110.0,0.8773121498196331,3.0,other,3.0,5,0.0,0.0,,,False,12.0
1290,2020-12-18 23:26:31,81649,144721.0,False,3.0,1.0,3.0,0.0,8.741211,0.0,False,5.0,1.0,2.0,"{'bias': 0.0, 'name': 'WET'}",Android,11378.0,-142.80087,4.0,True,False,3.0,4.0,1.0,4.0,1.0,False,False,"[1.0, 0.0, 3.0, 1.0]","[1.0, 0.0, 3.0, 1.0]",9.0,144721.0,3.0,153741.0,3.0,0.0,7.0,3.0,True,0.0,0.0,False,8.0,True,True,,0.0,,"[1.0, 2.0, 5.0, 2.0]",9.0,104.0,0.9603960396039604,110.0,other,other,6,0.0,0.0,,,False,12.0
1290,2020-12-18 23:26:31,81649,147404.0,False,3.0,1.0,3.0,-40.0,-4.037964,0.0,False,4.0,1.0,2.0,"{'bias': 0.0, 'name': 'WET'}",Android,2683.0,27.220825,4.0,False,False,3.0,3.0,0.0,3.0,0.0,False,False,"[1.0, 0.0, 3.0, 1.0]","[1.0, 0.0, 3.0, 1.0]",9.0,144721.0,3.0,153741.0,3.0,0.0,7.0,3.0,True,0.0,0.0,False,8.0,True,True,,0.0,0.0,"[1.0, 2.0, 5.0, 2.0]",9.0,104.0,0.9603960396039604,110.0,other,other,6,0.0,0.0,,,False,12.0
1290,2020-12-18 23:26:31,81649,149450.0,False,3.0,1.0,3.0,128.33334,9.296814,0.0,False,1.0,1.0,2.0,"{'bias': 0.0, 'name': 'WET'}",Android,2046.0,-154.99857,4.0,False,False,3.0,0.0,3.0,0.0,3.0,False,False,"[1.0, 0.0, 3.0, 1.0]","[1.0, 0.0, 3.0, 1.0]",9.0,144721.0,3.0,153741.0,3.0,0.0,7.0,3.0,True,0.0,0.0,False,8.0,True,True,,0.0,0.0,"[1.0, 2.0, 5.0, 2.0]",9.0,104.0,0.9603960396039604,110.0,other,other,6,0.0,0.0,,,False,12.0
1290,2020-12-18 23:26:31,81649,153127.0,False,3.0,1.0,3.0,-76.1111,133.19916,0.0,False,5.0,1.0,2.0,"{'bias': 0.0, 'name': 'WET'}",Android,3677.0,328.3468,4.0,False,True,3.0,4.0,1.0,4.0,1.0,False,False,"[1.0, 0.0, 3.0, 1.0]","[1.0, 0.0, 3.0, 1.0]",9.0,144721.0,3.0,153741.0,3.0,0.0,7.0,3.0,True,0.0,0.0,False,8.0,True,True,,0.0,0.0,"[1.0, 2.0, 5.0, 2.0]",9.0,104.0,0.9603960396039604,110.0,other,other,6,0.0,0.0,,,False,12.0
1290,2020-12-21 14:05:22,84796,86291.0,True,1.0,2.0,1.0,150.00003,-9.594116,0.0,False,1.0,1.0,2.0,"{'bias': 0.0, 'name': 'WET'}",Android,11363.0,-36.66568,6.0,True,False,5.0,0.0,1.0,0.0,1.0,False,False,"[1.0, 1.0, 1.0, 1.0, 1.0, -0.0]","[1.0, 1.0, 1.0, 1.0, 1.0, -0.0]",30.0,86291.0,6.0,89390.0,5.0,0.0,6.0,6.0,False,144.0,10.0,True,8.0,True,False,144.0,36.0,,,30.0,83.0,0.9892163634968149,28.0,other,first,7,36.0,36.0,0.0,36.0,False,12.0
1290,2020-12-21 14:05:22,84796,86713.0,True,1.0,2.0,1.0,158.88892,-14.039062,0.0,False,1.0,1.0,2.0,"{'bias': 0.0, 'name': 'WET'}",Android,422.0,-13.333831,6.0,False,False,5.0,0.0,1.0,0.0,1.0,False,False,"[1.0, 1.0, 1.0, 1.0, 1.0, -0.0]","[1.0, 1.0, 1.0, 1.0, 1.0, -0.0]",30.0,86291.0,6.0,89390.0,5.0,0.0,6.0,6.0,False,144.0,10.0,True,8.0,True,False,144.0,36.0,36.0,,30.0,83.0,0.9892163634968149,28.0,other,other,7,36.0,36.0,0.0,36.0,False,12.0
1290,2020-12-21 14:05:22,84796,87145.0,True,1.0,2.0,1.0,161.66669,-12.372192,0.0,False,1.0,1.0,2.0,"{'bias': 0.0, 'name': 'WET'}",Android,432.0,-1.1109018,6.0,False,False,5.0,0.0,1.0,0.0,1.0,False,False,"[1.0, 1.0, 1.0, 1.0, 1.0, -0.0]","[1.0, 1.0, 1.0, 1.0, 1.0, -0.0]",30.0,86291.0,6.0,89390.0,5.0,0.0,6.0,6.0,False,144.0,10.0,True,8.0,True,False,144.0,36.0,36.0,,30.0,83.0,0.9892163634968149,28.0,other,other,7,36.0,36.0,0.0,36.0,False,12.0
1290,2020-12-21 14:05:22,84796,87522.0,True,1.0,2.0,1.0,231.11115,3.185059,0.0,False,1.0,1.0,2.0,"{'bias': 0.0, 'name': 'WET'}",Android,377.0,-53.887207,6.0,False,False,5.0,0.0,1.0,0.0,1.0,False,False,"[1.0, 1.0, 1.0, 1.0, 1.0, -0.0]","[1.0, 1.0, 1.0, 1.0, 1.0, -0.0]",30.0,86291.0,6.0,89390.0,5.0,0.0,6.0,6.0,False,144.0,10.0,True,8.0,True,False,144.0,36.0,36.0,,30.0,83.0,0.9892163634968149,28.0,other,other,7,36.0,36.0,0.0,36.0,False,12.0
1290,2020-12-21 14:05:22,84796,87980.0,True,1.0,2.0,1.0,202.22226,-10.705383,0.0,False,1.0,1.0,2.0,"{'bias': 0.0, 'name': 'WET'}",Android,458.0,14.998444,6.0,False,False,5.0,0.0,1.0,0.0,1.0,False,False,"[1.0, 1.0, 1.0, 1.0, 1.0, -0.0]","[1.0, 1.0, 1.0, 1.0, 1.0, -0.0]",30.0,86291.0,6.0,89390.0,5.0,0.0,6.0,6.0,False,144.0,10.0,True,8.0,True,False,144.0,36.0,36.0,,30.0,83.0,0.9892163634968149,28.0,other,other,7,36.0,36.0,0.0,36.0,False,12.0
1290,2020-12-21 14:05:22,84796,88762.0,True,1.0,2.0,1.0,186.11115,-45.153564,0.0,True,6.0,1.0,2.0,"{'bias': 0.0, 'name': 'WET'}",Android,782.0,-18.337067,6.0,False,True,5.0,5.0,0.0,-5.0,-0.0,True,False,"[1.0, 1.0, 1.0, 1.0, 1.0, -0.0]","[1.0, 1.0, 1.0, 1.0, 1.0, -0.0]",30.0,86291.0,6.0,89390.0,5.0,0.0,6.0,6.0,False,144.0,10.0,True,8.0,True,False,144.0,36.0,36.0,,30.0,83.0,0.9892163634968149,28.0,other,other,7,36.0,36.0,0.0,36.0,False,12.0
1290,2020-12-21 14:05:22,84796,93867.0,False,5.0,4.0,2.0,-63.33333,129.30981,0.0,False,5.0,1.0,2.0,"{'bias': 0.0, 'name': 'WET'}",Android,5105.0,423.90784,6.0,True,False,5.0,4.0,5.0,4.0,5.0,False,False,"[5.0, -4.0, -3.0, -2.0, -1.0, -0.0]","[5.0, -4.0, -3.0, -2.0, -1.0, -0.0]",13.0,93867.0,6.0,97647.0,5.0,0.0,6.0,6.0,False,144.0,10.0,True,8.0,True,False,144.0,36.0,,"[1.0, 1.0, 1.0, 1.0, 1.0, -0.0]",13.0,100.0,0.9732136004298104,83.0,other,other,8,72.0,36.0,0.0,72.0,False,12.0
1290,2020-12-21 14:05:22,84796,94569.0,False,5.0,4.0,2.0,-117.77777,161.53552,0.0,True,4.0,1.0,2.0,"{'bias': 0.0, 'name': 'WET'}",Android,702.0,86.67015,6.0,False,False,5.0,3.0,4.0,-3.0,-4.0,False,False,"[5.0, -4.0, -3.0, -2.0, -1.0, -0.0]","[5.0, -4.0, -3.0, -2.0, -1.0, -0.0]",13.0,93867.0,6.0,97647.0,5.0,0.0,6.0,6.0,False,144.0,10.0,True,8.0,True,False,144.0,36.0,36.0,"[1.0, 1.0, 1.0, 1.0, 1.0, -0.0]",13.0,100.0,0.9732136004298104,83.0,other,other,8,72.0,36.0,0.0,72.0,False,12.0
1290,2020-12-21 14:05:22,84796,95180.0,False,5.0,4.0,2.0,-165.55554,46.52307,0.0,True,3.0,1.0,2.0,"{'bias': 0.0, 'name': 'WET'}",Android,611.0,-67.23468,6.0,False,False,5.0,2.0,3.0,-2.0,-3.0,False,False,"[5.0, -4.0, -3.0, -2.0, -1.0, -0.0]","[5.0, -4.0, -3.0, -2.0, -1.0, -0.0]",13.0,93867.0,6.0,97647.0,5.0,0.0,6.0,6.0,False,144.0,10.0,True,8.0,True,False,144.0,36.0,36.0,"[1.0, 1.0, 1.0, 1.0, 1.0, -0.0]",13.0,100.0,0.9732136004298104,83.0,other,other,8,72.0,36.0,0.0,72.0,False,12.0
1290,2020-12-21 14:05:22,84796,95704.0,False,5.0,4.0,2.0,-126.66666,-154.05426,0.0,True,2.0,1.0,2.0,"{'bias': 0.0, 'name': 'WET'}",Android,524.0,-239.46622,6.0,False,False,5.0,1.0,2.0,-1.0,-2.0,False,False,"[5.0, -4.0, -3.0, -2.0, -1.0, -0.0]","[5.0, -4.0, -3.0, -2.0, -1.0, -0.0]",13.0,93867.0,6.0,97647.0,5.0,0.0,6.0,6.0,False,144.0,10.0,True,8.0,True,False,144.0,36.0,36.0,"[1.0, 1.0, 1.0, 1.0, 1.0, -0.0]",13.0,100.0,0.9732136004298104,83.0,other,other,8,72.0,36.0,0.0,72.0,False,12.0
1290,2020-12-21 14:05:22,84796,96288.0,False,5.0,4.0,2.0,46.666687,-164.05536,0.0,True,1.0,1.0,2.0,"{'bias': 0.0, 'name': 'WET'}",Android,584.0,-183.33444,6.0,False,False,5.0,0.0,1.0,-0.0,-1.0,False,False,"[5.0, -4.0, -3.0, -2.0, -1.0, -0.0]","[5.0, -4.0, -3.0, -2.0, -1.0, -0.0]",13.0,93867.0,6.0,97647.0,5.0,0.0,6.0,6.0,False,144.0,10.0,True,8.0,True,False,144.0,36.0,36.0,"[1.0, 1.0, 1.0, 1.0, 1.0, -0.0]",13.0,100.0,0.9732136004298104,83.0,other,other,8,72.0,36.0,0.0,72.0,False,12.0
1290,2020-12-21 14:05:22,84796,97065.0,False,5.0,4.0,2.0,245.5556,5.963135,0.0,True,6.0,1.0,2.0,"{'bias': 0.0, 'name': 'WET'}",Android,777.0,-28.870422,6.0,False,True,5.0,5.0,0.0,-5.0,-0.0,True,False,"[5.0, -4.0, -3.0, -2.0, -1.0, -0.0]","[5.0, -4.0, -3.0, -2.0, -1.0, -0.0]",13.0,93867.0,6.0,97647.0,5.0,0.0,6.0,6.0,False,144.0,10.0,True,8.0,True,False,144.0,36.0,36.0,"[1.0, 1.0, 1.0, 1.0, 1.0, -0.0]",13.0,100.0,0.9732136004298104,83.0,other,other,8,72.0,36.0,0.0,72.0,False,12.0
1290,2020-12-21 14:05:22,84796,102829.0,False,3.0,3.0,3.0,-73.33333,118.75311,0.0,False,5.0,1.0,2.0,"{'bias': 0.0, 'name': 'WET'}",Android,5764.0,431.6789,7.0,True,False,3.0,4.0,1.0,4.0,1.0,False,False,"[1.0, 1.0, 1.0, 1.0, 1.0, 1.0, 1.0]","[1.0, 1.0, 1.0, 1.0, 1.0, 1.0, 1.0]",72.0,102829.0,6.0,105036.0,3.0,0.0,7.0,6.0,False,144.0,10.0,True,8.0,True,False,144.0,0.0,,"[5.0, -4.0, -3.0, -2.0, -1.0, -0.0]",72.0,48.0,0.996008903215903,100.0,other,other,9,72.0,0.0,0.0,72.0,False,12.0
1290,2020-12-21 14:05:22,84796,103052.0,False,3.0,3.0,3.0,-70.55554,118.19751,0.0,False,5.0,1.0,2.0,"{'bias': 0.0, 'name': 'WET'}",Android,223.0,-3.3333893,7.0,False,False,3.0,4.0,1.0,4.0,1.0,False,False,"[1.0, 1.0, 1.0, 1.0, 1.0, 1.0, 1.0]","[1.0, 1.0, 1.0, 1.0, 1.0, 1.0, 1.0]",72.0,102829.0,6.0,105036.0,3.0,0.0,7.0,6.0,False,144.0,10.0,True,8.0,True,False,144.0,0.0,0.0,"[5.0, -4.0, -3.0, -2.0, -1.0, -0.0]",72.0,48.0,0.996008903215903,100.0,other,other,9,72.0,0.0,0.0,72.0,False,12.0
1290,2020-12-21 14:05:22,84796,103260.0,False,3.0,3.0,3.0,-66.1111,115.41943,0.0,False,5.0,1.0,2.0,"{'bias': 0.0, 'name': 'WET'}",Android,208.0,-7.222519,7.0,False,False,3.0,4.0,1.0,4.0,1.0,False,False,"[1.0, 1.0, 1.0, 1.0, 1.0, 1.0, 1.0]","[1.0, 1.0, 1.0, 1.0, 1.0, 1.0, 1.0]",72.0,102829.0,6.0,105036.0,3.0,0.0,7.0,6.0,False,144.0,10.0,True,8.0,True,False,144.0,0.0,0.0,"[5.0, -4.0, -3.0, -2.0, -1.0, -0.0]",72.0,48.0,0.996008903215903,100.0,other,other,9,72.0,0.0,0.0,72.0,False,12.0
1290,2020-12-21 14:05:22,84796,103425.0,False,3.0,3.0,3.0,-58.33333,115.97504,0.0,False,5.0,1.0,2.0,"{'bias': 0.0, 'name': 'WET'}",Android,165.0,-7.222168,7.0,False,False,3.0,4.0,1.0,4.0,1.0,False,False,"[1.0, 1.0, 1.0, 1.0, 1.0, 1.0, 1.0]","[1.0, 1.0, 1.0, 1.0, 1.0, 1.0, 1.0]",72.0,102829.0,6.0,105036.0,3.0,0.0,7.0,6.0,False,144.0,10.0,True,8.0,True,False,144.0,0.0,0.0,"[5.0, -4.0, -3.0, -2.0, -1.0, -0.0]",72.0,48.0,0.996008903215903,100.0,other,other,9,72.0,0.0,0.0,72.0,False,12.0
1290,2020-12-21 14:05:22,84796,103589.0,False,3.0,3.0,3.0,-72.77777,118.19751,0.0,False,5.0,1.0,2.0,"{'bias': 0.0, 'name': 'WET'}",Android,164.0,16.666916,7.0,False,False,3.0,4.0,1.0,4.0,1.0,False,False,"[1.0, 1.0, 1.0, 1.0, 1.0, 1.0, 1.0]","[1.0, 1.0, 1.0, 1.0, 1.0, 1.0, 1.0]",72.0,102829.0,6.0,105036.0,3.0,0.0,7.0,6.0,False,144.0,10.0,True,8.0,True,False,144.0,0.0,0.0,"[5.0, -4.0, -3.0, -2.0, -1.0, -0.0]",72.0,48.0,0.996008903215903,100.0,other,other,9,72.0,0.0,0.0,72.0,False,12.0
1290,2020-12-21 14:05:22,84796,103780.0,False,3.0,3.0,3.0,-67.77777,120.41998,0.0,False,5.0,1.0,2.0,"{'bias': 0.0, 'name': 'WET'}",Android,191.0,-2.7775269,7.0,False,False,3.0,4.0,1.0,4.0,1.0,False,False,"[1.0, 1.0, 1.0, 1.0, 1.0, 1.0, 1.0]","[1.0, 1.0, 1.0, 1.0, 1.0, 1.0, 1.0]",72.0,102829.0,6.0,105036.0,3.0,0.0,7.0,6.0,False,144.0,10.0,True,8.0,True,False,144.0,0.0,0.0,"[5.0, -4.0, -3.0, -2.0, -1.0, -0.0]",72.0,48.0,0.996008903215903,100.0,other,other,9,72.0,0.0,0.0,72.0,False,12.0
1290,2020-12-21 14:05:22,84796,104488.0,False,3.0,3.0,3.0,-90.55554,127.08734,0.0,False,5.0,1.0,2.0,"{'bias': 0.0, 'name': 'WET'}",Android,708.0,29.44513,7.0,False,True,3.0,4.0,1.0,4.0,1.0,False,False,"[1.0, 1.0, 1.0, 1.0, 1.0, 1.0, 1.0]","[1.0, 1.0, 1.0, 1.0, 1.0, 1.0, 1.0]",72.0,102829.0,6.0,105036.0,3.0,0.0,7.0,6.0,False,144.0,10.0,True,8.0,True,False,144.0,0.0,0.0,"[5.0, -4.0, -3.0, -2.0, -1.0, -0.0]",72.0,48.0,0.996008903215903,100.0,other,other,9,72.0,0.0,0.0,72.0,False,12.0
1290,2020-12-21 14:05:22,84796,108194.0,True,3.0,5.0,4.0,-101.66666,142.08899,0.0,False,5.0,1.0,2.0,"{'bias': 0.0, 'name': 'WET'}",Android,3706.0,26.112762,7.0,True,False,3.0,4.0,1.0,4.0,1.0,False,False,"[1.0, 1.0, 1.0, 1.0, 1.0, 1.0, 1.0]","[1.0, 1.0, 1.0, 1.0, 1.0, 1.0, 1.0]",72.0,108194.0,6.0,110385.0,3.0,0.0,7.0,6.0,False,144.0,10.0,True,8.0,True,False,144.0,0.0,,"[1.0, 1.0, 1.0, 1.0, 1.0, 1.0, 1.0]",72.0,48.0,0.996008903215903,48.0,other,other,10,72.0,0.0,0.0,72.0,False,12.0
1290,2020-12-21 14:05:22,84796,108356.0,True,3.0,5.0,4.0,-102.22221,124.309265,0.0,False,5.0,1.0,2.0,"{'bias': 0.0, 'name': 'WET'}",Android,162.0,-17.224167,7.0,False,False,3.0,4.0,1.0,4.0,1.0,False,False,"[1.0, 1.0, 1.0, 1.0, 1.0, 1.0, 1.0]","[1.0, 1.0, 1.0, 1.0, 1.0, 1.0, 1.0]",72.0,108194.0,6.0,110385.0,3.0,0.0,7.0,6.0,False,144.0,10.0,True,8.0,True,False,144.0,0.0,0.0,"[1.0, 1.0, 1.0, 1.0, 1.0, 1.0, 1.0]",72.0,48.0,0.996008903215903,48.0,other,other,10,72.0,0.0,0.0,72.0,False,12.0
1290,2020-12-21 14:05:22,84796,108486.0,True,3.0,5.0,4.0,-106.1111,120.975586,0.0,False,5.0,1.0,2.0,"{'bias': 0.0, 'name': 'WET'}",Android,130.0,0.5552063,7.0,False,False,3.0,4.0,1.0,4.0,1.0,False,False,"[1.0, 1.0, 1.0, 1.0, 1.0, 1.0, 1.0]","[1.0, 1.0, 1.0, 1.0, 1.0, 1.0, 1.0]",72.0,108194.0,6.0,110385.0,3.0,0.0,7.0,6.0,False,144.0,10.0,True,8.0,True,False,144.0,0.0,0.0,"[1.0, 1.0, 1.0, 1.0, 1.0, 1.0, 1.0]",72.0,48.0,0.996008903215903,48.0,other,other,10,72.0,0.0,0.0,72.0,False,12.0
1290,2020-12-21 14:05:22,84796,108709.0,True,3.0,5.0,4.0,-85.55554,134.86597,0.0,False,5.0,1.0,2.0,"{'bias': 0.0, 'name': 'WET'}",Android,223.0,-6.6651764,7.0,False,False,3.0,4.0,1.0,4.0,1.0,False,False,"[1.0, 1.0, 1.0, 1.0, 1.0, 1.0, 1.0]","[1.0, 1.0, 1.0, 1.0, 1.0, 1.0, 1.0]",72.0,108194.0,6.0,110385.0,3.0,0.0,7.0,6.0,False,144.0,10.0,True,8.0,True,False,144.0,0.0,0.0,"[1.0, 1.0, 1.0, 1.0, 1.0, 1.0, 1.0]",72.0,48.0,0.996008903215903,48.0,other,other,10,72.0,0.0,0.0,72.0,False,12.0
1290,2020-12-21 14:05:22,84796,108901.0,True,3.0,5.0,4.0,-86.66666,142.08899,0.0,False,5.0,1.0,2.0,"{'bias': 0.0, 'name': 'WET'}",Android,192.0,8.334137,7.0,False,False,3.0,4.0,1.0,4.0,1.0,False,False,"[1.0, 1.0, 1.0, 1.0, 1.0, 1.0, 1.0]","[1.0, 1.0, 1.0, 1.0, 1.0, 1.0, 1.0]",72.0,108194.0,6.0,110385.0,3.0,0.0,7.0,6.0,False,144.0,10.0,True,8.0,True,False,144.0,0.0,0.0,"[1.0, 1.0, 1.0, 1.0, 1.0, 1.0, 1.0]",72.0,48.0,0.996008903215903,48.0,other,other,10,72.0,0.0,0.0,72.0,False,12.0
1290,2020-12-21 14:05:22,84796,109092.0,True,3.0,5.0,4.0,-78.33333,150.97882,0.0,False,5.0,1.0,2.0,"{'bias': 0.0, 'name': 'WET'}",Android,191.0,0.5565033,7.0,False,False,3.0,4.0,1.0,4.0,1.0,False,False,"[1.0, 1.0, 1.0, 1.0, 1.0, 1.0, 1.0]","[1.0, 1.0, 1.0, 1.0, 1.0, 1.0, 1.0]",72.0,108194.0,6.0,110385.0,3.0,0.0,7.0,6.0,False,144.0,10.0,True,8.0,True,False,144.0,0.0,0.0,"[1.0, 1.0, 1.0, 1.0, 1.0, 1.0, 1.0]",72.0,48.0,0.996008903215903,48.0,other,other,10,72.0,0.0,0.0,72.0,False,12.0
1290,2020-12-21 14:05:22,84796,109284.0,True,3.0,5.0,4.0,-82.22221,150.97882,0.0,False,5.0,1.0,2.0,"{'bias': 0.0, 'name': 'WET'}",Android,192.0,3.8888855,7.0,False,True,3.0,4.0,1.0,4.0,1.0,False,False,"[1.0, 1.0, 1.0, 1.0, 1.0, 1.0, 1.0]","[1.0, 1.0, 1.0, 1.0, 1.0, 1.0, 1.0]",72.0,108194.0,6.0,110385.0,3.0,0.0,7.0,6.0,False,144.0,10.0,True,8.0,True,False,144.0,0.0,0.0,"[1.0, 1.0, 1.0, 1.0, 1.0, 1.0, 1.0]",72.0,48.0,0.996008903215903,48.0,other,other,10,72.0,0.0,0.0,72.0,False,12.0
1290,2020-12-21 14:05:22,84796,113173.0,True,5.0,0.0,5.0,155.00003,5.407471,0.0,False,1.0,1.0,2.0,"{'bias': 0.0, 'name': 'WET'}",Android,3889.0,-382.79358,6.0,True,False,1.0,0.0,5.0,0.0,5.0,False,False,"[5.0, 5.0, 5.0, 5.0, 5.0, -0.0]","[5.0, 5.0, 5.0, 5.0, 5.0, -0.0]",42.0,113173.0,6.0,116838.0,1.0,0.0,6.0,6.0,False,144.0,10.0,True,8.0,True,False,144.0,36.0,,"[1.0, 1.0, 1.0, 1.0, 1.0, 1.0, 1.0]",42.0,71.0,0.9924783175992018,48.0,other,other,11,108.0,36.0,0.0,108.0,False,12.0
1290,2020-12-21 14:05:22,84796,113524.0,True,5.0,0.0,5.0,161.66669,-7.927307,0.0,False,1.0,1.0,2.0,"{'bias': 0.0, 'name': 'WET'}",Android,351.0,-20.001434,6.0,False,False,1.0,0.0,5.0,0.0,5.0,False,False,"[5.0, 5.0, 5.0, 5.0, 5.0, -0.0]","[5.0, 5.0, 5.0, 5.0, 5.0, -0.0]",42.0,113173.0,6.0,116838.0,1.0,0.0,6.0,6.0,False,144.0,10.0,True,8.0,True,False,144.0,36.0,36.0,"[1.0, 1.0, 1.0, 1.0, 1.0, 1.0, 1.0]",42.0,71.0,0.9924783175992018,48.0,other,other,11,108.0,36.0,0.0,108.0,False,12.0
1290,2020-12-21 14:05:22,84796,113965.0,True,5.0,0.0,5.0,182.7778,-1.815491,0.0,False,1.0,1.0,2.0,"{'bias': 0.0, 'name': 'WET'}",Android,441.0,-14.999298,6.0,False,False,1.0,0.0,5.0,0.0,5.0,False,False,"[5.0, 5.0, 5.0, 5.0, 5.0, -0.0]","[5.0, 5.0, 5.0, 5.0, 5.0, -0.0]",42.0,113173.0,6.0,116838.0,1.0,0.0,6.0,6.0,False,144.0,10.0,True,8.0,True,False,144.0,36.0,36.0,"[1.0, 1.0, 1.0, 1.0, 1.0, 1.0, 1.0]",42.0,71.0,0.9924783175992018,48.0,other,other,11,108.0,36.0,0.0,108.0,False,12.0
1290,2020-12-21 14:05:22,84796,114545.0,True,5.0,0.0,5.0,183.33334,-10.149719,0.0,False,1.0,1.0,2.0,"{'bias': 0.0, 'name': 'WET'}",Android,580.0,-8.8897705,6.0,False,False,1.0,0.0,5.0,0.0,5.0,False,False,"[5.0, 5.0, 5.0, 5.0, 5.0, -0.0]","[5.0, 5.0, 5.0, 5.0, 5.0, -0.0]",42.0,113173.0,6.0,116838.0,1.0,0.0,6.0,6.0,False,144.0,10.0,True,8.0,True,False,144.0,36.0,36.0,"[1.0, 1.0, 1.0, 1.0, 1.0, 1.0, 1.0]",42.0,71.0,0.9924783175992018,48.0,other,other,11,108.0,36.0,0.0,108.0,False,12.0
1290,2020-12-21 14:05:22,84796,115344.0,True,5.0,0.0,5.0,167.7778,-7.927307,0.0,False,1.0,1.0,2.0,"{'bias': 0.0, 'name': 'WET'}",Android,799.0,17.777954,6.0,False,False,1.0,0.0,5.0,0.0,5.0,False,False,"[5.0, 5.0, 5.0, 5.0, 5.0, -0.0]","[5.0, 5.0, 5.0, 5.0, 5.0, -0.0]",42.0,113173.0,6.0,116838.0,1.0,0.0,6.0,6.0,False,144.0,10.0,True,8.0,True,False,144.0,36.0,36.0,"[1.0, 1.0, 1.0, 1.0, 1.0, 1.0, 1.0]",42.0,71.0,0.9924783175992018,48.0,other,other,11,108.0,36.0,0.0,108.0,False,12.0
1290,2020-12-21 14:05:22,84796,116255.0,True,5.0,0.0,5.0,190.00003,32.077087,0.0,True,2.0,1.0,2.0,"{'bias': 0.0, 'name': 'WET'}",Android,911.0,17.782166,6.0,False,True,1.0,1.0,0.0,-1.0,-0.0,True,False,"[5.0, 5.0, 5.0, 5.0, 5.0, -0.0]","[5.0, 5.0, 5.0, 5.0, 5.0, -0.0]",42.0,113173.0,6.0,116838.0,1.0,0.0,6.0,6.0,False,144.0,10.0,True,8.0,True,False,144.0,36.0,36.0,"[1.0, 1.0, 1.0, 1.0, 1.0, 1.0, 1.0]",42.0,71.0,0.9924783175992018,48.0,other,other,11,108.0,36.0,0.0,108.0,False,12.0
1290,2020-12-21 14:05:22,84796,120045.0,False,3.0,1.0,6.0,-88.888885,145.97833,0.0,False,5.0,1.0,2.0,"{'bias': 0.0, 'name': 'WET'}",Android,3790.0,392.79016,6.0,True,False,3.0,4.0,1.0,4.0,1.0,False,False,"[1.0, 1.0, 1.0, 1.0, 1.0, -0.0]","[1.0, 1.0, 1.0, 1.0, 1.0, -0.0]",30.0,120045.0,6.0,123628.0,3.0,0.0,6.0,6.0,True,144.0,10.0,True,8.0,True,False,144.0,36.0,,"[5.0, 5.0, 5.0, 5.0, 5.0, -0.0]",30.0,83.0,0.9892163634968149,71.0,other,other,12,144.0,36.0,0.0,144.0,True,12.0
1290,2020-12-21 14:05:22,84796,120392.0,False,3.0,1.0,6.0,-96.1111,126.53174,0.0,False,5.0,1.0,2.0,"{'bias': 0.0, 'name': 'WET'}",Android,347.0,-12.2243805,6.0,False,False,3.0,4.0,1.0,4.0,1.0,False,False,"[1.0, 1.0, 1.0, 1.0, 1.0, -0.0]","[1.0, 1.0, 1.0, 1.0, 1.0, -0.0]",30.0,120045.0,6.0,123628.0,3.0,0.0,6.0,6.0,True,144.0,10.0,True,8.0,True,False,144.0,36.0,36.0,"[5.0, 5.0, 5.0, 5.0, 5.0, -0.0]",30.0,83.0,0.9892163634968149,71.0,other,other,12,144.0,36.0,0.0,144.0,True,12.0
1290,2020-12-21 14:05:22,84796,120995.0,False,3.0,1.0,6.0,-91.66666,129.86542,0.0,False,5.0,1.0,2.0,"{'bias': 0.0, 'name': 'WET'}",Android,603.0,-1.1107635,6.0,False,False,3.0,4.0,1.0,4.0,1.0,False,False,"[1.0, 1.0, 1.0, 1.0, 1.0, -0.0]","[1.0, 1.0, 1.0, 1.0, 1.0, -0.0]",30.0,120045.0,6.0,123628.0,3.0,0.0,6.0,6.0,True,144.0,10.0,True,8.0,True,False,144.0,36.0,36.0,"[5.0, 5.0, 5.0, 5.0, 5.0, -0.0]",30.0,83.0,0.9892163634968149,71.0,other,other,12,144.0,36.0,0.0,144.0,True,12.0
1290,2020-12-21 14:05:22,84796,121353.0,False,3.0,1.0,6.0,-76.1111,153.7569,0.0,False,5.0,1.0,2.0,"{'bias': 0.0, 'name': 'WET'}",Android,358.0,8.335922,6.0,False,False,3.0,4.0,1.0,4.0,1.0,False,False,"[1.0, 1.0, 1.0, 1.0, 1.0, -0.0]","[1.0, 1.0, 1.0, 1.0, 1.0, -0.0]",30.0,120045.0,6.0,123628.0,3.0,0.0,6.0,6.0,True,144.0,10.0,True,8.0,True,False,144.0,36.0,36.0,"[5.0, 5.0, 5.0, 5.0, 5.0, -0.0]",30.0,83.0,0.9892163634968149,71.0,other,other,12,144.0,36.0,0.0,144.0,True,12.0
1290,2020-12-21 14:05:22,84796,122237.0,False,3.0,1.0,6.0,-101.66666,139.31091,0.0,False,5.0,1.0,2.0,"{'bias': 0.0, 'name': 'WET'}",Android,884.0,11.109573,6.0,False,False,3.0,4.0,1.0,4.0,1.0,False,False,"[1.0, 1.0, 1.0, 1.0, 1.0, -0.0]","[1.0, 1.0, 1.0, 1.0, 1.0, -0.0]",30.0,120045.0,6.0,123628.0,3.0,0.0,6.0,6.0,True,144.0,10.0,True,8.0,True,False,144.0,36.0,36.0,"[5.0, 5.0, 5.0, 5.0, 5.0, -0.0]",30.0,83.0,0.9892163634968149,71.0,other,other,12,144.0,36.0,0.0,144.0,True,12.0
1290,2020-12-21 14:05:22,84796,123037.0,False,3.0,1.0,6.0,-40.555542,312.10742,0.0,True,4.0,1.0,2.0,"{'bias': 0.0, 'name': 'WET'}",Android,800.0,111.685394,6.0,False,True,3.0,3.0,0.0,-3.0,-0.0,True,False,"[1.0, 1.0, 1.0, 1.0, 1.0, -0.0]","[1.0, 1.0, 1.0, 1.0, 1.0, -0.0]",30.0,120045.0,6.0,123628.0,3.0,0.0,6.0,6.0,True,144.0,10.0,True,8.0,True,False,144.0,36.0,36.0,"[5.0, 5.0, 5.0, 5.0, 5.0, -0.0]",30.0,83.0,0.9892163634968149,71.0,other,other,12,144.0,36.0,0.0,144.0,True,12.0
1290,2020-12-18 23:27:52,162452,165898.0,False,2.0,5.0,1.0,85.00003,-198.50351,0.0,False,2.0,1.0,2.0,"{'bias': 0.0, 'name': 'WET'}",Android,12771.0,-492.81378,5.0,True,False,2.0,1.0,5.0,1.0,5.0,False,False,"[5.0, 4.0, 5.0, 2.0, 0.0]","[5.0, 4.0, 5.0, 2.0, 0.0]",1.0,165898.0,3.0,181193.0,2.0,0.0,7.0,3.0,False,1.0,1.0,False,8.0,True,True,1.0,0.0,,,1.0,112.0,0.3794228260035306,104.0,other,first,13,144.0,0.0,36.0,108.0,False,12.0
1290,2020-12-18 23:27:52,162452,170723.0,False,2.0,5.0,1.0,217.77783,6.518738,0.0,False,1.0,1.0,2.0,"{'bias': 0.0, 'name': 'WET'}",Android,4825.0,72.244446,5.0,False,False,2.0,0.0,4.0,0.0,4.0,False,False,"[5.0, 4.0, 5.0, 2.0, 0.0]","[5.0, 4.0, 5.0, 2.0, 0.0]",1.0,165898.0,3.0,181193.0,2.0,0.0,7.0,3.0,False,1.0,1.0,False,8.0,True,True,1.0,0.0,0.0,,1.0,112.0,0.3794228260035306,104.0,other,other,13,144.0,0.0,36.0,108.0,False,12.0
1290,2020-12-18 23:27:52,162452,172876.0,False,2.0,5.0,1.0,91.111145,-209.06021,0.0,False,2.0,1.0,2.0,"{'bias': 0.0, 'name': 'WET'}",Android,2153.0,-88.91226,5.0,False,False,2.0,1.0,5.0,1.0,5.0,False,False,"[5.0, 4.0, 5.0, 2.0, 0.0]","[5.0, 4.0, 5.0, 2.0, 0.0]",1.0,165898.0,3.0,181193.0,2.0,0.0,7.0,3.0,False,1.0,1.0,False,8.0,True,True,1.0,0.0,0.0,,1.0,112.0,0.3794228260035306,104.0,other,other,13,144.0,0.0,36.0,108.0,False,12.0
1290,2020-12-18 23:27:52,162452,177645.0,False,2.0,5.0,1.0,-146.1111,183.20459,0.0,False,5.0,1.0,2.0,"{'bias': 0.0, 'name': 'WET'}",Android,4769.0,629.48706,5.0,False,False,2.0,4.0,2.0,4.0,2.0,False,False,"[5.0, 4.0, 5.0, 2.0, 0.0]","[5.0, 4.0, 5.0, 2.0, 0.0]",1.0,165898.0,3.0,181193.0,2.0,0.0,7.0,3.0,False,1.0,1.0,False,8.0,True,True,1.0,0.0,0.0,,1.0,112.0,0.3794228260035306,104.0,other,other,13,144.0,0.0,36.0,108.0,False,12.0
1290,2020-12-18 23:27:52,162452,180913.0,False,2.0,5.0,1.0,-82.77777,-149.05371,0.0,False,3.0,1.0,2.0,"{'bias': 0.0, 'name': 'WET'}",Android,3268.0,-395.5916,5.0,False,True,2.0,2.0,0.0,2.0,0.0,False,False,"[5.0, 4.0, 5.0, 2.0, 0.0]","[5.0, 4.0, 5.0, 2.0, 0.0]",1.0,165898.0,3.0,181193.0,2.0,0.0,7.0,3.0,False,1.0,1.0,False,8.0,True,True,1.0,0.0,0.0,,1.0,112.0,0.3794228260035306,104.0,other,other,13,144.0,0.0,36.0,108.0,False,12.0
1290,2020-12-18 23:27:52,162452,185827.0,True,1.0,4.0,2.0,-116.66666,-209.61584,0.0,False,3.0,1.0,2.0,"{'bias': 0.0, 'name': 'WET'}",Android,4914.0,-26.673248,5.0,True,False,5.0,2.0,3.0,2.0,3.0,False,False,"[3.0, 3.0, 0.0, 0.0, 0.0]","[3.0, 3.0, 0.0, 0.0, 0.0]",22.0,185827.0,3.0,197059.0,5.0,0.0,7.0,3.0,False,1.0,1.0,False,8.0,True,True,1.0,0.0,,"[5.0, 4.0, 5.0, 2.0, 0.0]",22.0,91.0,0.9852252667127178,112.0,other,other,14,144.0,0.0,72.0,72.0,False,12.0
1290,2020-12-18 23:27:52,162452,189380.0,True,1.0,4.0,2.0,-147.22221,-194.6142,0.0,False,3.0,1.0,2.0,"{'bias': 0.0, 'name': 'WET'}",Android,3553.0,45.557205,5.0,False,False,5.0,2.0,3.0,2.0,3.0,False,False,"[3.0, 3.0, 0.0, 0.0, 0.0]","[3.0, 3.0, 0.0, 0.0, 0.0]",22.0,185827.0,3.0,197059.0,5.0,0.0,7.0,3.0,False,1.0,1.0,False,8.0,True,True,1.0,0.0,0.0,"[5.0, 4.0, 5.0, 2.0, 0.0]",22.0,91.0,0.9852252667127178,112.0,other,other,14,144.0,0.0,72.0,72.0,False,12.0
1290,2020-12-18 23:27:52,162452,191771.0,True,1.0,4.0,2.0,104.44446,204.318,0.0,False,6.0,1.0,2.0,"{'bias': 0.0, 'name': 'WET'}",Android,2391.0,147.26552,5.0,False,False,5.0,5.0,0.0,5.0,0.0,False,False,"[3.0, 3.0, 0.0, 0.0, 0.0]","[3.0, 3.0, 0.0, 0.0, 0.0]",22.0,185827.0,3.0,197059.0,5.0,0.0,7.0,3.0,False,1.0,1.0,False,8.0,True,True,1.0,0.0,0.0,"[5.0, 4.0, 5.0, 2.0, 0.0]",22.0,91.0,0.9852252667127178,112.0,other,other,14,144.0,0.0,72.0,72.0,False,12.0
1290,2020-12-18 23:27:52,162452,195556.0,True,1.0,4.0,2.0,75.55557,125.976135,0.0,False,6.0,1.0,2.0,"{'bias': 0.0, 'name': 'WET'}",Android,3785.0,-49.452972,5.0,False,False,5.0,5.0,0.0,5.0,0.0,False,False,"[3.0, 3.0, 0.0, 0.0, 0.0]","[3.0, 3.0, 0.0, 0.0, 0.0]",22.0,185827.0,3.0,197059.0,5.0,0.0,7.0,3.0,False,1.0,1.0,False,8.0,True,True,1.0,0.0,0.0,"[5.0, 4.0, 5.0, 2.0, 0.0]",22.0,91.0,0.9852252667127178,112.0,other,other,14,144.0,0.0,72.0,72.0,False,12.0
1290,2020-12-18 23:27:52,162452,196787.0,True,1.0,4.0,2.0,74.44446,153.7569,0.0,False,6.0,1.0,2.0,"{'bias': 0.0, 'name': 'WET'}",Android,1231.0,28.891876,5.0,False,True,5.0,5.0,0.0,5.0,0.0,False,False,"[3.0, 3.0, 0.0, 0.0, 0.0]","[3.0, 3.0, 0.0, 0.0, 0.0]",22.0,185827.0,3.0,197059.0,5.0,0.0,7.0,3.0,False,1.0,1.0,False,8.0,True,True,1.0,0.0,0.0,"[5.0, 4.0, 5.0, 2.0, 0.0]",22.0,91.0,0.9852252667127178,112.0,other,other,14,144.0,0.0,72.0,72.0,False,12.0
1290,2020-12-18 23:27:52,162452,203986.0,True,3.0,1.0,3.0,-242.22223,58.19098,0.0,True,4.0,1.0,2.0,"{'bias': 0.0, 'name': 'WET'}",Android,7199.0,221.10077,1.0,True,True,3.0,3.0,0.0,-3.0,-0.0,True,False,[-0.0],[-0.0],10219.0,203986.0,3.0,204574.0,3.0,0.0,1.0,3.0,True,1.0,1.0,False,8.0,True,True,1.0,1.0,,"[3.0, 3.0, 0.0, 0.0, 0.0]",10192.0,1.0,1.0,91.0,1.0,other,15,145.0,1.0,72.0,73.0,False,12.0
1290,2020-12-18 23:28:42,212852,218065.0,False,5.0,3.0,1.0,87.22223,225.4314,0.0,False,6.0,1.0,2.0,"{'bias': 0.0, 'name': 'WET'}",Android,14079.0,-162.20404,3.0,True,False,5.0,5.0,0.0,5.0,0.0,False,False,"[0.0, 3.0, 0.0]","[0.0, 3.0, 0.0]",500.0,218065.0,3.0,228522.0,5.0,0.0,7.0,3.0,False,0.0,2.0,False,8.0,True,True,-1.0,0.0,,,498.0,9.0,0.9993476091795226,1.0,9.0,first,16,145.0,0.0,72.0,73.0,False,12.0
1290,2020-12-18 23:28:42,212852,224884.0,False,5.0,3.0,1.0,-123.888885,-185.16876,0.0,False,3.0,1.0,2.0,"{'bias': 0.0, 'name': 'WET'}",Android,6819.0,-199.48904,3.0,False,False,5.0,2.0,3.0,2.0,3.0,False,False,"[0.0, 3.0, 0.0]","[0.0, 3.0, 0.0]",500.0,218065.0,3.0,228522.0,5.0,0.0,7.0,3.0,False,0.0,2.0,False,8.0,True,True,-1.0,0.0,0.0,,498.0,9.0,0.9993476091795226,1.0,9.0,1.0,16,145.0,0.0,72.0,73.0,False,12.0
1290,2020-12-18 23:28:42,212852,227600.0,False,5.0,3.0,1.0,106.66669,199.31744,0.0,False,6.0,1.0,2.0,"{'bias': 0.0, 'name': 'WET'}",Android,2716.0,153.93063,3.0,False,True,5.0,5.0,0.0,5.0,0.0,False,False,"[0.0, 3.0, 0.0]","[0.0, 3.0, 0.0]",500.0,218065.0,3.0,228522.0,5.0,0.0,7.0,3.0,False,0.0,2.0,False,8.0,True,True,-1.0,0.0,0.0,,498.0,9.0,0.9993476091795226,1.0,9.0,1.0,16,145.0,0.0,72.0,73.0,False,12.0
1290,2020-12-18 23:28:42,212852,237457.0,True,0.0,4.0,2.0,-201.11111,8.741211,0.0,False,4.0,1.0,2.0,"{'bias': 0.0, 'name': 'WET'}",Android,9857.0,117.20157,5.0,True,False,0.0,3.0,3.0,3.0,3.0,False,False,"[3.0, 4.0, 5.0, 2.0, 0.0]","[3.0, 4.0, 5.0, 2.0, 0.0]",9.0,237457.0,3.0,252442.0,0.0,0.0,7.0,3.0,False,0.0,2.0,False,8.0,True,True,-1.0,0.0,,"[0.0, 3.0, 0.0]",9.0,104.0,0.9603960396039604,9.0,other,9.0,17,145.0,0.0,108.0,37.0,False,12.0
1290,2020-12-18 23:28:42,212852,239945.0,True,0.0,4.0,2.0,-68.888885,220.43085,0.0,False,5.0,1.0,2.0,"{'bias': 0.0, 'name': 'WET'}",Android,2488.0,79.46741,5.0,False,False,0.0,4.0,4.0,4.0,4.0,False,False,"[3.0, 4.0, 5.0, 2.0, 0.0]","[3.0, 4.0, 5.0, 2.0, 0.0]",9.0,237457.0,3.0,252442.0,0.0,0.0,7.0,3.0,False,0.0,2.0,False,8.0,True,True,-1.0,0.0,0.0,"[0.0, 3.0, 0.0]",9.0,104.0,0.9603960396039604,9.0,other,9.0,17,145.0,0.0,108.0,37.0,False,12.0
1290,2020-12-18 23:28:42,212852,242400.0,True,0.0,4.0,2.0,91.111145,197.65057,0.0,False,6.0,1.0,2.0,"{'bias': 0.0, 'name': 'WET'}",Android,2455.0,-182.7803,5.0,False,False,0.0,5.0,5.0,5.0,5.0,False,False,"[3.0, 4.0, 5.0, 2.0, 0.0]","[3.0, 4.0, 5.0, 2.0, 0.0]",9.0,237457.0,3.0,252442.0,0.0,0.0,7.0,3.0,False,0.0,2.0,False,8.0,True,True,-1.0,0.0,0.0,"[0.0, 3.0, 0.0]",9.0,104.0,0.9603960396039604,9.0,other,9.0,17,145.0,0.0,108.0,37.0,False,12.0
1290,2020-12-18 23:28:42,212852,244555.0,True,0.0,4.0,2.0,-134.44444,-190.72488,0.0,False,3.0,1.0,2.0,"{'bias': 0.0, 'name': 'WET'}",Android,2155.0,-162.81987,5.0,False,False,0.0,2.0,2.0,2.0,2.0,False,False,"[3.0, 4.0, 5.0, 2.0, 0.0]","[3.0, 4.0, 5.0, 2.0, 0.0]",9.0,237457.0,3.0,252442.0,0.0,0.0,7.0,3.0,False,0.0,2.0,False,8.0,True,True,-1.0,0.0,0.0,"[0.0, 3.0, 0.0]",9.0,104.0,0.9603960396039604,9.0,other,9.0,17,145.0,0.0,108.0,37.0,False,12.0
1290,2020-12-18 23:28:42,212852,252163.0,True,0.0,4.0,2.0,153.88892,2.073792,0.0,False,1.0,1.0,2.0,"{'bias': 0.0, 'name': 'WET'}",Android,7608.0,-95.5347,5.0,False,True,0.0,0.0,0.0,0.0,0.0,False,False,"[3.0, 4.0, 5.0, 2.0, 0.0]","[3.0, 4.0, 5.0, 2.0, 0.0]",9.0,237457.0,3.0,252442.0,0.0,0.0,7.0,3.0,False,0.0,2.0,False,8.0,True,True,-1.0,0.0,0.0,"[0.0, 3.0, 0.0]",9.0,104.0,0.9603960396039604,9.0,other,9.0,17,145.0,0.0,108.0,37.0,False,12.0
1290,2020-12-18 23:28:42,212852,258709.0,True,4.0,1.0,3.0,-210.55554,-5.149231,0.0,False,4.0,1.0,2.0,"{'bias': 0.0, 'name': 'WET'}",Android,6546.0,357.22144,7.0,True,False,2.0,3.0,1.0,3.0,1.0,False,False,"[1.0, 2.0, 3.0, 4.0, 5.0, 0.0, 0.0]","[1.0, 2.0, 3.0, 4.0, 5.0, 0.0, 0.0]",316.0,258709.0,3.0,267900.0,2.0,0.0,7.0,3.0,True,0.0,2.0,False,8.0,True,True,-1.0,0.0,,"[3.0, 4.0, 5.0, 2.0, 0.0]",316.0,14.0,0.9989254739427432,104.0,14.0,other,18,145.0,0.0,144.0,1.0,False,12.0
1290,2020-12-18 23:28:42,212852,260608.0,True,4.0,1.0,3.0,-92.77777,213.76343,0.0,False,5.0,1.0,2.0,"{'bias': 0.0, 'name': 'WET'}",Android,1899.0,101.13489,7.0,False,False,2.0,4.0,2.0,4.0,2.0,False,False,"[1.0, 2.0, 3.0, 4.0, 5.0, 0.0, 0.0]","[1.0, 2.0, 3.0, 4.0, 5.0, 0.0, 0.0]",316.0,258709.0,3.0,267900.0,2.0,0.0,7.0,3.0,True,0.0,2.0,False,8.0,True,True,-1.0,0.0,0.0,"[3.0, 4.0, 5.0, 2.0, 0.0]",316.0,14.0,0.9989254739427432,104.0,14.0,other,18,145.0,0.0,144.0,1.0,False,12.0
1290,2020-12-18 23:28:42,212852,261812.0,True,4.0,1.0,3.0,91.66669,204.318,0.0,False,6.0,1.0,2.0,"{'bias': 0.0, 'name': 'WET'}",Android,1204.0,-193.8899,7.0,False,False,2.0,5.0,3.0,5.0,3.0,False,False,"[1.0, 2.0, 3.0, 4.0, 5.0, 0.0, 0.0]","[1.0, 2.0, 3.0, 4.0, 5.0, 0.0, 0.0]",316.0,258709.0,3.0,267900.0,2.0,0.0,7.0,3.0,True,0.0,2.0,False,8.0,True,True,-1.0,0.0,0.0,"[3.0, 4.0, 5.0, 2.0, 0.0]",316.0,14.0,0.9989254739427432,104.0,14.0,other,18,145.0,0.0,144.0,1.0,False,12.0
1290,2020-12-18 23:28:42,212852,263399.0,True,4.0,1.0,3.0,233.88892,-20.70642,0.0,False,1.0,1.0,2.0,"{'bias': 0.0, 'name': 'WET'}",Android,1587.0,-367.24664,7.0,False,False,2.0,0.0,4.0,0.0,4.0,False,False,"[1.0, 2.0, 3.0, 4.0, 5.0, 0.0, 0.0]","[1.0, 2.0, 3.0, 4.0, 5.0, 0.0, 0.0]",316.0,258709.0,3.0,267900.0,2.0,0.0,7.0,3.0,True,0.0,2.0,False,8.0,True,True,-1.0,0.0,0.0,"[3.0, 4.0, 5.0, 2.0, 0.0]",316.0,14.0,0.9989254739427432,104.0,14.0,other,18,145.0,0.0,144.0,1.0,False,12.0
1290,2020-12-18 23:28:42,212852,264579.0,True,4.0,1.0,3.0,98.33334,-197.39227,0.0,False,2.0,1.0,2.0,"{'bias': 0.0, 'name': 'WET'}",Android,1180.0,-41.13028,7.0,False,False,2.0,1.0,5.0,1.0,5.0,False,False,"[1.0, 2.0, 3.0, 4.0, 5.0, 0.0, 0.0]","[1.0, 2.0, 3.0, 4.0, 5.0, 0.0, 0.0]",316.0,258709.0,3.0,267900.0,2.0,0.0,7.0,3.0,True,0.0,2.0,False,8.0,True,True,-1.0,0.0,0.0,"[3.0, 4.0, 5.0, 2.0, 0.0]",316.0,14.0,0.9989254739427432,104.0,14.0,other,18,145.0,0.0,144.0,1.0,False,12.0
1290,2020-12-18 23:28:42,212852,265597.0,True,4.0,1.0,3.0,-146.66666,-176.83447,0.0,False,3.0,1.0,2.0,"{'bias': 0.0, 'name': 'WET'}",Android,1018.0,265.5578,7.0,False,False,2.0,2.0,0.0,2.0,0.0,False,False,"[1.0, 2.0, 3.0, 4.0, 5.0, 0.0, 0.0]","[1.0, 2.0, 3.0, 4.0, 5.0, 0.0, 0.0]",316.0,258709.0,3.0,267900.0,2.0,0.0,7.0,3.0,True,0.0,2.0,False,8.0,True,True,-1.0,0.0,0.0,"[3.0, 4.0, 5.0, 2.0, 0.0]",316.0,14.0,0.9989254739427432,104.0,14.0,other,18,145.0,0.0,144.0,1.0,False,12.0
1290,2020-12-18 23:28:42,212852,267628.0,True,4.0,1.0,3.0,-73.33333,-139.60822,0.0,False,3.0,1.0,2.0,"{'bias': 0.0, 'name': 'WET'}",Android,2031.0,-36.10707,7.0,False,True,2.0,2.0,0.0,2.0,0.0,False,False,"[1.0, 2.0, 3.0, 4.0, 5.0, 0.0, 0.0]","[1.0, 2.0, 3.0, 4.0, 5.0, 0.0, 0.0]",316.0,258709.0,3.0,267900.0,2.0,0.0,7.0,3.0,True,0.0,2.0,False,8.0,True,True,-1.0,0.0,0.0,"[3.0, 4.0, 5.0, 2.0, 0.0]",316.0,14.0,0.9989254739427432,104.0,14.0,other,18,145.0,0.0,144.0,1.0,False,12.0
1290,2020-12-18 23:29:45,275871,278322.0,True,1.0,3.0,1.0,227.77783,6.518738,0.0,False,1.0,1.0,2.0,"{'bias': 0.0, 'name': 'WET'}",Android,10694.0,-154.98419,5.0,True,False,5.0,0.0,1.0,0.0,1.0,False,False,"[1.0, 2.0, 5.0, 0.0, 3.0]","[1.0, 2.0, 5.0, 0.0, 3.0]",2.0,278322.0,3.0,293880.0,5.0,0.0,7.0,3.0,False,0.0,3.0,False,8.0,True,True,0.0,0.0,,,2.0,111.0,0.8077365876122496,14.0,other,first,19,145.0,0.0,144.0,1.0,False,12.0
1290,2020-12-18 23:29:45,275871,280508.0,True,1.0,3.0,1.0,92.22223,-201.28159,0.0,False,2.0,1.0,2.0,"{'bias': 0.0, 'name': 'WET'}",Android,2186.0,-72.24472,5.0,False,False,5.0,1.0,2.0,1.0,2.0,False,False,"[1.0, 2.0, 5.0, 0.0, 3.0]","[1.0, 2.0, 5.0, 0.0, 3.0]",2.0,278322.0,3.0,293880.0,5.0,0.0,7.0,3.0,False,0.0,3.0,False,8.0,True,True,0.0,0.0,0.0,,2.0,111.0,0.8077365876122496,14.0,other,14.0,19,145.0,0.0,144.0,1.0,False,12.0
1290,2020-12-18 23:29:45,275871,282958.0,True,1.0,3.0,1.0,-117.22221,181.53772,0.0,False,5.0,1.0,2.0,"{'bias': 0.0, 'name': 'WET'}",Android,2450.0,592.26373,5.0,False,False,5.0,4.0,5.0,4.0,5.0,False,False,"[1.0, 2.0, 5.0, 0.0, 3.0]","[1.0, 2.0, 5.0, 0.0, 3.0]",2.0,278322.0,3.0,293880.0,5.0,0.0,7.0,3.0,False,0.0,3.0,False,8.0,True,True,0.0,0.0,0.0,,2.0,111.0,0.8077365876122496,14.0,other,14.0,19,145.0,0.0,144.0,1.0,False,12.0
1290,2020-12-18 23:29:45,275871,285678.0,True,1.0,3.0,1.0,96.66669,208.20728,0.0,False,6.0,1.0,2.0,"{'bias': 0.0, 'name': 'WET'}",Android,2720.0,-187.21935,5.0,False,False,5.0,5.0,0.0,5.0,0.0,False,False,"[1.0, 2.0, 5.0, 0.0, 3.0]","[1.0, 2.0, 5.0, 0.0, 3.0]",2.0,278322.0,3.0,293880.0,5.0,0.0,7.0,3.0,False,0.0,3.0,False,8.0,True,True,0.0,0.0,0.0,,2.0,111.0,0.8077365876122496,14.0,other,14.0,19,145.0,0.0,144.0,1.0,False,12.0
1290,2020-12-18 23:29:45,275871,293604.0,True,1.0,3.0,1.0,-148.88889,-186.27997,0.0,False,3.0,1.0,2.0,"{'bias': 0.0, 'name': 'WET'}",Android,7926.0,-148.93167,5.0,False,True,5.0,2.0,3.0,2.0,3.0,False,False,"[1.0, 2.0, 5.0, 0.0, 3.0]","[1.0, 2.0, 5.0, 0.0, 3.0]",2.0,278322.0,3.0,293880.0,5.0,0.0,7.0,3.0,False,0.0,3.0,False,8.0,True,True,0.0,0.0,0.0,,2.0,111.0,0.8077365876122496,14.0,other,14.0,19,145.0,0.0,144.0,1.0,False,12.0
1290,2020-12-18 23:29:45,275871,297693.0,False,4.0,4.0,2.0,87.7778,223.20892,0.0,False,6.0,1.0,2.0,"{'bias': 0.0, 'name': 'WET'}",Android,4089.0,172.8222,5.0,True,False,4.0,5.0,1.0,5.0,1.0,False,False,"[1.0, 2.0, 5.0, 0.0, 0.0]","[1.0, 2.0, 5.0, 0.0, 0.0]",11.0,297693.0,3.0,304854.0,4.0,0.0,7.0,3.0,False,0.0,3.0,False,8.0,True,True,0.0,0.0,,"[1.0, 2.0, 5.0, 0.0, 3.0]",11.0,102.0,0.9678025942129096,111.0,other,other,20,145.0,0.0,144.0,1.0,False,12.0
1290,2020-12-18 23:29:45,275871,299638.0,False,4.0,4.0,2.0,226.66669,-34.0412,0.0,False,1.0,1.0,2.0,"{'bias': 0.0, 'name': 'WET'}",Android,1945.0,-396.139,5.0,False,False,4.0,0.0,2.0,0.0,2.0,False,False,"[1.0, 2.0, 5.0, 0.0, 0.0]","[1.0, 2.0, 5.0, 0.0, 0.0]",11.0,297693.0,3.0,304854.0,4.0,0.0,7.0,3.0,False,0.0,3.0,False,8.0,True,True,0.0,0.0,0.0,"[1.0, 2.0, 5.0, 0.0, 3.0]",11.0,102.0,0.9678025942129096,111.0,other,other,20,145.0,0.0,144.0,1.0,False,12.0
1290,2020-12-18 23:29:45,275871,301086.0,False,4.0,4.0,2.0,-224.44444,12.630493,0.0,False,4.0,1.0,2.0,"{'bias': 0.0, 'name': 'WET'}",Android,1448.0,497.78284,5.0,False,False,4.0,3.0,5.0,3.0,5.0,False,False,"[1.0, 2.0, 5.0, 0.0, 0.0]","[1.0, 2.0, 5.0, 0.0, 0.0]",11.0,297693.0,3.0,304854.0,4.0,0.0,7.0,3.0,False,0.0,3.0,False,8.0,True,True,0.0,0.0,0.0,"[1.0, 2.0, 5.0, 0.0, 3.0]",11.0,102.0,0.9678025942129096,111.0,other,other,20,145.0,0.0,144.0,1.0,False,12.0
1290,2020-12-18 23:29:45,275871,302987.0,False,4.0,4.0,2.0,-111.66666,204.318,0.0,False,5.0,1.0,2.0,"{'bias': 0.0, 'name': 'WET'}",Android,1901.0,78.90971,5.0,False,False,4.0,4.0,0.0,4.0,0.0,False,False,"[1.0, 2.0, 5.0, 0.0, 0.0]","[1.0, 2.0, 5.0, 0.0, 0.0]",11.0,297693.0,3.0,304854.0,4.0,0.0,7.0,3.0,False,0.0,3.0,False,8.0,True,True,0.0,0.0,0.0,"[1.0, 2.0, 5.0, 0.0, 3.0]",11.0,102.0,0.9678025942129096,111.0,other,other,20,145.0,0.0,144.0,1.0,False,12.0
1290,2020-12-18 23:29:45,275871,304581.0,False,4.0,4.0,2.0,-55.555542,143.20026,0.0,False,5.0,1.0,2.0,"{'bias': 0.0, 'name': 'WET'}",Android,1594.0,-117.22885,5.0,False,True,4.0,4.0,0.0,4.0,0.0,False,False,"[1.0, 2.0, 5.0, 0.0, 0.0]","[1.0, 2.0, 5.0, 0.0, 0.0]",11.0,297693.0,3.0,304854.0,4.0,0.0,7.0,3.0,False,0.0,3.0,False,8.0,True,True,0.0,0.0,0.0,"[1.0, 2.0, 5.0, 0.0, 3.0]",11.0,102.0,0.9678025942129096,111.0,other,other,20,145.0,0.0,144.0,1.0,False,12.0
1290,2020-12-18 23:29:45,275871,309021.0,True,4.0,0.0,3.0,-224.44444,-532.98425,0.0,False,0.0,1.0,2.0,"{'bias': 0.0, 'name': 'WET'}",Android,4440.0,-507.2956,7.0,True,False,2.0,-1.0,3.0,-1.0,3.0,False,False,"[3.0, 3.0, 0.0, 0.0, 0.0, 0.0, 0.0, 0.0, 0.0]","[3.0, 3.0, 0.0, 0.0, 0.0, 0.0, 0.0, 0.0, 0.0]",5.0,309021.0,3.0,317220.0,2.0,0.0,7.0,3.0,True,0.0,3.0,False,8.0,True,True,0.0,0.0,,"[1.0, 2.0, 5.0, 0.0, 0.0]",5.0,108.0,0.9266635965922172,102.0,other,other,21,145.0,0.0,145.0,0.0,False,12.0
1290,2020-12-18 23:29:45,275871,309806.0,True,4.0,0.0,3.0,-228.33333,-589.6571,0.0,False,0.0,1.0,2.0,"{'bias': 0.0, 'name': 'WET'}",Android,785.0,-52.783966,7.0,False,False,2.0,-1.0,3.0,-1.0,3.0,False,False,"[3.0, 3.0, 0.0, 0.0, 0.0, 0.0, 0.0, 0.0, 0.0]","[3.0, 3.0, 0.0, 0.0, 0.0, 0.0, 0.0, 0.0, 0.0]",5.0,309021.0,3.0,317220.0,2.0,0.0,7.0,3.0,True,0.0,3.0,False,8.0,True,True,0.0,0.0,0.0,"[1.0, 2.0, 5.0, 0.0, 0.0]",5.0,108.0,0.9266635965922172,102.0,other,other,21,145.0,0.0,145.0,0.0,False,12.0
1290,2020-12-18 23:29:45,275871,311724.0,True,4.0,0.0,3.0,-138.33333,-205.1709,0.0,False,3.0,1.0,2.0,"{'bias': 0.0, 'name': 'WET'}",Android,1918.0,294.4862,7.0,False,False,2.0,2.0,0.0,2.0,0.0,False,False,"[3.0, 3.0, 0.0, 0.0, 0.0, 0.0, 0.0, 0.0, 0.0]","[3.0, 3.0, 0.0, 0.0, 0.0, 0.0, 0.0, 0.0, 0.0]",5.0,309021.0,3.0,317220.0,2.0,0.0,7.0,3.0,True,0.0,3.0,False,8.0,True,True,0.0,0.0,0.0,"[1.0, 2.0, 5.0, 0.0, 0.0]",5.0,108.0,0.9266635965922172,102.0,other,other,21,145.0,0.0,145.0,0.0,False,12.0
1290,2020-12-18 23:29:45,275871,313105.0,True,4.0,0.0,3.0,-143.88889,-195.72543,0.0,False,3.0,1.0,2.0,"{'bias': 0.0, 'name': 'WET'}",Android,1381.0,15.001022,7.0,False,False,2.0,2.0,0.0,2.0,0.0,False,False,"[3.0, 3.0, 0.0, 0.0, 0.0, 0.0, 0.0, 0.0, 0.0]","[3.0, 3.0, 0.0, 0.0, 0.0, 0.0, 0.0, 0.0, 0.0]",5.0,309021.0,3.0,317220.0,2.0,0.0,7.0,3.0,True,0.0,3.0,False,8.0,True,True,0.0,0.0,0.0,"[1.0, 2.0, 5.0, 0.0, 0.0]",5.0,108.0,0.9266635965922172,102.0,other,other,21,145.0,0.0,145.0,0.0,False,12.0
1290,2020-12-18 23:29:45,275871,314001.0,True,4.0,0.0,3.0,-123.888885,-167.38904,0.0,False,3.0,1.0,2.0,"{'bias': 0.0, 'name': 'WET'}",Android,896.0,8.336395,7.0,False,False,2.0,2.0,0.0,2.0,0.0,False,False,"[3.0, 3.0, 0.0, 0.0, 0.0, 0.0, 0.0, 0.0, 0.0]","[3.0, 3.0, 0.0, 0.0, 0.0, 0.0, 0.0, 0.0, 0.0]",5.0,309021.0,3.0,317220.0,2.0,0.0,7.0,3.0,True,0.0,3.0,False,8.0,True,True,0.0,0.0,0.0,"[1.0, 2.0, 5.0, 0.0, 0.0]",5.0,108.0,0.9266635965922172,102.0,other,other,21,145.0,0.0,145.0,0.0,False,12.0
1290,2020-12-18 23:29:45,275871,314682.0,True,4.0,0.0,3.0,-123.33333,-160.72162,0.0,False,3.0,1.0,2.0,"{'bias': 0.0, 'name': 'WET'}",Android,681.0,6.111862,7.0,False,False,2.0,2.0,0.0,2.0,0.0,False,False,"[3.0, 3.0, 0.0, 0.0, 0.0, 0.0, 0.0, 0.0, 0.0]","[3.0, 3.0, 0.0, 0.0, 0.0, 0.0, 0.0, 0.0, 0.0]",5.0,309021.0,3.0,317220.0,2.0,0.0,7.0,3.0,True,0.0,3.0,False,8.0,True,True,0.0,0.0,0.0,"[1.0, 2.0, 5.0, 0.0, 0.0]",5.0,108.0,0.9266635965922172,102.0,other,other,21,145.0,0.0,145.0,0.0,False,12.0
1290,2020-12-18 23:29:45,275871,315310.0,True,4.0,0.0,3.0,-129.44444,-158.49915,0.0,False,3.0,1.0,2.0,"{'bias': 0.0, 'name': 'WET'}",Android,628.0,8.333588,7.0,False,False,2.0,2.0,0.0,2.0,0.0,False,False,"[3.0, 3.0, 0.0, 0.0, 0.0, 0.0, 0.0, 0.0, 0.0]","[3.0, 3.0, 0.0, 0.0, 0.0, 0.0, 0.0, 0.0, 0.0]",5.0,309021.0,3.0,317220.0,2.0,0.0,7.0,3.0,True,0.0,3.0,False,8.0,True,True,0.0,0.0,0.0,"[1.0, 2.0, 5.0, 0.0, 0.0]",5.0,108.0,0.9266635965922172,102.0,other,other,21,145.0,0.0,145.0,0.0,False,12.0
1290,2020-12-18 23:29:45,275871,315908.0,True,4.0,0.0,3.0,-126.66666,-160.72162,0.0,False,3.0,1.0,2.0,"{'bias': 0.0, 'name': 'WET'}",Android,598.0,-5.0002594,7.0,False,False,2.0,2.0,0.0,2.0,0.0,False,False,"[3.0, 3.0, 0.0, 0.0, 0.0, 0.0, 0.0, 0.0, 0.0]","[3.0, 3.0, 0.0, 0.0, 0.0, 0.0, 0.0, 0.0, 0.0]",5.0,309021.0,3.0,317220.0,2.0,0.0,7.0,3.0,True,0.0,3.0,False,8.0,True,True,0.0,0.0,0.0,"[1.0, 2.0, 5.0, 0.0, 0.0]",5.0,108.0,0.9266635965922172,102.0,other,other,21,145.0,0.0,145.0,0.0,False,12.0
1290,2020-12-18 23:29:45,275871,316947.0,True,4.0,0.0,3.0,-102.77777,-150.16492,0.0,False,3.0,1.0,2.0,"{'bias': 0.0, 'name': 'WET'}",Android,1039.0,-13.332184,7.0,False,True,2.0,2.0,0.0,2.0,0.0,False,False,"[3.0, 3.0, 0.0, 0.0, 0.0, 0.0, 0.0, 0.0, 0.0]","[3.0, 3.0, 0.0, 0.0, 0.0, 0.0, 0.0, 0.0, 0.0]",5.0,309021.0,3.0,317220.0,2.0,0.0,7.0,3.0,True,0.0,3.0,False,8.0,True,True,0.0,0.0,0.0,"[1.0, 2.0, 5.0, 0.0, 0.0]",5.0,108.0,0.9266635965922172,102.0,other,other,21,145.0,0.0,145.0,0.0,False,12.0
1290,2020-12-18 23:30:39,329486,332865.0,False,0.0,3.0,1.0,-238.33333,15.408569,0.0,False,4.0,1.0,2.0,"{'bias': 0.0, 'name': 'WET'}",Android,15918.0,301.12903,7.0,True,False,0.0,3.0,3.0,3.0,3.0,False,False,"[3.0, 3.0, 3.0, 3.0, 3.0, 3.0, 3.0]","[3.0, 3.0, 3.0, 3.0, 3.0, 3.0, 3.0]",289.0,332865.0,3.0,337611.0,0.0,0.0,7.0,3.0,False,16.0,4.0,False,8.0,True,True,16.0,0.0,,,283.0,18.0,0.9986184664978126,108.0,18.0,first,22,145.0,0.0,145.0,0.0,False,12.0
1290,2020-12-18 23:30:39,329486,333916.0,False,0.0,3.0,1.0,-223.88889,29.29895,0.0,False,4.0,1.0,2.0,"{'bias': 0.0, 'name': 'WET'}",Android,1051.0,-0.5540619,7.0,False,False,0.0,3.0,3.0,3.0,3.0,False,False,"[3.0, 3.0, 3.0, 3.0, 3.0, 3.0, 3.0]","[3.0, 3.0, 3.0, 3.0, 3.0, 3.0, 3.0]",289.0,332865.0,3.0,337611.0,0.0,0.0,7.0,3.0,False,16.0,4.0,False,8.0,True,True,16.0,0.0,0.0,,283.0,18.0,0.9986184664978126,108.0,18.0,other,22,145.0,0.0,145.0,0.0,False,12.0
1290,2020-12-18 23:30:39,329486,334702.0,False,0.0,3.0,1.0,-218.33333,35.410767,0.0,False,4.0,1.0,2.0,"{'bias': 0.0, 'name': 'WET'}",Android,786.0,0.55625916,7.0,False,False,0.0,3.0,3.0,3.0,3.0,False,False,"[3.0, 3.0, 3.0, 3.0, 3.0, 3.0, 3.0]","[3.0, 3.0, 3.0, 3.0, 3.0, 3.0, 3.0]",289.0,332865.0,3.0,337611.0,0.0,0.0,7.0,3.0,False,16.0,4.0,False,8.0,True,True,16.0,0.0,0.0,,283.0,18.0,0.9986184664978126,108.0,18.0,other,22,145.0,0.0,145.0,0.0,False,12.0
1290,2020-12-18 23:30:39,329486,335353.0,False,0.0,3.0,1.0,-227.22223,34.855164,0.0,False,4.0,1.0,2.0,"{'bias': 0.0, 'name': 'WET'}",Android,651.0,8.333298,7.0,False,False,0.0,3.0,3.0,3.0,3.0,False,False,"[3.0, 3.0, 3.0, 3.0, 3.0, 3.0, 3.0]","[3.0, 3.0, 3.0, 3.0, 3.0, 3.0, 3.0]",289.0,332865.0,3.0,337611.0,0.0,0.0,7.0,3.0,False,16.0,4.0,False,8.0,True,True,16.0,0.0,0.0,,283.0,18.0,0.9986184664978126,108.0,18.0,other,22,145.0,0.0,145.0,0.0,False,12.0
1290,2020-12-18 23:30:39,329486,335976.0,False,0.0,3.0,1.0,-217.22223,32.63269,0.0,False,4.0,1.0,2.0,"{'bias': 0.0, 'name': 'WET'}",Android,623.0,-12.222473,7.0,False,False,0.0,3.0,3.0,3.0,3.0,False,False,"[3.0, 3.0, 3.0, 3.0, 3.0, 3.0, 3.0]","[3.0, 3.0, 3.0, 3.0, 3.0, 3.0, 3.0]",289.0,332865.0,3.0,337611.0,0.0,0.0,7.0,3.0,False,16.0,4.0,False,8.0,True,True,16.0,0.0,0.0,,283.0,18.0,0.9986184664978126,108.0,18.0,other,22,145.0,0.0,145.0,0.0,False,12.0
1290,2020-12-18 23:30:39,329486,336630.0,False,0.0,3.0,1.0,-210.55554,27.632141,0.0,False,4.0,1.0,2.0,"{'bias': 0.0, 'name': 'WET'}",Android,654.0,-11.667236,7.0,False,False,0.0,3.0,3.0,3.0,3.0,False,False,"[3.0, 3.0, 3.0, 3.0, 3.0, 3.0, 3.0]","[3.0, 3.0, 3.0, 3.0, 3.0, 3.0, 3.0]",289.0,332865.0,3.0,337611.0,0.0,0.0,7.0,3.0,False,16.0,4.0,False,8.0,True,True,16.0,0.0,0.0,,283.0,18.0,0.9986184664978126,108.0,18.0,other,22,145.0,0.0,145.0,0.0,False,12.0
1290,2020-12-18 23:30:39,329486,337311.0,False,0.0,3.0,1.0,-208.88889,30.410217,0.0,False,4.0,1.0,2.0,"{'bias': 0.0, 'name': 'WET'}",Android,681.0,1.1114197,7.0,False,True,0.0,3.0,3.0,3.0,3.0,False,False,"[3.0, 3.0, 3.0, 3.0, 3.0, 3.0, 3.0]","[3.0, 3.0, 3.0, 3.0, 3.0, 3.0, 3.0]",289.0,332865.0,3.0,337611.0,0.0,0.0,7.0,3.0,False,16.0,4.0,False,8.0,True,True,16.0,0.0,0.0,,283.0,18.0,0.9986184664978126,108.0,18.0,other,22,145.0,0.0,145.0,0.0,False,12.0
1290,2020-12-18 23:30:39,329486,346515.0,False,2.0,0.0,2.0,-147.77777,172.09222,0.0,False,5.0,1.0,2.0,"{'bias': 0.0, 'name': 'WET'}",Android,9204.0,80.57089,5.0,True,False,2.0,4.0,2.0,4.0,2.0,False,False,"[2.0, 0.0, 4.0, 3.0, 3.0]","[2.0, 0.0, 4.0, 3.0, 3.0]",2.0,346515.0,3.0,354178.0,2.0,0.0,7.0,3.0,False,16.0,4.0,False,8.0,True,True,16.0,0.0,,"[3.0, 3.0, 3.0, 3.0, 3.0, 3.0, 3.0]",2.0,111.0,0.8077365876122496,18.0,other,18.0,23,145.0,0.0,145.0,0.0,False,12.0
1290,2020-12-18 23:30:39,329486,348272.0,False,2.0,0.0,2.0,-131.66666,-195.16983,0.0,False,3.0,1.0,2.0,"{'bias': 0.0, 'name': 'WET'}",Android,1757.0,-383.37317,5.0,False,False,2.0,2.0,0.0,2.0,0.0,False,False,"[2.0, 0.0, 4.0, 3.0, 3.0]","[2.0, 0.0, 4.0, 3.0, 3.0]",2.0,346515.0,3.0,354178.0,2.0,0.0,7.0,3.0,False,16.0,4.0,False,8.0,True,True,16.0,0.0,0.0,"[3.0, 3.0, 3.0, 3.0, 3.0, 3.0, 3.0]",2.0,111.0,0.8077365876122496,18.0,other,18.0,23,145.0,0.0,145.0,0.0,False,12.0
1290,2020-12-18 23:30:39,329486,350255.0,False,2.0,0.0,2.0,225.0,8.741211,0.0,False,1.0,1.0,2.0,"{'bias': 0.0, 'name': 'WET'}",Android,1983.0,-152.75562,5.0,False,False,2.0,0.0,4.0,0.0,4.0,False,False,"[2.0, 0.0, 4.0, 3.0, 3.0]","[2.0, 0.0, 4.0, 3.0, 3.0]",2.0,346515.0,3.0,354178.0,2.0,0.0,7.0,3.0,False,16.0,4.0,False,8.0,True,True,16.0,0.0,0.0,"[3.0, 3.0, 3.0, 3.0, 3.0, 3.0, 3.0]",2.0,111.0,0.8077365876122496,18.0,other,18.0,23,145.0,0.0,145.0,0.0,False,12.0
1290,2020-12-18 23:30:39,329486,352097.0,False,2.0,0.0,2.0,69.44446,219.31958,0.0,False,6.0,1.0,2.0,"{'bias': 0.0, 'name': 'WET'}",Android,1842.0,366.1339,5.0,False,False,2.0,5.0,3.0,5.0,3.0,False,False,"[2.0, 0.0, 4.0, 3.0, 3.0]","[2.0, 0.0, 4.0, 3.0, 3.0]",2.0,346515.0,3.0,354178.0,2.0,0.0,7.0,3.0,False,16.0,4.0,False,8.0,True,True,16.0,0.0,0.0,"[3.0, 3.0, 3.0, 3.0, 3.0, 3.0, 3.0]",2.0,111.0,0.8077365876122496,18.0,other,18.0,23,145.0,0.0,145.0,0.0,False,12.0
1290,2020-12-18 23:30:39,329486,353906.0,False,2.0,0.0,2.0,70.55557,220.98645,0.0,False,6.0,1.0,2.0,"{'bias': 0.0, 'name': 'WET'}",Android,1809.0,0.5557556,5.0,False,True,2.0,5.0,3.0,5.0,3.0,False,False,"[2.0, 0.0, 4.0, 3.0, 3.0]","[2.0, 0.0, 4.0, 3.0, 3.0]",2.0,346515.0,3.0,354178.0,2.0,0.0,7.0,3.0,False,16.0,4.0,False,8.0,True,True,16.0,0.0,0.0,"[3.0, 3.0, 3.0, 3.0, 3.0, 3.0, 3.0]",2.0,111.0,0.8077365876122496,18.0,other,18.0,23,145.0,0.0,145.0,0.0,False,12.0
1290,2020-12-18 23:30:39,329486,359287.0,True,3.0,4.0,3.0,200.00003,0.962585,0.0,False,1.0,1.0,2.0,"{'bias': 0.0, 'name': 'WET'}",Android,5381.0,-349.46832,3.0,True,False,3.0,0.0,3.0,0.0,3.0,False,False,"[3.0, 0.0, -0.0]","[3.0, 0.0, -0.0]",107.0,359287.0,3.0,366192.0,3.0,0.0,4.0,3.0,True,16.0,4.0,False,8.0,True,True,16.0,16.0,,"[2.0, 0.0, 4.0, 3.0, 3.0]",107.0,39.0,0.9969299255506946,111.0,other,other,24,161.0,16.0,145.0,16.0,False,12.0
1290,2020-12-18 23:30:39,329486,360747.0,True,3.0,4.0,3.0,-210.0,18.186646,0.0,False,4.0,1.0,2.0,"{'bias': 0.0, 'name': 'WET'}",Android,1460.0,427.2241,3.0,False,False,3.0,3.0,0.0,3.0,0.0,False,False,"[3.0, 0.0, -0.0]","[3.0, 0.0, -0.0]",107.0,359287.0,3.0,366192.0,3.0,0.0,4.0,3.0,True,16.0,4.0,False,8.0,True,True,16.0,16.0,16.0,"[2.0, 0.0, 4.0, 3.0, 3.0]",107.0,39.0,0.9969299255506946,111.0,other,other,24,161.0,16.0,145.0,16.0,False,12.0
1290,2020-12-18 23:30:39,329486,365894.0,True,3.0,4.0,3.0,-239.44444,-40.153015,0.0,True,4.0,1.0,2.0,"{'bias': 0.0, 'name': 'WET'}",Android,5147.0,-28.895218,3.0,False,True,3.0,3.0,0.0,-3.0,-0.0,True,False,"[3.0, 0.0, -0.0]","[3.0, 0.0, -0.0]",107.0,359287.0,3.0,366192.0,3.0,0.0,4.0,3.0,True,16.0,4.0,False,8.0,True,True,16.0,16.0,16.0,"[2.0, 0.0, 4.0, 3.0, 3.0]",107.0,39.0,0.9969299255506946,111.0,other,other,24,161.0,16.0,145.0,16.0,False,12.0
1290,2020-12-18 23:31:24,374883,377146.0,False,1.0,4.0,1.0,2.777802,-44.042297,0.0,True,2.0,1.0,2.0,"{'bias': 0.0, 'name': 'WET'}",Android,11252.0,-246.11153,1.0,True,True,1.0,1.0,0.0,-1.0,-0.0,True,False,[-0.0],[-0.0],10219.0,377146.0,4.0,377744.0,1.0,0.0,1.0,4.0,False,34.0,5.0,False,8.0,True,True,18.0,1.0,,,10192.0,1.0,1.0,39.0,1.0,first,25,162.0,1.0,145.0,17.0,False,12.0
1290,2020-12-18 23:31:24,374883,383013.0,False,5.0,2.0,2.0,-121.1111,-187.39117,0.0,False,3.0,1.0,2.0,"{'bias': 0.0, 'name': 'WET'}",Android,5867.0,-19.459976,3.0,True,False,5.0,2.0,3.0,2.0,3.0,False,False,"[3.0, 0.0, -0.0]","[3.0, 0.0, -0.0]",107.0,383013.0,4.0,387303.0,5.0,0.0,4.0,4.0,False,34.0,5.0,False,8.0,True,True,18.0,16.0,,[-0.0],107.0,39.0,0.9969299255506946,1.0,other,1.0,26,178.0,16.0,145.0,33.0,False,12.0
1290,2020-12-18 23:31:24,374883,384338.0,False,5.0,2.0,2.0,96.66669,199.31744,0.0,False,6.0,1.0,2.0,"{'bias': 0.0, 'name': 'WET'}",Android,1325.0,168.93083,3.0,False,False,5.0,5.0,0.0,5.0,0.0,False,False,"[3.0, 0.0, -0.0]","[3.0, 0.0, -0.0]",107.0,383013.0,4.0,387303.0,5.0,0.0,4.0,4.0,False,34.0,5.0,False,8.0,True,True,18.0,16.0,16.0,[-0.0],107.0,39.0,0.9969299255506946,1.0,other,1.0,26,178.0,16.0,145.0,33.0,False,12.0
1290,2020-12-18 23:31:24,374883,387031.0,False,5.0,2.0,2.0,7.222229,39.85565,0.0,True,6.0,1.0,2.0,"{'bias': 0.0, 'name': 'WET'}",Android,2693.0,-70.017334,3.0,False,True,5.0,5.0,0.0,-5.0,-0.0,True,False,"[3.0, 0.0, -0.0]","[3.0, 0.0, -0.0]",107.0,383013.0,4.0,387303.0,5.0,0.0,4.0,4.0,False,34.0,5.0,False,8.0,True,True,18.0,16.0,16.0,[-0.0],107.0,39.0,0.9969299255506946,1.0,other,1.0,26,178.0,16.0,145.0,33.0,False,12.0
1290,2020-12-18 23:31:24,374883,394191.0,True,2.0,3.0,3.0,-112.22221,162.64679,0.0,True,2.0,1.0,2.0,"{'bias': 0.0, 'name': 'WET'}",Android,7160.0,242.23558,3.0,True,False,4.0,1.0,3.0,-1.0,-3.0,False,False,"[-3.0, -3.0, -0.0]","[-3.0, -3.0, -0.0]",89.0,394191.0,4.0,399571.0,4.0,0.0,4.0,4.0,False,34.0,5.0,False,8.0,True,True,18.0,16.0,,"[3.0, 0.0, -0.0]",89.0,42.0,0.996622918105764,39.0,other,other,27,194.0,16.0,145.0,49.0,False,12.0
1290,2020-12-18 23:31:24,374883,396033.0,True,2.0,3.0,3.0,-72.77777,126.53174,0.0,True,2.0,1.0,2.0,"{'bias': 0.0, 'name': 'WET'}",Android,1842.0,-75.559494,3.0,False,False,4.0,1.0,3.0,-1.0,-3.0,False,False,"[-3.0, -3.0, -0.0]","[-3.0, -3.0, -0.0]",89.0,394191.0,4.0,399571.0,4.0,0.0,4.0,4.0,False,34.0,5.0,False,8.0,True,True,18.0,16.0,16.0,"[3.0, 0.0, -0.0]",89.0,42.0,0.996622918105764,39.0,other,other,27,194.0,16.0,145.0,49.0,False,12.0
1290,2020-12-18 23:31:24,374883,398377.0,True,2.0,3.0,3.0,-6.666656,-12.372192,0.0,True,5.0,1.0,2.0,"{'bias': 0.0, 'name': 'WET'}",Android,2344.0,-205.01505,3.0,False,True,4.0,4.0,0.0,-4.0,-0.0,True,False,"[-3.0, -3.0, -0.0]","[-3.0, -3.0, -0.0]",89.0,394191.0,4.0,399571.0,4.0,0.0,4.0,4.0,False,34.0,5.0,False,8.0,True,True,18.0,16.0,16.0,"[3.0, 0.0, -0.0]",89.0,42.0,0.996622918105764,39.0,other,other,27,194.0,16.0,145.0,49.0,False,12.0
1290,2020-12-18 23:31:24,374883,403033.0,False,4.0,5.0,4.0,-107.77777,211.54095,0.0,False,5.0,1.0,2.0,"{'bias': 0.0, 'name': 'WET'}",Android,4656.0,325.02426,2.0,True,False,4.0,4.0,0.0,4.0,0.0,False,False,"[0.0, -0.0]","[0.0, -0.0]",2658.0,403033.0,4.0,406721.0,4.0,0.0,1.0,4.0,True,34.0,5.0,False,8.0,True,True,18.0,1.0,,"[-3.0, -3.0, -0.0]",2650.0,4.0,0.999769744416302,42.0,4.0,other,28,195.0,1.0,145.0,50.0,False,12.0
1290,2020-12-18 23:31:24,374883,406423.0,False,4.0,5.0,4.0,-43.333313,92.63916,0.0,True,5.0,1.0,2.0,"{'bias': 0.0, 'name': 'WET'}",Android,3390.0,-183.34625,2.0,False,True,4.0,4.0,0.0,-4.0,-0.0,True,False,"[0.0, -0.0]","[0.0, -0.0]",2658.0,403033.0,4.0,406721.0,4.0,0.0,1.0,4.0,True,34.0,5.0,False,8.0,True,True,18.0,1.0,1.0,"[-3.0, -3.0, -0.0]",2650.0,4.0,0.999769744416302,42.0,4.0,other,28,195.0,1.0,145.0,50.0,False,12.0
1290,2020-12-18 23:32:34,444868,447902.0,True,1.0,1.0,1.0,-233.88889,-459.64297,0.0,False,0.0,1.0,2.0,"{'bias': 0.0, 'name': 'WET'}",Android,41479.0,-361.72653,3.0,True,False,5.0,-1.0,0.0,-1.0,0.0,False,False,"[0.0, 0.0, 0.0, 0.0, 0.0, 0.0, 0.0, 0.0, 3.0, 0.0]","[0.0, 0.0, 0.0, 0.0, 0.0, 0.0, 0.0, 0.0, 3.0, 0.0]",1.0,447902.0,3.0,462089.0,5.0,0.0,7.0,3.0,False,4.0,6.0,False,8.0,True,True,-30.0,0.0,,,1.0,112.0,0.3794228260035306,4.0,other,first,29,195.0,0.0,145.0,50.0,False,12.0
1290,2020-12-18 23:32:34,444868,448154.0,True,1.0,1.0,1.0,-232.77777,-447.41943,0.0,False,0.0,1.0,2.0,"{'bias': 0.0, 'name': 'WET'}",Android,252.0,11.112427,3.0,False,False,5.0,-1.0,0.0,-1.0,0.0,False,False,"[0.0, 0.0, 0.0, 0.0, 0.0, 0.0, 0.0, 0.0, 3.0, 0.0]","[0.0, 0.0, 0.0, 0.0, 0.0, 0.0, 0.0, 0.0, 3.0, 0.0]",1.0,447902.0,3.0,462089.0,5.0,0.0,7.0,3.0,False,4.0,6.0,False,8.0,True,True,-30.0,0.0,0.0,,1.0,112.0,0.3794228260035306,4.0,other,4.0,29,195.0,0.0,145.0,50.0,False,12.0
1290,2020-12-18 23:32:34,444868,448405.0,True,1.0,1.0,1.0,-233.88889,-452.41998,0.0,False,0.0,1.0,2.0,"{'bias': 0.0, 'name': 'WET'}",Android,251.0,-3.8894348,3.0,False,False,5.0,-1.0,0.0,-1.0,0.0,False,False,"[0.0, 0.0, 0.0, 0.0, 0.0, 0.0, 0.0, 0.0, 3.0, 0.0]","[0.0, 0.0, 0.0, 0.0, 0.0, 0.0, 0.0, 0.0, 3.0, 0.0]",1.0,447902.0,3.0,462089.0,5.0,0.0,7.0,3.0,False,4.0,6.0,False,8.0,True,True,-30.0,0.0,0.0,,1.0,112.0,0.3794228260035306,4.0,other,4.0,29,195.0,0.0,145.0,50.0,False,12.0
1290,2020-12-18 23:32:34,444868,448594.0,True,1.0,1.0,1.0,-227.22223,-452.9756,0.0,False,0.0,1.0,2.0,"{'bias': 0.0, 'name': 'WET'}",Android,189.0,-7.2222595,3.0,False,False,5.0,-1.0,0.0,-1.0,0.0,False,False,"[0.0, 0.0, 0.0, 0.0, 0.0, 0.0, 0.0, 0.0, 3.0, 0.0]","[0.0, 0.0, 0.0, 0.0, 0.0, 0.0, 0.0, 0.0, 3.0, 0.0]",1.0,447902.0,3.0,462089.0,5.0,0.0,7.0,3.0,False,4.0,6.0,False,8.0,True,True,-30.0,0.0,0.0,,1.0,112.0,0.3794228260035306,4.0,other,4.0,29,195.0,0.0,145.0,50.0,False,12.0
1290,2020-12-18 23:32:34,444868,448814.0,True,1.0,1.0,1.0,-230.0,-447.97504,0.0,False,0.0,1.0,2.0,"{'bias': 0.0, 'name': 'WET'}",Android,220.0,7.7783203,3.0,False,False,5.0,-1.0,0.0,-1.0,0.0,False,False,"[0.0, 0.0, 0.0, 0.0, 0.0, 0.0, 0.0, 0.0, 3.0, 0.0]","[0.0, 0.0, 0.0, 0.0, 0.0, 0.0, 0.0, 0.0, 3.0, 0.0]",1.0,447902.0,3.0,462089.0,5.0,0.0,7.0,3.0,False,4.0,6.0,False,8.0,True,True,-30.0,0.0,0.0,,1.0,112.0,0.3794228260035306,4.0,other,4.0,29,195.0,0.0,145.0,50.0,False,12.0
1290,2020-12-18 23:32:34,444868,449033.0,True,1.0,1.0,1.0,-233.88889,-441.86328,0.0,False,0.0,1.0,2.0,"{'bias': 0.0, 'name': 'WET'}",Android,219.0,10.000641,3.0,False,False,5.0,-1.0,0.0,-1.0,0.0,False,False,"[0.0, 0.0, 0.0, 0.0, 0.0, 0.0, 0.0, 0.0, 3.0, 0.0]","[0.0, 0.0, 0.0, 0.0, 0.0, 0.0, 0.0, 0.0, 3.0, 0.0]",1.0,447902.0,3.0,462089.0,5.0,0.0,7.0,3.0,False,4.0,6.0,False,8.0,True,True,-30.0,0.0,0.0,,1.0,112.0,0.3794228260035306,4.0,other,4.0,29,195.0,0.0,145.0,50.0,False,12.0
1290,2020-12-18 23:32:34,444868,449253.0,True,1.0,1.0,1.0,-232.77777,-432.9734,0.0,False,0.0,1.0,2.0,"{'bias': 0.0, 'name': 'WET'}",Android,220.0,7.778778,3.0,False,False,5.0,-1.0,0.0,-1.0,0.0,False,False,"[0.0, 0.0, 0.0, 0.0, 0.0, 0.0, 0.0, 0.0, 3.0, 0.0]","[0.0, 0.0, 0.0, 0.0, 0.0, 0.0, 0.0, 0.0, 3.0, 0.0]",1.0,447902.0,3.0,462089.0,5.0,0.0,7.0,3.0,False,4.0,6.0,False,8.0,True,True,-30.0,0.0,0.0,,1.0,112.0,0.3794228260035306,4.0,other,4.0,29,195.0,0.0,145.0,50.0,False,12.0
1290,2020-12-18 23:32:34,444868,450852.0,True,1.0,1.0,1.0,103.33334,197.65057,0.0,False,6.0,1.0,2.0,"{'bias': 0.0, 'name': 'WET'}",Android,1599.0,294.51285,3.0,False,False,5.0,5.0,0.0,5.0,0.0,False,False,"[0.0, 0.0, 0.0, 0.0, 0.0, 0.0, 0.0, 0.0, 3.0, 0.0]","[0.0, 0.0, 0.0, 0.0, 0.0, 0.0, 0.0, 0.0, 3.0, 0.0]",1.0,447902.0,3.0,462089.0,5.0,0.0,7.0,3.0,False,4.0,6.0,False,8.0,True,True,-30.0,0.0,0.0,,1.0,112.0,0.3794228260035306,4.0,other,4.0,29,195.0,0.0,145.0,50.0,False,12.0
1290,2020-12-18 23:32:34,444868,454474.0,True,1.0,1.0,1.0,-138.33333,-186.27997,0.0,False,3.0,1.0,2.0,"{'bias': 0.0, 'name': 'WET'}",Android,3622.0,-142.26387,3.0,False,False,5.0,2.0,3.0,2.0,3.0,False,False,"[0.0, 0.0, 0.0, 0.0, 0.0, 0.0, 0.0, 0.0, 3.0, 0.0]","[0.0, 0.0, 0.0, 0.0, 0.0, 0.0, 0.0, 0.0, 3.0, 0.0]",1.0,447902.0,3.0,462089.0,5.0,0.0,7.0,3.0,False,4.0,6.0,False,8.0,True,True,-30.0,0.0,0.0,,1.0,112.0,0.3794228260035306,4.0,other,4.0,29,195.0,0.0,145.0,50.0,False,12.0
1290,2020-12-18 23:32:34,444868,461194.0,True,1.0,1.0,1.0,92.22223,195.4281,0.0,False,6.0,1.0,2.0,"{'bias': 0.0, 'name': 'WET'}",Android,6720.0,151.15251,3.0,False,True,5.0,5.0,0.0,5.0,0.0,False,False,"[0.0, 0.0, 0.0, 0.0, 0.0, 0.0, 0.0, 0.0, 3.0, 0.0]","[0.0, 0.0, 0.0, 0.0, 0.0, 0.0, 0.0, 0.0, 3.0, 0.0]",1.0,447902.0,3.0,462089.0,5.0,0.0,7.0,3.0,False,4.0,6.0,False,8.0,True,True,-30.0,0.0,0.0,,1.0,112.0,0.3794228260035306,4.0,other,4.0,29,195.0,0.0,145.0,50.0,False,12.0
1290,2020-12-18 23:32:34,444868,467471.0,True,2.0,3.0,2.0,-223.88889,10.40802,0.0,False,4.0,1.0,2.0,"{'bias': 0.0, 'name': 'WET'}",Android,6277.0,131.09103,3.0,True,False,4.0,3.0,5.0,3.0,5.0,False,False,"[5.0, 0.0, -0.0]","[5.0, 0.0, -0.0]",46.0,467471.0,3.0,470504.0,4.0,0.0,2.0,3.0,False,4.0,6.0,False,8.0,True,True,-30.0,4.0,,"[0.0, 0.0, 0.0, 0.0, 0.0, 0.0, 0.0, 0.0, 3.0, 0.0]",45.0,68.0,0.9930539565584464,112.0,other,other,30,199.0,4.0,161.0,38.0,False,12.0
1290,2020-12-18 23:32:34,444868,468674.0,True,2.0,3.0,2.0,-122.22221,190.42755,0.0,False,5.0,1.0,2.0,"{'bias': 0.0, 'name': 'WET'}",Android,1203.0,78.35286,3.0,False,False,4.0,4.0,0.0,4.0,0.0,False,False,"[5.0, 0.0, -0.0]","[5.0, 0.0, -0.0]",46.0,467471.0,3.0,470504.0,4.0,0.0,2.0,3.0,False,4.0,6.0,False,8.0,True,True,-30.0,4.0,4.0,"[0.0, 0.0, 0.0, 0.0, 0.0, 0.0, 0.0, 0.0, 3.0, 0.0]",45.0,68.0,0.9930539565584464,112.0,other,other,30,199.0,4.0,161.0,38.0,False,12.0
1290,2020-12-18 23:32:34,444868,470234.0,True,2.0,3.0,2.0,-13.333313,45.96747,0.0,True,5.0,1.0,2.0,"{'bias': 0.0, 'name': 'WET'}",Android,1560.0,-253.34898,3.0,False,True,4.0,4.0,0.0,-4.0,-0.0,True,False,"[5.0, 0.0, -0.0]","[5.0, 0.0, -0.0]",46.0,467471.0,3.0,470504.0,4.0,0.0,2.0,3.0,False,4.0,6.0,False,8.0,True,True,-30.0,4.0,4.0,"[0.0, 0.0, 0.0, 0.0, 0.0, 0.0, 0.0, 0.0, 3.0, 0.0]",45.0,68.0,0.9930539565584464,112.0,other,other,30,199.0,4.0,161.0,38.0,False,12.0
1290,2020-12-18 23:32:34,444868,474802.0,False,4.0,5.0,3.0,119.44446,-189.05804,0.0,False,2.0,1.0,2.0,"{'bias': 0.0, 'name': 'WET'}",Android,4568.0,-367.80328,3.0,True,False,4.0,1.0,3.0,1.0,3.0,False,False,"[3.0, 0.0, 0.0]","[3.0, 0.0, 0.0]",1.0,474802.0,3.0,485269.0,4.0,0.0,7.0,3.0,True,4.0,6.0,False,8.0,True,True,-30.0,0.0,,"[5.0, 0.0, -0.0]",1.0,112.0,0.3794228260035306,68.0,other,other,31,199.0,0.0,162.0,37.0,False,12.0
1290,2020-12-18 23:32:34,444868,477725.0,False,4.0,5.0,3.0,-117.77777,184.3158,0.0,False,5.0,1.0,2.0,"{'bias': 0.0, 'name': 'WET'}",Android,2923.0,610.59607,3.0,False,False,4.0,4.0,0.0,4.0,0.0,False,False,"[3.0, 0.0, 0.0]","[3.0, 0.0, 0.0]",1.0,474802.0,3.0,485269.0,4.0,0.0,7.0,3.0,True,4.0,6.0,False,8.0,True,True,-30.0,0.0,0.0,"[5.0, 0.0, -0.0]",1.0,112.0,0.3794228260035306,68.0,other,other,31,199.0,0.0,162.0,37.0,False,12.0
1290,2020-12-18 23:32:34,444868,484660.0,False,4.0,5.0,3.0,-57.222214,101.52905,0.0,False,5.0,1.0,2.0,"{'bias': 0.0, 'name': 'WET'}",Android,6935.0,-143.3423,3.0,False,True,4.0,4.0,0.0,4.0,0.0,False,False,"[3.0, 0.0, 0.0]","[3.0, 0.0, 0.0]",1.0,474802.0,3.0,485269.0,4.0,0.0,7.0,3.0,True,4.0,6.0,False,8.0,True,True,-30.0,0.0,0.0,"[5.0, 0.0, -0.0]",1.0,112.0,0.3794228260035306,68.0,other,other,31,199.0,0.0,162.0,37.0,False,12.0
1290,2020-12-18 23:33:24,494306,496527.0,True,4.0,5.0,1.0,-238.33333,8.741211,0.0,False,4.0,1.0,2.0,"{'bias': 0.0, 'name': 'WET'}",Android,11867.0,88.32327,4.0,True,False,2.0,3.0,1.0,3.0,1.0,False,False,"[1.0, 5.0, 1.0, 5.0]","[1.0, 5.0, 1.0, 5.0]",32.0,496527.0,4.0,502567.0,2.0,0.0,7.0,4.0,False,36.0,7.0,False,8.0,True,True,32.0,0.0,,,32.0,81.0,0.9899071302479086,112.0,other,first,32,199.0,0.0,178.0,21.0,False,12.0
1290,2020-12-18 23:33:24,494306,498037.0,True,4.0,5.0,1.0,108.33334,-184.6131,0.0,False,2.0,1.0,2.0,"{'bias': 0.0, 'name': 'WET'}",Android,1510.0,-540.021,4.0,False,False,2.0,1.0,5.0,1.0,5.0,False,False,"[1.0, 5.0, 1.0, 5.0]","[1.0, 5.0, 1.0, 5.0]",32.0,496527.0,4.0,502567.0,2.0,0.0,7.0,4.0,False,36.0,7.0,False,8.0,True,True,32.0,0.0,0.0,,32.0,81.0,0.9899071302479086,112.0,other,other,32,199.0,0.0,178.0,21.0,False,12.0
1290,2020-12-18 23:33:24,494306,499763.0,True,4.0,5.0,1.0,-221.11111,13.74176,0.0,False,4.0,1.0,2.0,"{'bias': 0.0, 'name': 'WET'}",Android,1726.0,527.7993,4.0,False,False,2.0,3.0,1.0,3.0,1.0,False,False,"[1.0, 5.0, 1.0, 5.0]","[1.0, 5.0, 1.0, 5.0]",32.0,496527.0,4.0,502567.0,2.0,0.0,7.0,4.0,False,36.0,7.0,False,8.0,True,True,32.0,0.0,0.0,,32.0,81.0,0.9899071302479086,112.0,other,other,32,199.0,0.0,178.0,21.0,False,12.0
1290,2020-12-18 23:33:24,494306,501954.0,True,4.0,5.0,1.0,130.00003,-178.50134,0.0,False,2.0,1.0,2.0,"{'bias': 0.0, 'name': 'WET'}",Android,2191.0,-543.35425,4.0,False,True,2.0,1.0,5.0,1.0,5.0,False,False,"[1.0, 5.0, 1.0, 5.0]","[1.0, 5.0, 1.0, 5.0]",32.0,496527.0,4.0,502567.0,2.0,0.0,7.0,4.0,False,36.0,7.0,False,8.0,True,True,32.0,0.0,0.0,,32.0,81.0,0.9899071302479086,112.0,other,other,32,199.0,0.0,178.0,21.0,False,12.0
1290,2020-12-18 23:33:24,494306,506884.0,True,3.0,2.0,2.0,-97.22221,208.76288,0.0,False,5.0,1.0,2.0,"{'bias': 0.0, 'name': 'WET'}",Android,4930.0,614.48645,6.0,True,False,3.0,4.0,1.0,4.0,1.0,False,False,"[1.0, 3.0, 3.0, 3.0, 3.0, 3.0]","[1.0, 3.0, 3.0, 3.0, 3.0, 3.0]",6.0,506884.0,4.0,515231.0,3.0,0.0,7.0,4.0,False,36.0,7.0,False,8.0,True,True,32.0,0.0,,"[1.0, 5.0, 1.0, 5.0]",6.0,107.0,0.9390973981119042,81.0,other,other,33,199.0,0.0,194.0,5.0,False,12.0
1290,2020-12-18 23:33:24,494306,508859.0,True,3.0,2.0,2.0,206.66669,24.298462,0.0,False,1.0,1.0,2.0,"{'bias': 0.0, 'name': 'WET'}",Android,1975.0,-488.35333,6.0,False,False,3.0,0.0,3.0,0.0,3.0,False,False,"[1.0, 3.0, 3.0, 3.0, 3.0, 3.0]","[1.0, 3.0, 3.0, 3.0, 3.0, 3.0]",6.0,506884.0,4.0,515231.0,3.0,0.0,7.0,4.0,False,36.0,7.0,False,8.0,True,True,32.0,0.0,0.0,"[1.0, 5.0, 1.0, 5.0]",6.0,107.0,0.9390973981119042,81.0,other,other,33,199.0,0.0,194.0,5.0,False,12.0
1290,2020-12-18 23:33:24,494306,510801.0,True,3.0,2.0,2.0,16.111115,-0.148682,0.0,False,1.0,1.0,2.0,"{'bias': 0.0, 'name': 'WET'}",Android,1942.0,166.10843,6.0,False,False,3.0,0.0,3.0,0.0,3.0,False,False,"[1.0, 3.0, 3.0, 3.0, 3.0, 3.0]","[1.0, 3.0, 3.0, 3.0, 3.0, 3.0]",6.0,506884.0,4.0,515231.0,3.0,0.0,7.0,4.0,False,36.0,7.0,False,8.0,True,True,32.0,0.0,0.0,"[1.0, 5.0, 1.0, 5.0]",6.0,107.0,0.9390973981119042,81.0,other,other,33,199.0,0.0,194.0,5.0,False,12.0
1290,2020-12-18 23:33:24,494306,512892.0,True,3.0,2.0,2.0,31.666687,-4.037964,0.0,False,1.0,1.0,2.0,"{'bias': 0.0, 'name': 'WET'}",Android,2091.0,-19.444855,6.0,False,False,3.0,0.0,3.0,0.0,3.0,False,False,"[1.0, 3.0, 3.0, 3.0, 3.0, 3.0]","[1.0, 3.0, 3.0, 3.0, 3.0, 3.0]",6.0,506884.0,4.0,515231.0,3.0,0.0,7.0,4.0,False,36.0,7.0,False,8.0,True,True,32.0,0.0,0.0,"[1.0, 5.0, 1.0, 5.0]",6.0,107.0,0.9390973981119042,81.0,other,other,33,199.0,0.0,194.0,5.0,False,12.0
1290,2020-12-18 23:33:24,494306,513817.0,True,3.0,2.0,2.0,51.111115,14.297363,0.0,False,1.0,1.0,2.0,"{'bias': 0.0, 'name': 'WET'}",Android,925.0,-1.1091003,6.0,False,False,3.0,0.0,3.0,0.0,3.0,False,False,"[1.0, 3.0, 3.0, 3.0, 3.0, 3.0]","[1.0, 3.0, 3.0, 3.0, 3.0, 3.0]",6.0,506884.0,4.0,515231.0,3.0,0.0,7.0,4.0,False,36.0,7.0,False,8.0,True,True,32.0,0.0,0.0,"[1.0, 5.0, 1.0, 5.0]",6.0,107.0,0.9390973981119042,81.0,other,other,33,199.0,0.0,194.0,5.0,False,12.0
1290,2020-12-18 23:33:24,494306,514932.0,True,3.0,2.0,2.0,62.22223,8.185547,0.0,False,1.0,1.0,2.0,"{'bias': 0.0, 'name': 'WET'}",Android,1115.0,-17.22293,6.0,False,True,3.0,0.0,3.0,0.0,3.0,False,False,"[1.0, 3.0, 3.0, 3.0, 3.0, 3.0]","[1.0, 3.0, 3.0, 3.0, 3.0, 3.0]",6.0,506884.0,4.0,515231.0,3.0,0.0,7.0,4.0,False,36.0,7.0,False,8.0,True,True,32.0,0.0,0.0,"[1.0, 5.0, 1.0, 5.0]",6.0,107.0,0.9390973981119042,81.0,other,other,33,199.0,0.0,194.0,5.0,False,12.0
1290,2020-12-18 23:33:24,494306,525405.0,False,5.0,3.0,3.0,-142.77777,-61.26642,0.0,True,5.0,1.0,2.0,"{'bias': 0.0, 'name': 'WET'}",Android,10473.0,135.54803,8.0,True,False,5.0,4.0,5.0,-4.0,-5.0,False,False,"[-5.0, -5.0, -4.0, -4.0, -3.0, -2.0, -1.0, -0.0]","[-5.0, -5.0, -4.0, -4.0, -3.0, -2.0, -1.0, -0.0]",1.0,525405.0,4.0,538816.0,5.0,0.0,6.0,4.0,False,36.0,7.0,False,8.0,True,True,32.0,36.0,,"[1.0, 3.0, 3.0, 3.0, 3.0, 3.0]",1.0,112.0,0.3794228260035306,107.0,other,other,34,235.0,36.0,195.0,40.0,False,12.0
1290,2020-12-18 23:33:24,494306,527221.0,False,5.0,3.0,3.0,-128.88889,-141.27509,0.0,True,5.0,1.0,2.0,"{'bias': 0.0, 'name': 'WET'}",Android,1816.0,-93.89755,8.0,False,False,5.0,4.0,5.0,-4.0,-5.0,False,False,"[-5.0, -5.0, -4.0, -4.0, -3.0, -2.0, -1.0, -0.0]","[-5.0, -5.0, -4.0, -4.0, -3.0, -2.0, -1.0, -0.0]",1.0,525405.0,4.0,538816.0,5.0,0.0,6.0,4.0,False,36.0,7.0,False,8.0,True,True,32.0,36.0,36.0,"[1.0, 3.0, 3.0, 3.0, 3.0, 3.0]",1.0,112.0,0.3794228260035306,107.0,other,other,34,235.0,36.0,195.0,40.0,False,12.0
1290,2020-12-18 23:33:24,494306,528557.0,False,5.0,3.0,3.0,69.44446,266.54694,0.0,True,4.0,1.0,2.0,"{'bias': 0.0, 'name': 'WET'}",Android,1336.0,209.48868,8.0,False,False,5.0,3.0,4.0,-3.0,-4.0,False,False,"[-5.0, -5.0, -4.0, -4.0, -3.0, -2.0, -1.0, -0.0]","[-5.0, -5.0, -4.0, -4.0, -3.0, -2.0, -1.0, -0.0]",1.0,525405.0,4.0,538816.0,5.0,0.0,6.0,4.0,False,36.0,7.0,False,8.0,True,True,32.0,36.0,36.0,"[1.0, 3.0, 3.0, 3.0, 3.0, 3.0]",1.0,112.0,0.3794228260035306,107.0,other,other,34,235.0,36.0,195.0,40.0,False,12.0
1290,2020-12-18 23:33:24,494306,532268.0,False,5.0,3.0,3.0,-38.888885,-166.83344,0.0,True,4.0,1.0,2.0,"{'bias': 0.0, 'name': 'WET'}",Android,3711.0,-325.04703,8.0,False,False,5.0,3.0,4.0,-3.0,-4.0,False,False,"[-5.0, -5.0, -4.0, -4.0, -3.0, -2.0, -1.0, -0.0]","[-5.0, -5.0, -4.0, -4.0, -3.0, -2.0, -1.0, -0.0]",1.0,525405.0,4.0,538816.0,5.0,0.0,6.0,4.0,False,36.0,7.0,False,8.0,True,True,32.0,36.0,36.0,"[1.0, 3.0, 3.0, 3.0, 3.0, 3.0]",1.0,112.0,0.3794228260035306,107.0,other,other,34,235.0,36.0,195.0,40.0,False,12.0
1290,2020-12-18 23:33:24,494306,533331.0,False,5.0,3.0,3.0,-198.33333,88.74988,0.0,True,3.0,1.0,2.0,"{'bias': 0.0, 'name': 'WET'}",Android,1063.0,415.02777,8.0,False,False,5.0,2.0,3.0,-2.0,-3.0,False,False,"[-5.0, -5.0, -4.0, -4.0, -3.0, -2.0, -1.0, -0.0]","[-5.0, -5.0, -4.0, -4.0, -3.0, -2.0, -1.0, -0.0]",1.0,525405.0,4.0,538816.0,5.0,0.0,6.0,4.0,False,36.0,7.0,False,8.0,True,True,32.0,36.0,36.0,"[1.0, 3.0, 3.0, 3.0, 3.0, 3.0]",1.0,112.0,0.3794228260035306,107.0,other,other,34,235.0,36.0,195.0,40.0,False,12.0
1290,2020-12-18 23:33:24,494306,535492.0,False,5.0,3.0,3.0,-235.55554,-107.93811,0.0,True,2.0,1.0,2.0,"{'bias': 0.0, 'name': 'WET'}",Android,2161.0,-159.46577,8.0,False,False,5.0,1.0,2.0,-1.0,-2.0,False,False,"[-5.0, -5.0, -4.0, -4.0, -3.0, -2.0, -1.0, -0.0]","[-5.0, -5.0, -4.0, -4.0, -3.0, -2.0, -1.0, -0.0]",1.0,525405.0,4.0,538816.0,5.0,0.0,6.0,4.0,False,36.0,7.0,False,8.0,True,True,32.0,36.0,36.0,"[1.0, 3.0, 3.0, 3.0, 3.0, 3.0]",1.0,112.0,0.3794228260035306,107.0,other,other,34,235.0,36.0,195.0,40.0,False,12.0
1290,2020-12-18 23:33:24,494306,537054.0,False,5.0,3.0,3.0,45.00003,-182.39069,0.0,True,1.0,1.0,2.0,"{'bias': 0.0, 'name': 'WET'}",Android,1562.0,-355.00815,8.0,False,False,5.0,0.0,1.0,-0.0,-1.0,False,False,"[-5.0, -5.0, -4.0, -4.0, -3.0, -2.0, -1.0, -0.0]","[-5.0, -5.0, -4.0, -4.0, -3.0, -2.0, -1.0, -0.0]",1.0,525405.0,4.0,538816.0,5.0,0.0,6.0,4.0,False,36.0,7.0,False,8.0,True,True,32.0,36.0,36.0,"[1.0, 3.0, 3.0, 3.0, 3.0, 3.0]",1.0,112.0,0.3794228260035306,107.0,other,other,34,235.0,36.0,195.0,40.0,False,12.0
1290,2020-12-18 23:33:24,494306,538236.0,False,5.0,3.0,3.0,157.22223,-72.934326,0.0,True,6.0,1.0,2.0,"{'bias': 0.0, 'name': 'WET'}",Android,1182.0,-2.7658386,8.0,False,True,5.0,5.0,0.0,-5.0,-0.0,True,False,"[-5.0, -5.0, -4.0, -4.0, -3.0, -2.0, -1.0, -0.0]","[-5.0, -5.0, -4.0, -4.0, -3.0, -2.0, -1.0, -0.0]",1.0,525405.0,4.0,538816.0,5.0,0.0,6.0,4.0,False,36.0,7.0,False,8.0,True,True,32.0,36.0,36.0,"[1.0, 3.0, 3.0, 3.0, 3.0, 3.0]",1.0,112.0,0.3794228260035306,107.0,other,other,34,235.0,36.0,195.0,40.0,False,12.0
1290,2020-12-18 23:33:24,494306,546484.0,True,3.0,4.0,4.0,-219.44444,3.740662,0.0,False,4.0,1.0,2.0,"{'bias': 0.0, 'name': 'WET'}",Android,8248.0,453.34167,7.0,True,False,3.0,3.0,0.0,3.0,0.0,False,False,"[0.0, -5.0, -4.0, -3.0, -2.0, -1.0, -0.0]","[0.0, -5.0, -4.0, -3.0, -2.0, -1.0, -0.0]",5.0,546484.0,4.0,555330.0,3.0,0.0,7.0,4.0,True,36.0,7.0,False,8.0,True,True,32.0,0.0,,"[-5.0, -5.0, -4.0, -4.0, -3.0, -2.0, -1.0, -0.0]",5.0,108.0,0.9266635965922172,112.0,other,other,35,235.0,0.0,195.0,40.0,False,12.0
1290,2020-12-18 23:33:24,494306,548154.0,True,3.0,4.0,4.0,-265.55554,38.744446,0.0,True,3.0,1.0,2.0,"{'bias': 0.0, 'name': 'WET'}",Android,1670.0,81.11488,7.0,False,False,3.0,2.0,5.0,-2.0,-5.0,False,False,"[0.0, -5.0, -4.0, -3.0, -2.0, -1.0, -0.0]","[0.0, -5.0, -4.0, -3.0, -2.0, -1.0, -0.0]",5.0,546484.0,4.0,555330.0,3.0,0.0,7.0,4.0,True,36.0,7.0,False,8.0,True,True,32.0,0.0,0.0,"[-5.0, -5.0, -4.0, -4.0, -3.0, -2.0, -1.0, -0.0]",5.0,108.0,0.9266635965922172,112.0,other,other,35,235.0,0.0,195.0,40.0,False,12.0
1290,2020-12-18 23:33:24,494306,549508.0,True,3.0,4.0,4.0,-175.0,-170.72272,0.0,True,2.0,1.0,2.0,"{'bias': 0.0, 'name': 'WET'}",Android,1354.0,-300.0227,7.0,False,False,3.0,1.0,4.0,-1.0,-4.0,False,False,"[0.0, -5.0, -4.0, -3.0, -2.0, -1.0, -0.0]","[0.0, -5.0, -4.0, -3.0, -2.0, -1.0, -0.0]",5.0,546484.0,4.0,555330.0,3.0,0.0,7.0,4.0,True,36.0,7.0,False,8.0,True,True,32.0,0.0,0.0,"[-5.0, -5.0, -4.0, -4.0, -3.0, -2.0, -1.0, -0.0]",5.0,108.0,0.9266635965922172,112.0,other,other,35,235.0,0.0,195.0,40.0,False,12.0
1290,2020-12-18 23:33:24,494306,550699.0,True,3.0,4.0,4.0,16.111115,-196.28107,0.0,True,1.0,1.0,2.0,"{'bias': 0.0, 'name': 'WET'}",Android,1191.0,-216.66946,7.0,False,False,3.0,0.0,3.0,-0.0,-3.0,False,False,"[0.0, -5.0, -4.0, -3.0, -2.0, -1.0, -0.0]","[0.0, -5.0, -4.0, -3.0, -2.0, -1.0, -0.0]",5.0,546484.0,4.0,555330.0,3.0,0.0,7.0,4.0,True,36.0,7.0,False,8.0,True,True,32.0,0.0,0.0,"[-5.0, -5.0, -4.0, -4.0, -3.0, -2.0, -1.0, -0.0]",5.0,108.0,0.9266635965922172,112.0,other,other,35,235.0,0.0,195.0,40.0,False,12.0
1290,2020-12-18 23:33:24,494306,551727.0,True,3.0,4.0,4.0,178.88892,-31.263123,0.0,True,6.0,1.0,2.0,"{'bias': 0.0, 'name': 'WET'}",Android,1028.0,2.2401428,7.0,False,False,3.0,5.0,2.0,-5.0,-2.0,False,False,"[0.0, -5.0, -4.0, -3.0, -2.0, -1.0, -0.0]","[0.0, -5.0, -4.0, -3.0, -2.0, -1.0, -0.0]",5.0,546484.0,4.0,555330.0,3.0,0.0,7.0,4.0,True,36.0,7.0,False,8.0,True,True,32.0,0.0,0.0,"[-5.0, -5.0, -4.0, -4.0, -3.0, -2.0, -1.0, -0.0]",5.0,108.0,0.9266635965922172,112.0,other,other,35,235.0,0.0,195.0,40.0,False,12.0
1290,2020-12-18 23:33:24,494306,552812.0,True,3.0,4.0,4.0,184.44446,246.5448,0.0,True,5.0,1.0,2.0,"{'bias': 0.0, 'name': 'WET'}",Android,1085.0,272.25238,7.0,False,False,3.0,4.0,1.0,-4.0,-1.0,False,False,"[0.0, -5.0, -4.0, -3.0, -2.0, -1.0, -0.0]","[0.0, -5.0, -4.0, -3.0, -2.0, -1.0, -0.0]",5.0,546484.0,4.0,555330.0,3.0,0.0,7.0,4.0,True,36.0,7.0,False,8.0,True,True,32.0,0.0,0.0,"[-5.0, -5.0, -4.0, -4.0, -3.0, -2.0, -1.0, -0.0]",5.0,108.0,0.9266635965922172,112.0,other,other,35,235.0,0.0,195.0,40.0,False,12.0
1290,2020-12-18 23:33:24,494306,555047.0,True,3.0,4.0,4.0,-2.222198,299.8839,0.0,True,4.0,1.0,2.0,"{'bias': 0.0, 'name': 'WET'}",Android,2235.0,240.00577,7.0,False,True,3.0,3.0,0.0,-3.0,-0.0,True,False,"[0.0, -5.0, -4.0, -3.0, -2.0, -1.0, -0.0]","[0.0, -5.0, -4.0, -3.0, -2.0, -1.0, -0.0]",5.0,546484.0,4.0,555330.0,3.0,0.0,7.0,4.0,True,36.0,7.0,False,8.0,True,True,32.0,0.0,0.0,"[-5.0, -5.0, -4.0, -4.0, -3.0, -2.0, -1.0, -0.0]",5.0,108.0,0.9266635965922172,112.0,other,other,35,235.0,0.0,195.0,40.0,False,12.0
1290,2020-12-21 14:16:32,526726,529099.0,False,0.0,0.0,1.0,96.66669,155.42377,0.0,False,6.0,1.0,2.0,"{'bias': 0.0, 'name': 'WET'}",Android,406062.0,-293.90588,6.0,True,False,0.0,5.0,5.0,5.0,5.0,False,False,"[5.0, 5.0, 5.0, 5.0, 5.0, -0.0]","[5.0, 5.0, 5.0, 5.0, 5.0, -0.0]",42.0,529099.0,6.0,531963.0,0.0,0.0,6.0,6.0,False,216.0,11.0,True,8.0,True,False,72.0,36.0,,,42.0,71.0,0.9924783175992018,83.0,other,first,36,271.0,36.0,199.0,72.0,False,12.0
1290,2020-12-21 14:16:32,526726,529322.0,False,0.0,0.0,1.0,84.44446,160.97992,0.0,False,6.0,1.0,2.0,"{'bias': 0.0, 'name': 'WET'}",Android,223.0,17.778381,6.0,False,False,0.0,5.0,5.0,5.0,5.0,False,False,"[5.0, 5.0, 5.0, 5.0, 5.0, -0.0]","[5.0, 5.0, 5.0, 5.0, 5.0, -0.0]",42.0,529099.0,6.0,531963.0,0.0,0.0,6.0,6.0,False,216.0,11.0,True,8.0,True,False,72.0,36.0,36.0,,42.0,71.0,0.9924783175992018,83.0,other,other,36,271.0,36.0,199.0,72.0,False,12.0
1290,2020-12-21 14:16:32,526726,529473.0,False,0.0,0.0,1.0,56.111115,147.64514,0.0,False,6.0,1.0,2.0,"{'bias': 0.0, 'name': 'WET'}",Android,151.0,14.998566,6.0,False,False,0.0,5.0,5.0,5.0,5.0,False,False,"[5.0, 5.0, 5.0, 5.0, 5.0, -0.0]","[5.0, 5.0, 5.0, 5.0, 5.0, -0.0]",42.0,529099.0,6.0,531963.0,0.0,0.0,6.0,6.0,False,216.0,11.0,True,8.0,True,False,72.0,36.0,36.0,,42.0,71.0,0.9924783175992018,83.0,other,other,36,271.0,36.0,199.0,72.0,False,12.0
1290,2020-12-21 14:16:32,526726,529664.0,False,0.0,0.0,1.0,69.44446,155.42377,0.0,False,6.0,1.0,2.0,"{'bias': 0.0, 'name': 'WET'}",Android,191.0,-5.554718,6.0,False,False,0.0,5.0,5.0,5.0,5.0,False,False,"[5.0, 5.0, 5.0, 5.0, 5.0, -0.0]","[5.0, 5.0, 5.0, 5.0, 5.0, -0.0]",42.0,529099.0,6.0,531963.0,0.0,0.0,6.0,6.0,False,216.0,11.0,True,8.0,True,False,72.0,36.0,36.0,,42.0,71.0,0.9924783175992018,83.0,other,other,36,271.0,36.0,199.0,72.0,False,12.0
1290,2020-12-21 14:16:32,526726,529882.0,False,0.0,0.0,1.0,72.22223,154.86816,0.0,False,6.0,1.0,2.0,"{'bias': 0.0, 'name': 'WET'}",Android,218.0,-3.333374,6.0,False,False,0.0,5.0,5.0,5.0,5.0,False,False,"[5.0, 5.0, 5.0, 5.0, 5.0, -0.0]","[5.0, 5.0, 5.0, 5.0, 5.0, -0.0]",42.0,529099.0,6.0,531963.0,0.0,0.0,6.0,6.0,False,216.0,11.0,True,8.0,True,False,72.0,36.0,36.0,,42.0,71.0,0.9924783175992018,83.0,other,other,36,271.0,36.0,199.0,72.0,False,12.0
1290,2020-12-21 14:16:32,526726,531383.0,False,0.0,0.0,1.0,87.22223,198.76184,0.0,True,1.0,1.0,2.0,"{'bias': 0.0, 'name': 'WET'}",Android,1501.0,28.893677,6.0,False,True,0.0,0.0,0.0,-0.0,-0.0,True,False,"[5.0, 5.0, 5.0, 5.0, 5.0, -0.0]","[5.0, 5.0, 5.0, 5.0, 5.0, -0.0]",42.0,529099.0,6.0,531963.0,0.0,0.0,6.0,6.0,False,216.0,11.0,True,8.0,True,False,72.0,36.0,36.0,,42.0,71.0,0.9924783175992018,83.0,other,other,36,271.0,36.0,199.0,72.0,False,12.0
1290,2020-12-21 14:16:32,526726,535315.0,False,4.0,2.0,2.0,94.44446,112.085754,0.0,False,6.0,1.0,2.0,"{'bias': 0.0, 'name': 'WET'}",Android,3932.0,-93.898315,6.0,True,False,4.0,5.0,1.0,5.0,1.0,False,False,"[1.0, 1.0, 1.0, 1.0, 1.0, -0.0]","[1.0, 1.0, 1.0, 1.0, 1.0, -0.0]",30.0,535315.0,6.0,538239.0,4.0,0.0,6.0,6.0,False,216.0,11.0,True,8.0,True,False,72.0,36.0,,"[5.0, 5.0, 5.0, 5.0, 5.0, -0.0]",30.0,83.0,0.9892163634968149,71.0,other,other,37,307.0,36.0,199.0,108.0,False,12.0
1290,2020-12-21 14:16:32,526726,535510.0,False,4.0,2.0,2.0,140.55557,149.31201,0.0,False,6.0,1.0,2.0,"{'bias': 0.0, 'name': 'WET'}",Android,195.0,-8.884857,6.0,False,False,4.0,5.0,1.0,5.0,1.0,False,False,"[1.0, 1.0, 1.0, 1.0, 1.0, -0.0]","[1.0, 1.0, 1.0, 1.0, 1.0, -0.0]",30.0,535315.0,6.0,538239.0,4.0,0.0,6.0,6.0,False,216.0,11.0,True,8.0,True,False,72.0,36.0,36.0,"[5.0, 5.0, 5.0, 5.0, 5.0, -0.0]",30.0,83.0,0.9892163634968149,71.0,other,other,37,307.0,36.0,199.0,108.0,False,12.0
1290,2020-12-21 14:16:32,526726,535722.0,False,4.0,2.0,2.0,135.00003,167.09174,0.0,False,6.0,1.0,2.0,"{'bias': 0.0, 'name': 'WET'}",Android,212.0,23.335266,6.0,False,False,4.0,5.0,1.0,5.0,1.0,False,False,"[1.0, 1.0, 1.0, 1.0, 1.0, -0.0]","[1.0, 1.0, 1.0, 1.0, 1.0, -0.0]",30.0,535315.0,6.0,538239.0,4.0,0.0,6.0,6.0,False,216.0,11.0,True,8.0,True,False,72.0,36.0,36.0,"[5.0, 5.0, 5.0, 5.0, 5.0, -0.0]",30.0,83.0,0.9892163634968149,71.0,other,other,37,307.0,36.0,199.0,108.0,False,12.0
1290,2020-12-21 14:16:32,526726,535887.0,False,4.0,2.0,2.0,122.22223,149.86761,0.0,False,6.0,1.0,2.0,"{'bias': 0.0, 'name': 'WET'}",Android,165.0,-4.4463196,6.0,False,False,4.0,5.0,1.0,5.0,1.0,False,False,"[1.0, 1.0, 1.0, 1.0, 1.0, -0.0]","[1.0, 1.0, 1.0, 1.0, 1.0, -0.0]",30.0,535315.0,6.0,538239.0,4.0,0.0,6.0,6.0,False,216.0,11.0,True,8.0,True,False,72.0,36.0,36.0,"[5.0, 5.0, 5.0, 5.0, 5.0, -0.0]",30.0,83.0,0.9892163634968149,71.0,other,other,37,307.0,36.0,199.0,108.0,False,12.0
1290,2020-12-21 14:16:32,526726,536107.0,False,4.0,2.0,2.0,121.111145,154.86816,0.0,False,6.0,1.0,2.0,"{'bias': 0.0, 'name': 'WET'}",Android,220.0,6.1116333,6.0,False,False,4.0,5.0,1.0,5.0,1.0,False,False,"[1.0, 1.0, 1.0, 1.0, 1.0, -0.0]","[1.0, 1.0, 1.0, 1.0, 1.0, -0.0]",30.0,535315.0,6.0,538239.0,4.0,0.0,6.0,6.0,False,216.0,11.0,True,8.0,True,False,72.0,36.0,36.0,"[5.0, 5.0, 5.0, 5.0, 5.0, -0.0]",30.0,83.0,0.9892163634968149,71.0,other,other,37,307.0,36.0,199.0,108.0,False,12.0
1290,2020-12-21 14:16:32,526726,537651.0,False,4.0,2.0,2.0,50.00003,182.64893,0.0,True,5.0,1.0,2.0,"{'bias': 0.0, 'name': 'WET'}",Android,1544.0,98.89188,6.0,False,True,4.0,4.0,0.0,-4.0,-0.0,True,False,"[1.0, 1.0, 1.0, 1.0, 1.0, -0.0]","[1.0, 1.0, 1.0, 1.0, 1.0, -0.0]",30.0,535315.0,6.0,538239.0,4.0,0.0,6.0,6.0,False,216.0,11.0,True,8.0,True,False,72.0,36.0,36.0,"[5.0, 5.0, 5.0, 5.0, 5.0, -0.0]",30.0,83.0,0.9892163634968149,71.0,other,other,37,307.0,36.0,199.0,108.0,False,12.0
1290,2020-12-21 14:16:32,526726,542048.0,True,5.0,5.0,3.0,180.00003,-0.704285,0.0,False,1.0,1.0,2.0,"{'bias': 0.0, 'name': 'WET'}",Android,4397.0,-313.3532,6.0,True,False,1.0,0.0,5.0,0.0,5.0,False,False,"[5.0, 5.0, 5.0, 5.0, 5.0, -0.0]","[5.0, 5.0, 5.0, 5.0, 5.0, -0.0]",42.0,542048.0,6.0,545807.0,1.0,0.0,6.0,6.0,False,216.0,11.0,True,8.0,True,False,72.0,36.0,,"[1.0, 1.0, 1.0, 1.0, 1.0, -0.0]",42.0,71.0,0.9924783175992018,83.0,other,other,38,343.0,36.0,199.0,144.0,True,12.0
1290,2020-12-21 14:16:32,526726,542538.0,True,5.0,5.0,3.0,162.22223,7.629944,0.0,False,1.0,1.0,2.0,"{'bias': 0.0, 'name': 'WET'}",Android,490.0,26.11203,6.0,False,False,1.0,0.0,5.0,0.0,5.0,False,False,"[5.0, 5.0, 5.0, 5.0, 5.0, -0.0]","[5.0, 5.0, 5.0, 5.0, 5.0, -0.0]",42.0,542048.0,6.0,545807.0,1.0,0.0,6.0,6.0,False,216.0,11.0,True,8.0,True,False,72.0,36.0,36.0,"[1.0, 1.0, 1.0, 1.0, 1.0, -0.0]",42.0,71.0,0.9924783175992018,83.0,other,other,38,343.0,36.0,199.0,144.0,True,12.0
1290,2020-12-21 14:16:32,526726,543062.0,True,5.0,5.0,3.0,174.44446,-10.149719,0.0,False,1.0,1.0,2.0,"{'bias': 0.0, 'name': 'WET'}",Android,524.0,-30.001892,6.0,False,False,1.0,0.0,5.0,0.0,5.0,False,False,"[5.0, 5.0, 5.0, 5.0, 5.0, -0.0]","[5.0, 5.0, 5.0, 5.0, 5.0, -0.0]",42.0,542048.0,6.0,545807.0,1.0,0.0,6.0,6.0,False,216.0,11.0,True,8.0,True,False,72.0,36.0,36.0,"[1.0, 1.0, 1.0, 1.0, 1.0, -0.0]",42.0,71.0,0.9924783175992018,83.0,other,other,38,343.0,36.0,199.0,144.0,True,12.0
1290,2020-12-21 14:16:32,526726,543283.0,True,5.0,5.0,3.0,176.66669,3.740662,0.0,False,1.0,1.0,2.0,"{'bias': 0.0, 'name': 'WET'}",Android,221.0,11.668152,6.0,False,False,1.0,0.0,5.0,0.0,5.0,False,False,"[5.0, 5.0, 5.0, 5.0, 5.0, -0.0]","[5.0, 5.0, 5.0, 5.0, 5.0, -0.0]",42.0,542048.0,6.0,545807.0,1.0,0.0,6.0,6.0,False,216.0,11.0,True,8.0,True,False,72.0,36.0,36.0,"[1.0, 1.0, 1.0, 1.0, 1.0, -0.0]",42.0,71.0,0.9924783175992018,83.0,other,other,38,343.0,36.0,199.0,144.0,True,12.0
1290,2020-12-21 14:16:32,526726,544443.0,True,5.0,5.0,3.0,152.7778,-9.594116,0.0,False,1.0,1.0,2.0,"{'bias': 0.0, 'name': 'WET'}",Android,1160.0,10.554108,6.0,False,False,1.0,0.0,5.0,0.0,5.0,False,False,"[5.0, 5.0, 5.0, 5.0, 5.0, -0.0]","[5.0, 5.0, 5.0, 5.0, 5.0, -0.0]",42.0,542048.0,6.0,545807.0,1.0,0.0,6.0,6.0,False,216.0,11.0,True,8.0,True,False,72.0,36.0,36.0,"[1.0, 1.0, 1.0, 1.0, 1.0, -0.0]",42.0,71.0,0.9924783175992018,83.0,other,other,38,343.0,36.0,199.0,144.0,True,12.0
1290,2020-12-21 14:16:32,526726,545219.0,True,5.0,5.0,3.0,210.00003,119.308716,0.0,True,2.0,1.0,2.0,"{'bias': 0.0, 'name': 'WET'}",Android,776.0,71.6806,6.0,False,True,1.0,1.0,0.0,-1.0,-0.0,True,False,"[5.0, 5.0, 5.0, 5.0, 5.0, -0.0]","[5.0, 5.0, 5.0, 5.0, 5.0, -0.0]",42.0,542048.0,6.0,545807.0,1.0,0.0,6.0,6.0,False,216.0,11.0,True,8.0,True,False,72.0,36.0,36.0,"[1.0, 1.0, 1.0, 1.0, 1.0, -0.0]",42.0,71.0,0.9924783175992018,83.0,other,other,38,343.0,36.0,199.0,144.0,True,12.0
1290,2020-12-21 14:16:32,526726,549142.0,True,5.0,4.0,4.0,162.7778,18.186646,0.0,False,1.0,1.0,2.0,"{'bias': 0.0, 'name': 'WET'}",Android,3923.0,-53.89984,6.0,True,False,1.0,0.0,5.0,0.0,5.0,False,False,"[5.0, 5.0, 5.0, 5.0, 5.0, -0.0]","[5.0, 5.0, 5.0, 5.0, 5.0, -0.0]",42.0,549142.0,6.0,552815.0,1.0,0.0,6.0,6.0,False,216.0,11.0,True,8.0,True,False,72.0,36.0,,"[5.0, 5.0, 5.0, 5.0, 5.0, -0.0]",42.0,71.0,0.9924783175992018,71.0,other,other,39,379.0,36.0,199.0,180.0,True,12.0
1290,2020-12-21 14:16:32,526726,549575.0,True,5.0,4.0,4.0,168.33334,32.077087,0.0,False,1.0,1.0,2.0,"{'bias': 0.0, 'name': 'WET'}",Android,433.0,8.3349,6.0,False,False,1.0,0.0,5.0,0.0,5.0,False,False,"[5.0, 5.0, 5.0, 5.0, 5.0, -0.0]","[5.0, 5.0, 5.0, 5.0, 5.0, -0.0]",42.0,549142.0,6.0,552815.0,1.0,0.0,6.0,6.0,False,216.0,11.0,True,8.0,True,False,72.0,36.0,36.0,"[5.0, 5.0, 5.0, 5.0, 5.0, -0.0]",42.0,71.0,0.9924783175992018,71.0,other,other,39,379.0,36.0,199.0,180.0,True,12.0
1290,2020-12-21 14:16:32,526726,549989.0,True,5.0,4.0,4.0,173.33334,34.855164,0.0,False,1.0,1.0,2.0,"{'bias': 0.0, 'name': 'WET'}",Android,414.0,-2.2219238,6.0,False,False,1.0,0.0,5.0,0.0,5.0,False,False,"[5.0, 5.0, 5.0, 5.0, 5.0, -0.0]","[5.0, 5.0, 5.0, 5.0, 5.0, -0.0]",42.0,549142.0,6.0,552815.0,1.0,0.0,6.0,6.0,False,216.0,11.0,True,8.0,True,False,72.0,36.0,36.0,"[5.0, 5.0, 5.0, 5.0, 5.0, -0.0]",42.0,71.0,0.9924783175992018,71.0,other,other,39,379.0,36.0,199.0,180.0,True,12.0
1290,2020-12-21 14:16:32,526726,550541.0,True,5.0,4.0,4.0,178.33334,18.742249,0.0,False,1.0,1.0,2.0,"{'bias': 0.0, 'name': 'WET'}",Android,552.0,-21.112915,6.0,False,False,1.0,0.0,5.0,0.0,5.0,False,False,"[5.0, 5.0, 5.0, 5.0, 5.0, -0.0]","[5.0, 5.0, 5.0, 5.0, 5.0, -0.0]",42.0,549142.0,6.0,552815.0,1.0,0.0,6.0,6.0,False,216.0,11.0,True,8.0,True,False,72.0,36.0,36.0,"[5.0, 5.0, 5.0, 5.0, 5.0, -0.0]",42.0,71.0,0.9924783175992018,71.0,other,other,39,379.0,36.0,199.0,180.0,True,12.0
1290,2020-12-21 14:16:32,526726,551646.0,True,5.0,4.0,4.0,177.22226,47.634277,0.0,False,1.0,1.0,2.0,"{'bias': 0.0, 'name': 'WET'}",Android,1105.0,30.003113,6.0,False,False,1.0,0.0,5.0,0.0,5.0,False,False,"[5.0, 5.0, 5.0, 5.0, 5.0, -0.0]","[5.0, 5.0, 5.0, 5.0, 5.0, -0.0]",42.0,549142.0,6.0,552815.0,1.0,0.0,6.0,6.0,False,216.0,11.0,True,8.0,True,False,72.0,36.0,36.0,"[5.0, 5.0, 5.0, 5.0, 5.0, -0.0]",42.0,71.0,0.9924783175992018,71.0,other,other,39,379.0,36.0,199.0,180.0,True,12.0
1290,2020-12-21 14:16:32,526726,552227.0,True,5.0,4.0,4.0,184.44446,119.308716,0.0,True,2.0,1.0,2.0,"{'bias': 0.0, 'name': 'WET'}",Android,581.0,64.45224,6.0,False,True,1.0,1.0,0.0,-1.0,-0.0,True,False,"[5.0, 5.0, 5.0, 5.0, 5.0, -0.0]","[5.0, 5.0, 5.0, 5.0, 5.0, -0.0]",42.0,549142.0,6.0,552815.0,1.0,0.0,6.0,6.0,False,216.0,11.0,True,8.0,True,False,72.0,36.0,36.0,"[5.0, 5.0, 5.0, 5.0, 5.0, -0.0]",42.0,71.0,0.9924783175992018,71.0,other,other,39,379.0,36.0,199.0,180.0,True,12.0
1290,2020-12-21 14:16:32,526726,555992.0,False,4.0,1.0,5.0,68.33334,158.75745,0.0,False,6.0,1.0,2.0,"{'bias': 0.0, 'name': 'WET'}",Android,3765.0,155.55984,6.0,True,False,4.0,5.0,1.0,5.0,1.0,False,False,"[1.0, 1.0, 1.0, 1.0, 1.0, -0.0]","[1.0, 1.0, 1.0, 1.0, 1.0, -0.0]",30.0,555992.0,6.0,559558.0,4.0,0.0,6.0,6.0,False,216.0,11.0,True,8.0,True,False,72.0,36.0,,"[5.0, 5.0, 5.0, 5.0, 5.0, -0.0]",30.0,83.0,0.9892163634968149,71.0,other,other,40,415.0,36.0,235.0,180.0,True,12.0
1290,2020-12-21 14:16:32,526726,556509.0,False,4.0,1.0,5.0,70.55557,147.64514,0.0,False,6.0,1.0,2.0,"{'bias': 0.0, 'name': 'WET'}",Android,517.0,-13.334534,6.0,False,False,4.0,5.0,1.0,5.0,1.0,False,False,"[1.0, 1.0, 1.0, 1.0, 1.0, -0.0]","[1.0, 1.0, 1.0, 1.0, 1.0, -0.0]",30.0,555992.0,6.0,559558.0,4.0,0.0,6.0,6.0,False,216.0,11.0,True,8.0,True,False,72.0,36.0,36.0,"[5.0, 5.0, 5.0, 5.0, 5.0, -0.0]",30.0,83.0,0.9892163634968149,71.0,other,other,40,415.0,36.0,235.0,180.0,True,12.0
1290,2020-12-21 14:16:32,526726,556923.0,False,4.0,1.0,5.0,81.111115,158.75745,0.0,False,6.0,1.0,2.0,"{'bias': 0.0, 'name': 'WET'}",Android,414.0,0.5567627,6.0,False,False,4.0,5.0,1.0,5.0,1.0,False,False,"[1.0, 1.0, 1.0, 1.0, 1.0, -0.0]","[1.0, 1.0, 1.0, 1.0, 1.0, -0.0]",30.0,555992.0,6.0,559558.0,4.0,0.0,6.0,6.0,False,216.0,11.0,True,8.0,True,False,72.0,36.0,36.0,"[5.0, 5.0, 5.0, 5.0, 5.0, -0.0]",30.0,83.0,0.9892163634968149,71.0,other,other,40,415.0,36.0,235.0,180.0,True,12.0
1290,2020-12-21 14:16:32,526726,557308.0,False,4.0,1.0,5.0,81.111115,159.31311,0.0,False,6.0,1.0,2.0,"{'bias': 0.0, 'name': 'WET'}",Android,385.0,0.55566406,6.0,False,False,4.0,5.0,1.0,5.0,1.0,False,False,"[1.0, 1.0, 1.0, 1.0, 1.0, -0.0]","[1.0, 1.0, 1.0, 1.0, 1.0, -0.0]",30.0,555992.0,6.0,559558.0,4.0,0.0,6.0,6.0,False,216.0,11.0,True,8.0,True,False,72.0,36.0,36.0,"[5.0, 5.0, 5.0, 5.0, 5.0, -0.0]",30.0,83.0,0.9892163634968149,71.0,other,other,40,415.0,36.0,235.0,180.0,True,12.0
1290,2020-12-21 14:16:32,526726,558274.0,False,4.0,1.0,5.0,95.00003,159.31311,0.0,False,6.0,1.0,2.0,"{'bias': 0.0, 'name': 'WET'}",Android,966.0,-13.888916,6.0,False,False,4.0,5.0,1.0,5.0,1.0,False,False,"[1.0, 1.0, 1.0, 1.0, 1.0, -0.0]","[1.0, 1.0, 1.0, 1.0, 1.0, -0.0]",30.0,555992.0,6.0,559558.0,4.0,0.0,6.0,6.0,False,216.0,11.0,True,8.0,True,False,72.0,36.0,36.0,"[5.0, 5.0, 5.0, 5.0, 5.0, -0.0]",30.0,83.0,0.9892163634968149,71.0,other,other,40,415.0,36.0,235.0,180.0,True,12.0
1290,2020-12-21 14:16:32,526726,558967.0,False,4.0,1.0,5.0,153.88892,259.87958,0.0,True,5.0,1.0,2.0,"{'bias': 0.0, 'name': 'WET'}",Android,693.0,41.67758,6.0,False,True,4.0,4.0,0.0,-4.0,-0.0,True,False,"[1.0, 1.0, 1.0, 1.0, 1.0, -0.0]","[1.0, 1.0, 1.0, 1.0, 1.0, -0.0]",30.0,555992.0,6.0,559558.0,4.0,0.0,6.0,6.0,False,216.0,11.0,True,8.0,True,False,72.0,36.0,36.0,"[5.0, 5.0, 5.0, 5.0, 5.0, -0.0]",30.0,83.0,0.9892163634968149,71.0,other,other,40,415.0,36.0,235.0,180.0,True,12.0
1290,2020-12-21 14:16:32,526726,562700.0,False,0.0,3.0,6.0,82.7778,152.64569,0.0,False,6.0,1.0,2.0,"{'bias': 0.0, 'name': 'WET'}",Android,3733.0,-36.122772,6.0,True,False,0.0,5.0,5.0,5.0,5.0,False,False,"[5.0, 5.0, 5.0, 5.0, 5.0, -0.0]","[5.0, 5.0, 5.0, 5.0, 5.0, -0.0]",42.0,562700.0,6.0,566435.0,0.0,0.0,6.0,6.0,True,216.0,11.0,True,8.0,True,False,72.0,36.0,,"[1.0, 1.0, 1.0, 1.0, 1.0, -0.0]",42.0,71.0,0.9924783175992018,83.0,other,other,41,451.0,36.0,235.0,216.0,True,12.0
1290,2020-12-21 14:16:32,526726,563190.0,False,0.0,3.0,6.0,93.33334,154.86816,0.0,False,6.0,1.0,2.0,"{'bias': 0.0, 'name': 'WET'}",Android,490.0,-8.333069,6.0,False,False,0.0,5.0,5.0,5.0,5.0,False,False,"[5.0, 5.0, 5.0, 5.0, 5.0, -0.0]","[5.0, 5.0, 5.0, 5.0, 5.0, -0.0]",42.0,562700.0,6.0,566435.0,0.0,0.0,6.0,6.0,True,216.0,11.0,True,8.0,True,False,72.0,36.0,36.0,"[1.0, 1.0, 1.0, 1.0, 1.0, -0.0]",42.0,71.0,0.9924783175992018,83.0,other,other,41,451.0,36.0,235.0,216.0,True,12.0
1290,2020-12-21 14:16:32,526726,563687.0,False,0.0,3.0,6.0,93.33334,157.64624,0.0,False,6.0,1.0,2.0,"{'bias': 0.0, 'name': 'WET'}",Android,497.0,2.7780762,6.0,False,False,0.0,5.0,5.0,5.0,5.0,False,False,"[5.0, 5.0, 5.0, 5.0, 5.0, -0.0]","[5.0, 5.0, 5.0, 5.0, 5.0, -0.0]",42.0,562700.0,6.0,566435.0,0.0,0.0,6.0,6.0,True,216.0,11.0,True,8.0,True,False,72.0,36.0,36.0,"[1.0, 1.0, 1.0, 1.0, 1.0, -0.0]",42.0,71.0,0.9924783175992018,83.0,other,other,41,451.0,36.0,235.0,216.0,True,12.0
1290,2020-12-21 14:16:32,526726,564322.0,False,0.0,3.0,6.0,93.33334,155.42377,0.0,False,6.0,1.0,2.0,"{'bias': 0.0, 'name': 'WET'}",Android,635.0,-2.2224731,6.0,False,False,0.0,5.0,5.0,5.0,5.0,False,False,"[5.0, 5.0, 5.0, 5.0, 5.0, -0.0]","[5.0, 5.0, 5.0, 5.0, 5.0, -0.0]",42.0,562700.0,6.0,566435.0,0.0,0.0,6.0,6.0,True,216.0,11.0,True,8.0,True,False,72.0,36.0,36.0,"[1.0, 1.0, 1.0, 1.0, 1.0, -0.0]",42.0,71.0,0.9924783175992018,83.0,other,other,41,451.0,36.0,235.0,216.0,True,12.0
1290,2020-12-21 14:16:32,526726,565180.0,False,0.0,3.0,6.0,91.66669,158.75745,0.0,False,6.0,1.0,2.0,"{'bias': 0.0, 'name': 'WET'}",Android,858.0,5.0003357,6.0,False,False,0.0,5.0,5.0,5.0,5.0,False,False,"[5.0, 5.0, 5.0, 5.0, 5.0, -0.0]","[5.0, 5.0, 5.0, 5.0, 5.0, -0.0]",42.0,562700.0,6.0,566435.0,0.0,0.0,6.0,6.0,True,216.0,11.0,True,8.0,True,False,72.0,36.0,36.0,"[1.0, 1.0, 1.0, 1.0, 1.0, -0.0]",42.0,71.0,0.9924783175992018,83.0,other,other,41,451.0,36.0,235.0,216.0,True,12.0
1290,2020-12-21 14:16:32,526726,565845.0,False,0.0,3.0,6.0,151.11115,169.86981,0.0,True,1.0,1.0,2.0,"{'bias': 0.0, 'name': 'WET'}",Android,665.0,-48.332092,6.0,False,True,0.0,0.0,0.0,-0.0,-0.0,True,False,"[5.0, 5.0, 5.0, 5.0, 5.0, -0.0]","[5.0, 5.0, 5.0, 5.0, 5.0, -0.0]",42.0,562700.0,6.0,566435.0,0.0,0.0,6.0,6.0,True,216.0,11.0,True,8.0,True,False,72.0,36.0,36.0,"[1.0, 1.0, 1.0, 1.0, 1.0, -0.0]",42.0,71.0,0.9924783175992018,83.0,other,other,41,451.0,36.0,235.0,216.0,True,12.0
1290,2020-12-18 23:34:33,563164,564870.0,True,1.0,5.0,1.0,-112.22221,203.76233,0.0,False,5.0,1.0,2.0,"{'bias': 0.0, 'name': 'WET'}",Android,9823.0,13.878433,6.0,True,False,5.0,4.0,5.0,4.0,5.0,False,False,"[5.0, -4.0, 3.0, -2.0, -1.0, -0.0]","[5.0, -4.0, 3.0, -2.0, -1.0, -0.0]",1.0,564870.0,6.0,571535.0,5.0,0.0,6.0,6.0,False,216.0,8.0,True,8.0,True,True,180.0,36.0,,,1.0,112.0,0.3794228260035306,108.0,other,first,42,487.0,36.0,271.0,216.0,True,12.0
1290,2020-12-18 23:34:33,563164,566492.0,True,1.0,5.0,1.0,-140.55554,185.98267,0.0,True,4.0,1.0,2.0,"{'bias': 0.0, 'name': 'WET'}",Android,1622.0,10.553665,6.0,False,False,5.0,3.0,4.0,-3.0,-4.0,False,False,"[5.0, -4.0, 3.0, -2.0, -1.0, -0.0]","[5.0, -4.0, 3.0, -2.0, -1.0, -0.0]",1.0,564870.0,6.0,571535.0,5.0,0.0,6.0,6.0,False,216.0,8.0,True,8.0,True,True,180.0,36.0,36.0,,1.0,112.0,0.3794228260035306,108.0,other,other,42,487.0,36.0,271.0,216.0,True,12.0
1290,2020-12-18 23:34:33,563164,567505.0,True,1.0,5.0,1.0,-95.55554,-98.492676,0.0,False,3.0,1.0,2.0,"{'bias': 0.0, 'name': 'WET'}",Android,1013.0,-329.47534,6.0,False,False,5.0,2.0,3.0,2.0,3.0,False,False,"[5.0, -4.0, 3.0, -2.0, -1.0, -0.0]","[5.0, -4.0, 3.0, -2.0, -1.0, -0.0]",1.0,564870.0,6.0,571535.0,5.0,0.0,6.0,6.0,False,216.0,8.0,True,8.0,True,True,180.0,36.0,36.0,,1.0,112.0,0.3794228260035306,108.0,other,other,42,487.0,36.0,271.0,216.0,True,12.0
1290,2020-12-18 23:34:33,563164,568573.0,True,1.0,5.0,1.0,-81.1111,-126.8291,0.0,True,2.0,1.0,2.0,"{'bias': 0.0, 'name': 'WET'}",Android,1068.0,-42.78087,6.0,False,False,5.0,1.0,2.0,-1.0,-2.0,False,False,"[5.0, -4.0, 3.0, -2.0, -1.0, -0.0]","[5.0, -4.0, 3.0, -2.0, -1.0, -0.0]",1.0,564870.0,6.0,571535.0,5.0,0.0,6.0,6.0,False,216.0,8.0,True,8.0,True,True,180.0,36.0,36.0,,1.0,112.0,0.3794228260035306,108.0,other,other,42,487.0,36.0,271.0,216.0,True,12.0
1290,2020-12-18 23:34:33,563164,569643.0,True,1.0,5.0,1.0,58.888916,-192.39175,0.0,True,1.0,1.0,2.0,"{'bias': 0.0, 'name': 'WET'}",Android,1070.0,-205.56267,6.0,False,False,5.0,0.0,1.0,-0.0,-1.0,False,False,"[5.0, -4.0, 3.0, -2.0, -1.0, -0.0]","[5.0, -4.0, 3.0, -2.0, -1.0, -0.0]",1.0,564870.0,6.0,571535.0,5.0,0.0,6.0,6.0,False,216.0,8.0,True,8.0,True,True,180.0,36.0,36.0,,1.0,112.0,0.3794228260035306,108.0,other,other,42,487.0,36.0,271.0,216.0,True,12.0
1290,2020-12-18 23:34:33,563164,570957.0,True,1.0,5.0,1.0,164.44446,-107.38251,0.0,True,6.0,1.0,2.0,"{'bias': 0.0, 'name': 'WET'}",Android,1314.0,-20.546295,6.0,False,True,5.0,5.0,0.0,-5.0,-0.0,True,False,"[5.0, -4.0, 3.0, -2.0, -1.0, -0.0]","[5.0, -4.0, 3.0, -2.0, -1.0, -0.0]",1.0,564870.0,6.0,571535.0,5.0,0.0,6.0,6.0,False,216.0,8.0,True,8.0,True,True,180.0,36.0,36.0,,1.0,112.0,0.3794228260035306,108.0,other,other,42,487.0,36.0,271.0,216.0,True,12.0
1290,2020-12-18 23:34:33,563164,577756.0,True,3.0,0.0,2.0,-98.888885,-187.39117,0.0,False,3.0,1.0,2.0,"{'bias': 0.0, 'name': 'WET'}",Android,6799.0,183.32468,6.0,True,False,3.0,2.0,5.0,2.0,5.0,False,False,"[5.0, -4.0, -3.0, -2.0, -1.0, -0.0]","[5.0, -4.0, -3.0, -2.0, -1.0, -0.0]",13.0,577756.0,6.0,583749.0,3.0,0.0,6.0,6.0,False,216.0,8.0,True,8.0,True,True,180.0,36.0,,"[5.0, -4.0, 3.0, -2.0, -1.0, -0.0]",13.0,100.0,0.9732136004298104,112.0,other,other,43,523.0,36.0,307.0,216.0,True,12.0
1290,2020-12-18 23:34:33,563164,579585.0,True,3.0,0.0,2.0,-124.44444,-187.39117,0.0,True,2.0,1.0,2.0,"{'bias': 0.0, 'name': 'WET'}",Android,1829.0,25.555557,6.0,False,False,3.0,1.0,4.0,-1.0,-4.0,False,False,"[5.0, -4.0, -3.0, -2.0, -1.0, -0.0]","[5.0, -4.0, -3.0, -2.0, -1.0, -0.0]",13.0,577756.0,6.0,583749.0,3.0,0.0,6.0,6.0,False,216.0,8.0,True,8.0,True,True,180.0,36.0,36.0,"[5.0, -4.0, 3.0, -2.0, -1.0, -0.0]",13.0,100.0,0.9732136004298104,112.0,other,other,43,523.0,36.0,307.0,216.0,True,12.0
1290,2020-12-18 23:34:33,563164,580608.0,True,3.0,0.0,2.0,56.111115,-179.05695,0.0,True,1.0,1.0,2.0,"{'bias': 0.0, 'name': 'WET'}",Android,1023.0,-172.22133,6.0,False,False,3.0,0.0,3.0,-0.0,-3.0,False,False,"[5.0, -4.0, -3.0, -2.0, -1.0, -0.0]","[5.0, -4.0, -3.0, -2.0, -1.0, -0.0]",13.0,577756.0,6.0,583749.0,3.0,0.0,6.0,6.0,False,216.0,8.0,True,8.0,True,True,180.0,36.0,36.0,"[5.0, -4.0, 3.0, -2.0, -1.0, -0.0]",13.0,100.0,0.9732136004298104,112.0,other,other,43,523.0,36.0,307.0,216.0,True,12.0
1290,2020-12-18 23:34:33,563164,581440.0,True,3.0,0.0,2.0,163.33334,18.186646,0.0,True,6.0,1.0,2.0,"{'bias': 0.0, 'name': 'WET'}",Android,832.0,90.02136,6.0,False,False,3.0,5.0,2.0,-5.0,-2.0,False,False,"[5.0, -4.0, -3.0, -2.0, -1.0, -0.0]","[5.0, -4.0, -3.0, -2.0, -1.0, -0.0]",13.0,577756.0,6.0,583749.0,3.0,0.0,6.0,6.0,False,216.0,8.0,True,8.0,True,True,180.0,36.0,36.0,"[5.0, -4.0, 3.0, -2.0, -1.0, -0.0]",13.0,100.0,0.9732136004298104,112.0,other,other,43,523.0,36.0,307.0,216.0,True,12.0
1290,2020-12-18 23:34:33,563164,582245.0,True,3.0,0.0,2.0,123.33334,252.65656,0.0,True,5.0,1.0,2.0,"{'bias': 0.0, 'name': 'WET'}",Android,805.0,274.4699,6.0,False,False,3.0,4.0,1.0,-4.0,-1.0,False,False,"[5.0, -4.0, -3.0, -2.0, -1.0, -0.0]","[5.0, -4.0, -3.0, -2.0, -1.0, -0.0]",13.0,577756.0,6.0,583749.0,3.0,0.0,6.0,6.0,False,216.0,8.0,True,8.0,True,True,180.0,36.0,36.0,"[5.0, -4.0, 3.0, -2.0, -1.0, -0.0]",13.0,100.0,0.9732136004298104,112.0,other,other,43,523.0,36.0,307.0,216.0,True,12.0
1290,2020-12-18 23:34:33,563164,583161.0,True,3.0,0.0,2.0,-101.66666,223.76453,0.0,True,4.0,1.0,2.0,"{'bias': 0.0, 'name': 'WET'}",Android,916.0,196.10797,6.0,False,True,3.0,3.0,0.0,-3.0,-0.0,True,False,"[5.0, -4.0, -3.0, -2.0, -1.0, -0.0]","[5.0, -4.0, -3.0, -2.0, -1.0, -0.0]",13.0,577756.0,6.0,583749.0,3.0,0.0,6.0,6.0,False,216.0,8.0,True,8.0,True,True,180.0,36.0,36.0,"[5.0, -4.0, 3.0, -2.0, -1.0, -0.0]",13.0,100.0,0.9732136004298104,112.0,other,other,43,523.0,36.0,307.0,216.0,True,12.0
1290,2020-12-18 23:34:33,563164,587985.0,True,0.0,1.0,3.0,192.22226,98.19537,0.0,True,6.0,1.0,2.0,"{'bias': 0.0, 'name': 'WET'}",Android,4824.0,-419.45807,6.0,True,False,0.0,5.0,5.0,-5.0,-5.0,False,False,"[-5.0, -4.0, -3.0, -2.0, -1.0, -0.0]","[-5.0, -4.0, -3.0, -2.0, -1.0, -0.0]",157.0,587985.0,6.0,593545.0,0.0,0.0,6.0,6.0,False,216.0,8.0,True,8.0,True,True,180.0,36.0,,"[5.0, -4.0, -3.0, -2.0, -1.0, -0.0]",157.0,31.0,0.997582316371172,100.0,other,other,44,559.0,36.0,343.0,216.0,True,12.0
1290,2020-12-18 23:34:33,563164,589349.0,True,0.0,1.0,3.0,144.44446,288.7716,0.0,True,5.0,1.0,2.0,"{'bias': 0.0, 'name': 'WET'}",Android,1364.0,238.35403,6.0,False,False,0.0,4.0,4.0,-4.0,-4.0,False,False,"[-5.0, -4.0, -3.0, -2.0, -1.0, -0.0]","[-5.0, -4.0, -3.0, -2.0, -1.0, -0.0]",157.0,587985.0,6.0,593545.0,0.0,0.0,6.0,6.0,False,216.0,8.0,True,8.0,True,True,180.0,36.0,36.0,"[5.0, -4.0, -3.0, -2.0, -1.0, -0.0]",157.0,31.0,0.997582316371172,100.0,other,other,44,559.0,36.0,343.0,216.0,True,12.0
1290,2020-12-18 23:34:33,563164,590320.0,True,0.0,1.0,3.0,-96.1111,222.09766,0.0,True,4.0,1.0,2.0,"{'bias': 0.0, 'name': 'WET'}",Android,971.0,173.8816,6.0,False,False,0.0,3.0,3.0,-3.0,-3.0,False,False,"[-5.0, -4.0, -3.0, -2.0, -1.0, -0.0]","[-5.0, -4.0, -3.0, -2.0, -1.0, -0.0]",157.0,587985.0,6.0,593545.0,0.0,0.0,6.0,6.0,False,216.0,8.0,True,8.0,True,True,180.0,36.0,36.0,"[5.0, -4.0, -3.0, -2.0, -1.0, -0.0]",157.0,31.0,0.997582316371172,100.0,other,other,44,559.0,36.0,343.0,216.0,True,12.0
1290,2020-12-18 23:34:33,563164,591236.0,True,0.0,1.0,3.0,-206.66666,45.96747,0.0,True,3.0,1.0,2.0,"{'bias': 0.0, 'name': 'WET'}",Android,916.0,-65.57463,6.0,False,False,0.0,2.0,2.0,-2.0,-2.0,False,False,"[-5.0, -4.0, -3.0, -2.0, -1.0, -0.0]","[-5.0, -4.0, -3.0, -2.0, -1.0, -0.0]",157.0,587985.0,6.0,593545.0,0.0,0.0,6.0,6.0,False,216.0,8.0,True,8.0,True,True,180.0,36.0,36.0,"[5.0, -4.0, -3.0, -2.0, -1.0, -0.0]",157.0,31.0,0.997582316371172,100.0,other,other,44,559.0,36.0,343.0,216.0,True,12.0
1290,2020-12-18 23:34:33,563164,592042.0,True,0.0,1.0,3.0,-157.22221,-144.05316,0.0,True,2.0,1.0,2.0,"{'bias': 0.0, 'name': 'WET'}",Android,806.0,-239.46507,6.0,False,False,0.0,1.0,1.0,-1.0,-1.0,False,False,"[-5.0, -4.0, -3.0, -2.0, -1.0, -0.0]","[-5.0, -4.0, -3.0, -2.0, -1.0, -0.0]",157.0,587985.0,6.0,593545.0,0.0,0.0,6.0,6.0,False,216.0,8.0,True,8.0,True,True,180.0,36.0,36.0,"[5.0, -4.0, -3.0, -2.0, -1.0, -0.0]",157.0,31.0,0.997582316371172,100.0,other,other,44,559.0,36.0,343.0,216.0,True,12.0
1290,2020-12-18 23:34:33,563164,592959.0,True,0.0,1.0,3.0,52.7778,-231.28485,0.0,True,1.0,1.0,2.0,"{'bias': 0.0, 'name': 'WET'}",Android,917.0,-297.2317,6.0,False,True,0.0,0.0,0.0,-0.0,-0.0,True,False,"[-5.0, -4.0, -3.0, -2.0, -1.0, -0.0]","[-5.0, -4.0, -3.0, -2.0, -1.0, -0.0]",157.0,587985.0,6.0,593545.0,0.0,0.0,6.0,6.0,False,216.0,8.0,True,8.0,True,True,180.0,36.0,36.0,"[5.0, -4.0, -3.0, -2.0, -1.0, -0.0]",157.0,31.0,0.997582316371172,100.0,other,other,44,559.0,36.0,343.0,216.0,True,12.0
1290,2020-12-18 23:34:33,563164,597331.0,False,5.0,3.0,4.0,38.333344,272.1031,0.0,True,5.0,1.0,2.0,"{'bias': 0.0, 'name': 'WET'}",Android,4372.0,517.8324,6.0,True,False,5.0,4.0,5.0,-4.0,-5.0,False,False,"[-5.0, -4.0, -3.0, -2.0, -1.0, -0.0]","[-5.0, -4.0, -3.0, -2.0, -1.0, -0.0]",157.0,597331.0,6.0,602481.0,5.0,0.0,6.0,6.0,False,216.0,8.0,True,8.0,True,True,180.0,36.0,,"[-5.0, -4.0, -3.0, -2.0, -1.0, -0.0]",157.0,31.0,0.997582316371172,31.0,other,other,45,595.0,36.0,379.0,216.0,True,12.0
1290,2020-12-18 23:34:33,563164,598420.0,False,5.0,3.0,4.0,-73.33333,257.1015,0.0,True,4.0,1.0,2.0,"{'bias': 0.0, 'name': 'WET'}",Android,1089.0,96.665085,6.0,False,False,5.0,3.0,4.0,-3.0,-4.0,False,False,"[-5.0, -4.0, -3.0, -2.0, -1.0, -0.0]","[-5.0, -4.0, -3.0, -2.0, -1.0, -0.0]",157.0,597331.0,6.0,602481.0,5.0,0.0,6.0,6.0,False,216.0,8.0,True,8.0,True,True,180.0,36.0,36.0,"[-5.0, -4.0, -3.0, -2.0, -1.0, -0.0]",157.0,31.0,0.997582316371172,31.0,other,other,45,595.0,36.0,379.0,216.0,True,12.0
1290,2020-12-18 23:34:33,563164,599336.0,False,5.0,3.0,4.0,-221.66666,59.302246,0.0,True,3.0,1.0,2.0,"{'bias': 0.0, 'name': 'WET'}",Android,916.0,-49.465927,6.0,False,False,5.0,2.0,3.0,-2.0,-3.0,False,False,"[-5.0, -4.0, -3.0, -2.0, -1.0, -0.0]","[-5.0, -4.0, -3.0, -2.0, -1.0, -0.0]",157.0,597331.0,6.0,602481.0,5.0,0.0,6.0,6.0,False,216.0,8.0,True,8.0,True,True,180.0,36.0,36.0,"[-5.0, -4.0, -3.0, -2.0, -1.0, -0.0]",157.0,31.0,0.997582316371172,31.0,other,other,45,595.0,36.0,379.0,216.0,True,12.0
1290,2020-12-18 23:34:33,563164,600143.0,False,5.0,3.0,4.0,-170.0,-185.16876,0.0,True,2.0,1.0,2.0,"{'bias': 0.0, 'name': 'WET'}",Android,807.0,-296.13766,6.0,False,False,5.0,1.0,2.0,-1.0,-2.0,False,False,"[-5.0, -4.0, -3.0, -2.0, -1.0, -0.0]","[-5.0, -4.0, -3.0, -2.0, -1.0, -0.0]",157.0,597331.0,6.0,602481.0,5.0,0.0,6.0,6.0,False,216.0,8.0,True,8.0,True,True,180.0,36.0,36.0,"[-5.0, -4.0, -3.0, -2.0, -1.0, -0.0]",157.0,31.0,0.997582316371172,31.0,other,other,45,595.0,36.0,379.0,216.0,True,12.0
1290,2020-12-18 23:34:33,563164,601005.0,False,5.0,3.0,4.0,61.666687,-156.27673,0.0,True,1.0,1.0,2.0,"{'bias': 0.0, 'name': 'WET'}",Android,862.0,-202.77466,6.0,False,False,5.0,0.0,1.0,-0.0,-1.0,False,False,"[-5.0, -4.0, -3.0, -2.0, -1.0, -0.0]","[-5.0, -4.0, -3.0, -2.0, -1.0, -0.0]",157.0,597331.0,6.0,602481.0,5.0,0.0,6.0,6.0,False,216.0,8.0,True,8.0,True,True,180.0,36.0,36.0,"[-5.0, -4.0, -3.0, -2.0, -1.0, -0.0]",157.0,31.0,0.997582316371172,31.0,other,other,45,595.0,36.0,379.0,216.0,True,12.0
1290,2020-12-18 23:34:33,563164,601895.0,False,5.0,3.0,4.0,170.00003,51.52362,0.0,True,6.0,1.0,2.0,"{'bias': 0.0, 'name': 'WET'}",Android,890.0,99.46701,6.0,False,True,5.0,5.0,0.0,-5.0,-0.0,True,False,"[-5.0, -4.0, -3.0, -2.0, -1.0, -0.0]","[-5.0, -4.0, -3.0, -2.0, -1.0, -0.0]",157.0,597331.0,6.0,602481.0,5.0,0.0,6.0,6.0,False,216.0,8.0,True,8.0,True,True,180.0,36.0,36.0,"[-5.0, -4.0, -3.0, -2.0, -1.0, -0.0]",157.0,31.0,0.997582316371172,31.0,other,other,45,595.0,36.0,379.0,216.0,True,12.0
1290,2020-12-18 23:34:33,563164,606534.0,True,0.0,4.0,5.0,207.22226,129.86542,0.0,True,6.0,1.0,2.0,"{'bias': 0.0, 'name': 'WET'}",Android,4639.0,41.119568,6.0,True,False,0.0,5.0,5.0,-5.0,-5.0,False,False,"[-5.0, -4.0, -3.0, -2.0, -1.0, -0.0]","[-5.0, -4.0, -3.0, -2.0, -1.0, -0.0]",157.0,606534.0,6.0,611402.0,0.0,0.0,6.0,6.0,False,216.0,8.0,True,8.0,True,True,180.0,36.0,,"[-5.0, -4.0, -3.0, -2.0, -1.0, -0.0]",157.0,31.0,0.997582316371172,31.0,other,other,46,631.0,36.0,415.0,216.0,True,12.0
1290,2020-12-18 23:34:33,563164,607592.0,True,0.0,4.0,5.0,116.66669,264.32446,0.0,True,5.0,1.0,2.0,"{'bias': 0.0, 'name': 'WET'}",Android,1058.0,225.01462,6.0,False,False,0.0,4.0,4.0,-4.0,-4.0,False,False,"[-5.0, -4.0, -3.0, -2.0, -1.0, -0.0]","[-5.0, -4.0, -3.0, -2.0, -1.0, -0.0]",157.0,606534.0,6.0,611402.0,0.0,0.0,6.0,6.0,False,216.0,8.0,True,8.0,True,True,180.0,36.0,36.0,"[-5.0, -4.0, -3.0, -2.0, -1.0, -0.0]",157.0,31.0,0.997582316371172,31.0,other,other,46,631.0,36.0,415.0,216.0,True,12.0
1290,2020-12-18 23:34:33,563164,608481.0,True,0.0,4.0,5.0,-101.66666,179.31525,0.0,True,4.0,1.0,2.0,"{'bias': 0.0, 'name': 'WET'}",Android,889.0,133.32413,6.0,False,False,0.0,3.0,3.0,-3.0,-3.0,False,False,"[-5.0, -4.0, -3.0, -2.0, -1.0, -0.0]","[-5.0, -4.0, -3.0, -2.0, -1.0, -0.0]",157.0,606534.0,6.0,611402.0,0.0,0.0,6.0,6.0,False,216.0,8.0,True,8.0,True,True,180.0,36.0,36.0,"[-5.0, -4.0, -3.0, -2.0, -1.0, -0.0]",157.0,31.0,0.997582316371172,31.0,other,other,46,631.0,36.0,415.0,216.0,True,12.0
1290,2020-12-18 23:34:33,563164,609233.0,True,0.0,4.0,5.0,-166.1111,2.073792,0.0,True,3.0,1.0,2.0,"{'bias': 0.0, 'name': 'WET'}",Android,752.0,-112.79701,6.0,False,False,0.0,2.0,2.0,-2.0,-2.0,False,False,"[-5.0, -4.0, -3.0, -2.0, -1.0, -0.0]","[-5.0, -4.0, -3.0, -2.0, -1.0, -0.0]",157.0,606534.0,6.0,611402.0,0.0,0.0,6.0,6.0,False,216.0,8.0,True,8.0,True,True,180.0,36.0,36.0,"[-5.0, -4.0, -3.0, -2.0, -1.0, -0.0]",157.0,31.0,0.997582316371172,31.0,other,other,46,631.0,36.0,415.0,216.0,True,12.0
1290,2020-12-18 23:34:33,563164,609984.0,True,0.0,4.0,5.0,-113.33333,-150.72058,0.0,True,2.0,1.0,2.0,"{'bias': 0.0, 'name': 'WET'}",Android,751.0,-205.57214,6.0,False,False,0.0,1.0,1.0,-1.0,-1.0,False,False,"[-5.0, -4.0, -3.0, -2.0, -1.0, -0.0]","[-5.0, -4.0, -3.0, -2.0, -1.0, -0.0]",157.0,606534.0,6.0,611402.0,0.0,0.0,6.0,6.0,False,216.0,8.0,True,8.0,True,True,180.0,36.0,36.0,"[-5.0, -4.0, -3.0, -2.0, -1.0, -0.0]",157.0,31.0,0.997582316371172,31.0,other,other,46,631.0,36.0,415.0,216.0,True,12.0
1290,2020-12-18 23:34:33,563164,610818.0,True,0.0,4.0,5.0,50.555573,-208.50461,0.0,True,1.0,1.0,2.0,"{'bias': 0.0, 'name': 'WET'}",Android,834.0,-221.67293,6.0,False,True,0.0,0.0,0.0,-0.0,-0.0,True,False,"[-5.0, -4.0, -3.0, -2.0, -1.0, -0.0]","[-5.0, -4.0, -3.0, -2.0, -1.0, -0.0]",157.0,606534.0,6.0,611402.0,0.0,0.0,6.0,6.0,False,216.0,8.0,True,8.0,True,True,180.0,36.0,36.0,"[-5.0, -4.0, -3.0, -2.0, -1.0, -0.0]",157.0,31.0,0.997582316371172,31.0,other,other,46,631.0,36.0,415.0,216.0,True,12.0
1290,2020-12-18 23:34:33,563164,615190.0,False,0.0,2.0,6.0,164.44446,77.08197,0.0,True,6.0,1.0,2.0,"{'bias': 0.0, 'name': 'WET'}",Android,4372.0,171.6977,6.0,True,False,0.0,5.0,5.0,-5.0,-5.0,False,False,"[-5.0, -4.0, -3.0, -2.0, -1.0, -0.0]","[-5.0, -4.0, -3.0, -2.0, -1.0, -0.0]",157.0,615190.0,6.0,620020.0,0.0,0.0,6.0,6.0,True,216.0,8.0,True,8.0,True,True,180.0,36.0,,"[-5.0, -4.0, -3.0, -2.0, -1.0, -0.0]",157.0,31.0,0.997582316371172,31.0,other,other,47,667.0,36.0,451.0,216.0,True,12.0
1290,2020-12-18 23:34:33,563164,616143.0,False,0.0,2.0,6.0,126.111145,232.09875,0.0,True,5.0,1.0,2.0,"{'bias': 0.0, 'name': 'WET'}",Android,953.0,193.3501,6.0,False,False,0.0,4.0,4.0,-4.0,-4.0,False,False,"[-5.0, -4.0, -3.0, -2.0, -1.0, -0.0]","[-5.0, -4.0, -3.0, -2.0, -1.0, -0.0]",157.0,615190.0,6.0,620020.0,0.0,0.0,6.0,6.0,True,216.0,8.0,True,8.0,True,True,180.0,36.0,36.0,"[-5.0, -4.0, -3.0, -2.0, -1.0, -0.0]",157.0,31.0,0.997582316371172,31.0,other,other,47,667.0,36.0,451.0,216.0,True,12.0
1290,2020-12-18 23:34:33,563164,616977.0,False,0.0,2.0,6.0,-93.33333,154.86816,0.0,True,4.0,1.0,2.0,"{'bias': 0.0, 'name': 'WET'}",Android,834.0,142.21388,6.0,False,False,0.0,3.0,3.0,-3.0,-3.0,False,False,"[-5.0, -4.0, -3.0, -2.0, -1.0, -0.0]","[-5.0, -4.0, -3.0, -2.0, -1.0, -0.0]",157.0,615190.0,6.0,620020.0,0.0,0.0,6.0,6.0,True,216.0,8.0,True,8.0,True,True,180.0,36.0,36.0,"[-5.0, -4.0, -3.0, -2.0, -1.0, -0.0]",157.0,31.0,0.997582316371172,31.0,other,other,47,667.0,36.0,451.0,216.0,True,12.0
1290,2020-12-18 23:34:33,563164,617755.0,False,0.0,2.0,6.0,-211.11111,19.297913,0.0,True,3.0,1.0,2.0,"{'bias': 0.0, 'name': 'WET'}",Android,778.0,-17.792465,6.0,False,False,0.0,2.0,2.0,-2.0,-2.0,False,False,"[-5.0, -4.0, -3.0, -2.0, -1.0, -0.0]","[-5.0, -4.0, -3.0, -2.0, -1.0, -0.0]",157.0,615190.0,6.0,620020.0,0.0,0.0,6.0,6.0,True,216.0,8.0,True,8.0,True,True,180.0,36.0,36.0,"[-5.0, -4.0, -3.0, -2.0, -1.0, -0.0]",157.0,31.0,0.997582316371172,31.0,other,other,47,667.0,36.0,451.0,216.0,True,12.0
1290,2020-12-18 23:34:33,563164,618535.0,False,0.0,2.0,6.0,-157.77777,-149.60931,0.0,True,2.0,1.0,2.0,"{'bias': 0.0, 'name': 'WET'}",Android,780.0,-222.24057,6.0,False,False,0.0,1.0,1.0,-1.0,-1.0,False,False,"[-5.0, -4.0, -3.0, -2.0, -1.0, -0.0]","[-5.0, -4.0, -3.0, -2.0, -1.0, -0.0]",157.0,615190.0,6.0,620020.0,0.0,0.0,6.0,6.0,True,216.0,8.0,True,8.0,True,True,180.0,36.0,36.0,"[-5.0, -4.0, -3.0, -2.0, -1.0, -0.0]",157.0,31.0,0.997582316371172,31.0,other,other,47,667.0,36.0,451.0,216.0,True,12.0
1290,2020-12-18 23:34:33,563164,619433.0,False,0.0,2.0,6.0,67.7778,-149.05371,0.0,True,1.0,1.0,2.0,"{'bias': 0.0, 'name': 'WET'}",Android,898.0,-224.99997,6.0,False,True,0.0,0.0,0.0,-0.0,-0.0,True,False,"[-5.0, -4.0, -3.0, -2.0, -1.0, -0.0]","[-5.0, -4.0, -3.0, -2.0, -1.0, -0.0]",157.0,615190.0,6.0,620020.0,0.0,0.0,6.0,6.0,True,216.0,8.0,True,8.0,True,True,180.0,36.0,36.0,"[-5.0, -4.0, -3.0, -2.0, -1.0, -0.0]",157.0,31.0,0.997582316371172,31.0,other,other,47,667.0,36.0,451.0,216.0,True,12.0
1290,2021-02-03 13:19:39,1980139,1981719.0,False,3.0,1.0,1.0,-82.22221,-144.05316,0.0,False,3.0,1.0,2.0,"{'bias': 0.0, 'name': 'WET'}",Android,1415874.0,-80.589615,7.0,True,False,3.0,2.0,5.0,2.0,5.0,False,False,"[5.0, 5.0, 5.0, 5.0, 5.0, 5.0, -0.0]","[5.0, 5.0, 5.0, 5.0, 5.0, 5.0, -0.0]",15.0,1981719.0,1.0,1984044.0,3.0,0.0,7.0,1.0,True,0.0,12.0,False,8.0,True,False,-216.0,0.0,,,15.0,98.0,0.976897689768977,71.0,other,first,48,667.0,0.0,487.0,180.0,True,12.0
1290,2021-02-03 13:19:39,1980139,1982001.0,False,3.0,1.0,1.0,-87.22221,-179.05695,0.0,False,3.0,1.0,2.0,"{'bias': 0.0, 'name': 'WET'}",Android,282.0,-30.003784,7.0,False,False,3.0,2.0,5.0,2.0,5.0,False,False,"[5.0, 5.0, 5.0, 5.0, 5.0, 5.0, -0.0]","[5.0, 5.0, 5.0, 5.0, 5.0, 5.0, -0.0]",15.0,1981719.0,1.0,1984044.0,3.0,0.0,7.0,1.0,True,0.0,12.0,False,8.0,True,False,-216.0,0.0,0.0,,15.0,98.0,0.976897689768977,71.0,other,other,48,667.0,0.0,487.0,180.0,True,12.0
1290,2021-02-03 13:19:39,1980139,1982197.0,False,3.0,1.0,1.0,-81.66666,-186.27997,0.0,False,3.0,1.0,2.0,"{'bias': 0.0, 'name': 'WET'}",Android,196.0,-12.77858,7.0,False,False,3.0,2.0,5.0,2.0,5.0,False,False,"[5.0, 5.0, 5.0, 5.0, 5.0, 5.0, -0.0]","[5.0, 5.0, 5.0, 5.0, 5.0, 5.0, -0.0]",15.0,1981719.0,1.0,1984044.0,3.0,0.0,7.0,1.0,True,0.0,12.0,False,8.0,True,False,-216.0,0.0,0.0,,15.0,98.0,0.976897689768977,71.0,other,other,48,667.0,0.0,487.0,180.0,True,12.0
1290,2021-02-03 13:19:39,1980139,1982358.0,False,3.0,1.0,1.0,-84.44443,-185.16876,0.0,False,3.0,1.0,2.0,"{'bias': 0.0, 'name': 'WET'}",Android,161.0,3.888977,7.0,False,False,3.0,2.0,5.0,2.0,5.0,False,False,"[5.0, 5.0, 5.0, 5.0, 5.0, 5.0, -0.0]","[5.0, 5.0, 5.0, 5.0, 5.0, 5.0, -0.0]",15.0,1981719.0,1.0,1984044.0,3.0,0.0,7.0,1.0,True,0.0,12.0,False,8.0,True,False,-216.0,0.0,0.0,,15.0,98.0,0.976897689768977,71.0,other,other,48,667.0,0.0,487.0,180.0,True,12.0
1290,2021-02-03 13:19:39,1980139,1982574.0,False,3.0,1.0,1.0,-82.77777,-176.27887,0.0,False,3.0,1.0,2.0,"{'bias': 0.0, 'name': 'WET'}",Android,216.0,7.223236,7.0,False,False,3.0,2.0,5.0,2.0,5.0,False,False,"[5.0, 5.0, 5.0, 5.0, 5.0, 5.0, -0.0]","[5.0, 5.0, 5.0, 5.0, 5.0, 5.0, -0.0]",15.0,1981719.0,1.0,1984044.0,3.0,0.0,7.0,1.0,True,0.0,12.0,False,8.0,True,False,-216.0,0.0,0.0,,15.0,98.0,0.976897689768977,71.0,other,other,48,667.0,0.0,487.0,180.0,True,12.0
1290,2021-02-03 13:19:39,1980139,1982763.0,False,3.0,1.0,1.0,-86.66666,-173.5008,0.0,False,3.0,1.0,2.0,"{'bias': 0.0, 'name': 'WET'}",Android,189.0,6.6669617,7.0,False,False,3.0,2.0,5.0,2.0,5.0,False,False,"[5.0, 5.0, 5.0, 5.0, 5.0, 5.0, -0.0]","[5.0, 5.0, 5.0, 5.0, 5.0, 5.0, -0.0]",15.0,1981719.0,1.0,1984044.0,3.0,0.0,7.0,1.0,True,0.0,12.0,False,8.0,True,False,-216.0,0.0,0.0,,15.0,98.0,0.976897689768977,71.0,other,other,48,667.0,0.0,487.0,180.0,True,12.0
1290,2021-02-03 13:19:39,1980139,1983740.0,False,3.0,1.0,1.0,-142.77777,-79.04608,0.0,True,4.0,1.0,2.0,"{'bias': 0.0, 'name': 'WET'}",Android,977.0,150.56583,7.0,False,True,3.0,3.0,0.0,-3.0,-0.0,True,False,"[5.0, 5.0, 5.0, 5.0, 5.0, 5.0, -0.0]","[5.0, 5.0, 5.0, 5.0, 5.0, 5.0, -0.0]",15.0,1981719.0,1.0,1984044.0,3.0,0.0,7.0,1.0,True,0.0,12.0,False,8.0,True,False,-216.0,0.0,0.0,,15.0,98.0,0.976897689768977,71.0,other,other,48,667.0,0.0,487.0,180.0,True,12.0
1290,2021-02-03 13:19:51,1991816,1993650.0,False,0.0,1.0,1.0,82.7778,126.53174,0.0,False,6.0,1.0,2.0,"{'bias': 0.0, 'name': 'WET'}",Android,9910.0,-19.977753,6.0,True,False,0.0,5.0,5.0,5.0,5.0,False,False,"[5.0, 5.0, 5.0, 5.0, 5.0, -0.0]","[5.0, 5.0, 5.0, 5.0, 5.0, -0.0]",42.0,1993650.0,6.0,1996815.0,0.0,0.0,6.0,6.0,False,216.0,13.0,True,8.0,True,False,216.0,36.0,,,42.0,71.0,0.9924783175992018,98.0,other,first,48,667.0,0.0,487.0,180.0,True,12.0
1290,2021-02-03 13:19:51,1991816,1993870.0,False,0.0,1.0,1.0,76.111115,120.41998,0.0,False,6.0,1.0,2.0,"{'bias': 0.0, 'name': 'WET'}",Android,220.0,0.55493164,6.0,False,False,0.0,5.0,5.0,5.0,5.0,False,False,"[5.0, 5.0, 5.0, 5.0, 5.0, -0.0]","[5.0, 5.0, 5.0, 5.0, 5.0, -0.0]",42.0,1993650.0,6.0,1996815.0,0.0,0.0,6.0,6.0,False,216.0,13.0,True,8.0,True,False,216.0,36.0,36.0,,42.0,71.0,0.9924783175992018,98.0,other,other,48,667.0,0.0,487.0,180.0,True,12.0
1290,2021-02-03 13:19:51,1991816,1994099.0,False,0.0,1.0,1.0,73.33334,137.08844,0.0,False,6.0,1.0,2.0,"{'bias': 0.0, 'name': 'WET'}",Android,229.0,19.446228,6.0,False,False,0.0,5.0,5.0,5.0,5.0,False,False,"[5.0, 5.0, 5.0, 5.0, 5.0, -0.0]","[5.0, 5.0, 5.0, 5.0, 5.0, -0.0]",42.0,1993650.0,6.0,1996815.0,0.0,0.0,6.0,6.0,False,216.0,13.0,True,8.0,True,False,216.0,36.0,36.0,,42.0,71.0,0.9924783175992018,98.0,other,other,48,667.0,0.0,487.0,180.0,True,12.0
1290,2021-02-03 13:19:51,1991816,1994315.0,False,0.0,1.0,1.0,76.66669,131.53229,0.0,False,6.0,1.0,2.0,"{'bias': 0.0, 'name': 'WET'}",Android,216.0,-8.889496,6.0,False,False,0.0,5.0,5.0,5.0,5.0,False,False,"[5.0, 5.0, 5.0, 5.0, 5.0, -0.0]","[5.0, 5.0, 5.0, 5.0, 5.0, -0.0]",42.0,1993650.0,6.0,1996815.0,0.0,0.0,6.0,6.0,False,216.0,13.0,True,8.0,True,False,216.0,36.0,36.0,,42.0,71.0,0.9924783175992018,98.0,other,other,48,667.0,0.0,487.0,180.0,True,12.0
1290,2021-02-03 13:19:51,1991816,1995559.0,False,0.0,1.0,1.0,72.22223,154.86816,0.0,False,6.0,1.0,2.0,"{'bias': 0.0, 'name': 'WET'}",Android,1244.0,27.780334,6.0,False,False,0.0,5.0,5.0,5.0,5.0,False,False,"[5.0, 5.0, 5.0, 5.0, 5.0, -0.0]","[5.0, 5.0, 5.0, 5.0, 5.0, -0.0]",42.0,1993650.0,6.0,1996815.0,0.0,0.0,6.0,6.0,False,216.0,13.0,True,8.0,True,False,216.0,36.0,36.0,,42.0,71.0,0.9924783175992018,98.0,other,other,48,667.0,0.0,487.0,180.0,True,12.0
1290,2021-02-03 13:19:51,1991816,1996211.0,False,0.0,1.0,1.0,113.33334,176.53717,0.0,True,1.0,1.0,2.0,"{'bias': 0.0, 'name': 'WET'}",Android,652.0,-19.442108,6.0,False,True,0.0,0.0,0.0,-0.0,-0.0,True,False,"[5.0, 5.0, 5.0, 5.0, 5.0, -0.0]","[5.0, 5.0, 5.0, 5.0, 5.0, -0.0]",42.0,1993650.0,6.0,1996815.0,0.0,0.0,6.0,6.0,False,216.0,13.0,True,8.0,True,False,216.0,36.0,36.0,,42.0,71.0,0.9924783175992018,98.0,other,other,48,667.0,0.0,487.0,180.0,True,12.0
1290,2021-02-03 13:19:51,1991816,2000408.0,False,0.0,2.0,2.0,90.00003,150.42322,0.0,False,6.0,1.0,2.0,"{'bias': 0.0, 'name': 'WET'}",Android,4197.0,-2.7806396,6.0,True,False,0.0,5.0,5.0,5.0,5.0,False,False,"[5.0, 5.0, 5.0, 5.0, 5.0, -0.0]","[5.0, 5.0, 5.0, 5.0, 5.0, -0.0]",42.0,2000408.0,6.0,2003820.0,0.0,0.0,6.0,6.0,False,216.0,13.0,True,8.0,True,False,216.0,36.0,,"[5.0, 5.0, 5.0, 5.0, 5.0, -0.0]",42.0,71.0,0.9924783175992018,71.0,other,other,49,703.0,36.0,523.0,180.0,True,12.0
1290,2021-02-03 13:19:51,1991816,2000917.0,False,0.0,2.0,2.0,87.7778,147.64514,0.0,False,6.0,1.0,2.0,"{'bias': 0.0, 'name': 'WET'}",Android,509.0,-0.55584717,6.0,False,False,0.0,5.0,5.0,5.0,5.0,False,False,"[5.0, 5.0, 5.0, 5.0, 5.0, -0.0]","[5.0, 5.0, 5.0, 5.0, 5.0, -0.0]",42.0,2000408.0,6.0,2003820.0,0.0,0.0,6.0,6.0,False,216.0,13.0,True,8.0,True,False,216.0,36.0,36.0,"[5.0, 5.0, 5.0, 5.0, 5.0, -0.0]",42.0,71.0,0.9924783175992018,71.0,other,other,49,703.0,36.0,523.0,180.0,True,12.0
1290,2021-02-03 13:19:51,1991816,2001270.0,False,0.0,2.0,2.0,88.33334,145.42267,0.0,False,6.0,1.0,2.0,"{'bias': 0.0, 'name': 'WET'}",Android,353.0,-2.7780151,6.0,False,False,0.0,5.0,5.0,5.0,5.0,False,False,"[5.0, 5.0, 5.0, 5.0, 5.0, -0.0]","[5.0, 5.0, 5.0, 5.0, 5.0, -0.0]",42.0,2000408.0,6.0,2003820.0,0.0,0.0,6.0,6.0,False,216.0,13.0,True,8.0,True,False,216.0,36.0,36.0,"[5.0, 5.0, 5.0, 5.0, 5.0, -0.0]",42.0,71.0,0.9924783175992018,71.0,other,other,49,703.0,36.0,523.0,180.0,True,12.0
1290,2021-02-03 13:19:51,1991816,2001572.0,False,0.0,2.0,2.0,92.22223,141.53339,0.0,False,6.0,1.0,2.0,"{'bias': 0.0, 'name': 'WET'}",Android,302.0,-7.7781677,6.0,False,False,0.0,5.0,5.0,5.0,5.0,False,False,"[5.0, 5.0, 5.0, 5.0, 5.0, -0.0]","[5.0, 5.0, 5.0, 5.0, 5.0, -0.0]",42.0,2000408.0,6.0,2003820.0,0.0,0.0,6.0,6.0,False,216.0,13.0,True,8.0,True,False,216.0,36.0,36.0,"[5.0, 5.0, 5.0, 5.0, 5.0, -0.0]",42.0,71.0,0.9924783175992018,71.0,other,other,49,703.0,36.0,523.0,180.0,True,12.0
1290,2021-02-03 13:19:51,1991816,2002582.0,False,0.0,2.0,2.0,78.888916,155.42377,0.0,False,6.0,1.0,2.0,"{'bias': 0.0, 'name': 'WET'}",Android,1010.0,27.223694,6.0,False,False,0.0,5.0,5.0,5.0,5.0,False,False,"[5.0, 5.0, 5.0, 5.0, 5.0, -0.0]","[5.0, 5.0, 5.0, 5.0, 5.0, -0.0]",42.0,2000408.0,6.0,2003820.0,0.0,0.0,6.0,6.0,False,216.0,13.0,True,8.0,True,False,216.0,36.0,36.0,"[5.0, 5.0, 5.0, 5.0, 5.0, -0.0]",42.0,71.0,0.9924783175992018,71.0,other,other,49,703.0,36.0,523.0,180.0,True,12.0
1290,2021-02-03 13:19:51,1991816,2003238.0,False,0.0,2.0,2.0,98.33334,163.2024,0.0,True,1.0,1.0,2.0,"{'bias': 0.0, 'name': 'WET'}",Android,656.0,-11.665802,6.0,False,True,0.0,0.0,0.0,-0.0,-0.0,True,False,"[5.0, 5.0, 5.0, 5.0, 5.0, -0.0]","[5.0, 5.0, 5.0, 5.0, 5.0, -0.0]",42.0,2000408.0,6.0,2003820.0,0.0,0.0,6.0,6.0,False,216.0,13.0,True,8.0,True,False,216.0,36.0,36.0,"[5.0, 5.0, 5.0, 5.0, 5.0, -0.0]",42.0,71.0,0.9924783175992018,71.0,other,other,49,703.0,36.0,523.0,180.0,True,12.0
1290,2021-02-03 13:19:51,1991816,2007731.0,False,5.0,0.0,3.0,-68.888885,144.86707,0.0,False,5.0,1.0,2.0,"{'bias': 0.0, 'name': 'WET'}",Android,4493.0,148.8869,6.0,True,False,5.0,4.0,5.0,4.0,5.0,False,False,"[5.0, 5.0, 5.0, 5.0, 5.0, -0.0]","[5.0, 5.0, 5.0, 5.0, 5.0, -0.0]",42.0,2007731.0,6.0,2011196.0,5.0,0.0,6.0,6.0,False,216.0,13.0,True,8.0,True,False,216.0,36.0,,"[5.0, 5.0, 5.0, 5.0, 5.0, -0.0]",42.0,71.0,0.9924783175992018,71.0,other,other,50,739.0,36.0,559.0,180.0,True,12.0
1290,2021-02-03 13:19:51,1991816,2008185.0,False,5.0,0.0,3.0,-72.77777,141.53339,0.0,False,5.0,1.0,2.0,"{'bias': 0.0, 'name': 'WET'}",Android,454.0,0.5552063,6.0,False,False,5.0,4.0,5.0,4.0,5.0,False,False,"[5.0, 5.0, 5.0, 5.0, 5.0, -0.0]","[5.0, 5.0, 5.0, 5.0, 5.0, -0.0]",42.0,2007731.0,6.0,2011196.0,5.0,0.0,6.0,6.0,False,216.0,13.0,True,8.0,True,False,216.0,36.0,36.0,"[5.0, 5.0, 5.0, 5.0, 5.0, -0.0]",42.0,71.0,0.9924783175992018,71.0,other,other,50,739.0,36.0,559.0,180.0,True,12.0
1290,2021-02-03 13:19:51,1991816,2008566.0,False,5.0,0.0,3.0,-73.888885,145.97833,0.0,False,5.0,1.0,2.0,"{'bias': 0.0, 'name': 'WET'}",Android,381.0,5.556061,6.0,False,False,5.0,4.0,5.0,4.0,5.0,False,False,"[5.0, 5.0, 5.0, 5.0, 5.0, -0.0]","[5.0, 5.0, 5.0, 5.0, 5.0, -0.0]",42.0,2007731.0,6.0,2011196.0,5.0,0.0,6.0,6.0,False,216.0,13.0,True,8.0,True,False,216.0,36.0,36.0,"[5.0, 5.0, 5.0, 5.0, 5.0, -0.0]",42.0,71.0,0.9924783175992018,71.0,other,other,50,739.0,36.0,559.0,180.0,True,12.0
1290,2021-02-03 13:19:51,1991816,2009030.0,False,5.0,0.0,3.0,-67.77777,144.31146,0.0,False,5.0,1.0,2.0,"{'bias': 0.0, 'name': 'WET'}",Android,464.0,-7.7779846,6.0,False,False,5.0,4.0,5.0,4.0,5.0,False,False,"[5.0, 5.0, 5.0, 5.0, 5.0, -0.0]","[5.0, 5.0, 5.0, 5.0, 5.0, -0.0]",42.0,2007731.0,6.0,2011196.0,5.0,0.0,6.0,6.0,False,216.0,13.0,True,8.0,True,False,216.0,36.0,36.0,"[5.0, 5.0, 5.0, 5.0, 5.0, -0.0]",42.0,71.0,0.9924783175992018,71.0,other,other,50,739.0,36.0,559.0,180.0,True,12.0
1290,2021-02-03 13:19:51,1991816,2010040.0,False,5.0,0.0,3.0,-70.55554,145.42267,0.0,False,5.0,1.0,2.0,"{'bias': 0.0, 'name': 'WET'}",Android,1010.0,3.888977,6.0,False,False,5.0,4.0,5.0,4.0,5.0,False,False,"[5.0, 5.0, 5.0, 5.0, 5.0, -0.0]","[5.0, 5.0, 5.0, 5.0, 5.0, -0.0]",42.0,2007731.0,6.0,2011196.0,5.0,0.0,6.0,6.0,False,216.0,13.0,True,8.0,True,False,216.0,36.0,36.0,"[5.0, 5.0, 5.0, 5.0, 5.0, -0.0]",42.0,71.0,0.9924783175992018,71.0,other,other,50,739.0,36.0,559.0,180.0,True,12.0
1290,2021-02-03 13:19:51,1991816,2010614.0,False,5.0,0.0,3.0,-58.33333,215.9859,0.0,True,6.0,1.0,2.0,"{'bias': 0.0, 'name': 'WET'}",Android,574.0,58.34102,6.0,False,True,5.0,5.0,0.0,-5.0,-0.0,True,False,"[5.0, 5.0, 5.0, 5.0, 5.0, -0.0]","[5.0, 5.0, 5.0, 5.0, 5.0, -0.0]",42.0,2007731.0,6.0,2011196.0,5.0,0.0,6.0,6.0,False,216.0,13.0,True,8.0,True,False,216.0,36.0,36.0,"[5.0, 5.0, 5.0, 5.0, 5.0, -0.0]",42.0,71.0,0.9924783175992018,71.0,other,other,50,739.0,36.0,559.0,180.0,True,12.0
1290,2021-02-03 13:19:51,1991816,2014643.0,False,1.0,3.0,4.0,-81.66666,-120.717285,0.0,False,3.0,1.0,2.0,"{'bias': 0.0, 'name': 'WET'}",Android,4029.0,-313.36987,6.0,True,False,1.0,2.0,1.0,2.0,1.0,False,False,"[1.0, 1.0, 1.0, 1.0, 1.0, -0.0]","[1.0, 1.0, 1.0, 1.0, 1.0, -0.0]",30.0,2014643.0,6.0,2018143.0,1.0,0.0,6.0,6.0,False,216.0,13.0,True,8.0,True,False,216.0,36.0,,"[5.0, 5.0, 5.0, 5.0, 5.0, -0.0]",30.0,83.0,0.9892163634968149,71.0,other,other,51,775.0,36.0,595.0,180.0,True,12.0
1290,2021-02-03 13:19:51,1991816,2015071.0,False,1.0,3.0,4.0,-90.55554,-150.72058,0.0,False,3.0,1.0,2.0,"{'bias': 0.0, 'name': 'WET'}",Android,428.0,-21.11441,6.0,False,False,1.0,2.0,1.0,2.0,1.0,False,False,"[1.0, 1.0, 1.0, 1.0, 1.0, -0.0]","[1.0, 1.0, 1.0, 1.0, 1.0, -0.0]",30.0,2014643.0,6.0,2018143.0,1.0,0.0,6.0,6.0,False,216.0,13.0,True,8.0,True,False,216.0,36.0,36.0,"[5.0, 5.0, 5.0, 5.0, 5.0, -0.0]",30.0,83.0,0.9892163634968149,71.0,other,other,51,775.0,36.0,595.0,180.0,True,12.0
1290,2021-02-03 13:19:51,1991816,2015508.0,False,1.0,3.0,4.0,-98.888885,-144.05316,0.0,False,3.0,1.0,2.0,"{'bias': 0.0, 'name': 'WET'}",Android,437.0,15.000763,6.0,False,False,1.0,2.0,1.0,2.0,1.0,False,False,"[1.0, 1.0, 1.0, 1.0, 1.0, -0.0]","[1.0, 1.0, 1.0, 1.0, 1.0, -0.0]",30.0,2014643.0,6.0,2018143.0,1.0,0.0,6.0,6.0,False,216.0,13.0,True,8.0,True,False,216.0,36.0,36.0,"[5.0, 5.0, 5.0, 5.0, 5.0, -0.0]",30.0,83.0,0.9892163634968149,71.0,other,other,51,775.0,36.0,595.0,180.0,True,12.0
1290,2021-02-03 13:19:51,1991816,2015971.0,False,1.0,3.0,4.0,-97.22221,-143.49756,0.0,False,3.0,1.0,2.0,"{'bias': 0.0, 'name': 'WET'}",Android,463.0,-1.1110687,6.0,False,False,1.0,2.0,1.0,2.0,1.0,False,False,"[1.0, 1.0, 1.0, 1.0, 1.0, -0.0]","[1.0, 1.0, 1.0, 1.0, 1.0, -0.0]",30.0,2014643.0,6.0,2018143.0,1.0,0.0,6.0,6.0,False,216.0,13.0,True,8.0,True,False,216.0,36.0,36.0,"[5.0, 5.0, 5.0, 5.0, 5.0, -0.0]",30.0,83.0,0.9892163634968149,71.0,other,other,51,775.0,36.0,595.0,180.0,True,12.0
1290,2021-02-03 13:19:51,1991816,2016929.0,False,1.0,3.0,4.0,-84.999985,-128.49591,0.0,False,3.0,1.0,2.0,"{'bias': 0.0, 'name': 'WET'}",Android,958.0,2.779419,6.0,False,False,1.0,2.0,1.0,2.0,1.0,False,False,"[1.0, 1.0, 1.0, 1.0, 1.0, -0.0]","[1.0, 1.0, 1.0, 1.0, 1.0, -0.0]",30.0,2014643.0,6.0,2018143.0,1.0,0.0,6.0,6.0,False,216.0,13.0,True,8.0,True,False,216.0,36.0,36.0,"[5.0, 5.0, 5.0, 5.0, 5.0, -0.0]",30.0,83.0,0.9892163634968149,71.0,other,other,51,775.0,36.0,595.0,180.0,True,12.0
1290,2021-02-03 13:19:51,1991816,2017560.0,False,1.0,3.0,4.0,-128.88889,-136.83014,0.0,True,2.0,1.0,2.0,"{'bias': 0.0, 'name': 'WET'}",Android,631.0,35.554672,6.0,False,True,1.0,1.0,0.0,-1.0,-0.0,True,False,"[1.0, 1.0, 1.0, 1.0, 1.0, -0.0]","[1.0, 1.0, 1.0, 1.0, 1.0, -0.0]",30.0,2014643.0,6.0,2018143.0,1.0,0.0,6.0,6.0,False,216.0,13.0,True,8.0,True,False,216.0,36.0,36.0,"[5.0, 5.0, 5.0, 5.0, 5.0, -0.0]",30.0,83.0,0.9892163634968149,71.0,other,other,51,775.0,36.0,595.0,180.0,True,12.0
1290,2021-02-03 13:19:51,1991816,2021243.0,True,2.0,5.0,5.0,-181.66666,-24.595764,0.0,False,4.0,1.0,2.0,"{'bias': 0.0, 'name': 'WET'}",Android,3683.0,165.01215,6.0,True,False,4.0,3.0,5.0,3.0,5.0,False,False,"[5.0, 5.0, 5.0, 5.0, 5.0, -0.0]","[5.0, 5.0, 5.0, 5.0, 5.0, -0.0]",42.0,2021243.0,6.0,2024607.0,4.0,0.0,6.0,6.0,False,216.0,13.0,True,8.0,True,False,216.0,36.0,,"[1.0, 1.0, 1.0, 1.0, 1.0, -0.0]",42.0,71.0,0.9924783175992018,83.0,other,other,52,811.0,36.0,631.0,180.0,True,12.0
1290,2021-02-03 13:19:51,1991816,2021644.0,True,2.0,5.0,5.0,-180.55554,-16.261536,0.0,False,4.0,1.0,2.0,"{'bias': 0.0, 'name': 'WET'}",Android,401.0,7.223114,6.0,False,False,4.0,3.0,5.0,3.0,5.0,False,False,"[5.0, 5.0, 5.0, 5.0, 5.0, -0.0]","[5.0, 5.0, 5.0, 5.0, 5.0, -0.0]",42.0,2021243.0,6.0,2024607.0,4.0,0.0,6.0,6.0,False,216.0,13.0,True,8.0,True,False,216.0,36.0,36.0,"[1.0, 1.0, 1.0, 1.0, 1.0, -0.0]",42.0,71.0,0.9924783175992018,83.0,other,other,52,811.0,36.0,631.0,180.0,True,12.0
1290,2021-02-03 13:19:51,1991816,2022053.0,True,2.0,5.0,5.0,-185.0,-11.260986,0.0,False,4.0,1.0,2.0,"{'bias': 0.0, 'name': 'WET'}",Android,409.0,9.445007,6.0,False,False,4.0,3.0,5.0,3.0,5.0,False,False,"[5.0, 5.0, 5.0, 5.0, 5.0, -0.0]","[5.0, 5.0, 5.0, 5.0, 5.0, -0.0]",42.0,2021243.0,6.0,2024607.0,4.0,0.0,6.0,6.0,False,216.0,13.0,True,8.0,True,False,216.0,36.0,36.0,"[1.0, 1.0, 1.0, 1.0, 1.0, -0.0]",42.0,71.0,0.9924783175992018,83.0,other,other,52,811.0,36.0,631.0,180.0,True,12.0
1290,2021-02-03 13:19:51,1991816,2022601.0,True,2.0,5.0,5.0,-174.44443,-10.149719,0.0,False,4.0,1.0,2.0,"{'bias': 0.0, 'name': 'WET'}",Android,548.0,-9.444305,6.0,False,False,4.0,3.0,5.0,3.0,5.0,False,False,"[5.0, 5.0, 5.0, 5.0, 5.0, -0.0]","[5.0, 5.0, 5.0, 5.0, 5.0, -0.0]",42.0,2021243.0,6.0,2024607.0,4.0,0.0,6.0,6.0,False,216.0,13.0,True,8.0,True,False,216.0,36.0,36.0,"[1.0, 1.0, 1.0, 1.0, 1.0, -0.0]",42.0,71.0,0.9924783175992018,83.0,other,other,52,811.0,36.0,631.0,180.0,True,12.0
1290,2021-02-03 13:19:51,1991816,2023338.0,True,2.0,5.0,5.0,-178.88889,-7.371643,0.0,False,4.0,1.0,2.0,"{'bias': 0.0, 'name': 'WET'}",Android,737.0,7.222534,6.0,False,False,4.0,3.0,5.0,3.0,5.0,False,False,"[5.0, 5.0, 5.0, 5.0, 5.0, -0.0]","[5.0, 5.0, 5.0, 5.0, 5.0, -0.0]",42.0,2021243.0,6.0,2024607.0,4.0,0.0,6.0,6.0,False,216.0,13.0,True,8.0,True,False,216.0,36.0,36.0,"[1.0, 1.0, 1.0, 1.0, 1.0, -0.0]",42.0,71.0,0.9924783175992018,83.0,other,other,52,811.0,36.0,631.0,180.0,True,12.0
1290,2021-02-03 13:19:51,1991816,2024024.0,True,2.0,5.0,5.0,-213.33333,35.96637,0.0,True,5.0,1.0,2.0,"{'bias': 0.0, 'name': 'WET'}",Android,686.0,77.782455,6.0,False,True,4.0,4.0,0.0,-4.0,-0.0,True,False,"[5.0, 5.0, 5.0, 5.0, 5.0, -0.0]","[5.0, 5.0, 5.0, 5.0, 5.0, -0.0]",42.0,2021243.0,6.0,2024607.0,4.0,0.0,6.0,6.0,False,216.0,13.0,True,8.0,True,False,216.0,36.0,36.0,"[1.0, 1.0, 1.0, 1.0, 1.0, -0.0]",42.0,71.0,0.9924783175992018,83.0,other,other,52,811.0,36.0,631.0,180.0,True,12.0
1290,2021-02-03 13:19:51,1991816,2027709.0,False,4.0,4.0,6.0,-187.77777,-27.37384,0.0,False,4.0,1.0,2.0,"{'bias': 0.0, 'name': 'WET'}",Android,3685.0,-88.89577,6.0,True,False,4.0,3.0,5.0,3.0,5.0,False,False,"[5.0, 5.0, 5.0, 5.0, 5.0, -0.0]","[5.0, 5.0, 5.0, 5.0, 5.0, -0.0]",42.0,2027709.0,6.0,2031323.0,4.0,0.0,6.0,6.0,True,216.0,13.0,True,8.0,True,False,216.0,36.0,,"[5.0, 5.0, 5.0, 5.0, 5.0, -0.0]",42.0,71.0,0.9924783175992018,71.0,other,other,53,847.0,36.0,667.0,180.0,True,12.0
1290,2021-02-03 13:19:51,1991816,2028164.0,False,4.0,4.0,6.0,-170.55554,-20.150818,0.0,False,4.0,1.0,2.0,"{'bias': 0.0, 'name': 'WET'}",Android,455.0,-9.999207,6.0,False,False,4.0,3.0,5.0,3.0,5.0,False,False,"[5.0, 5.0, 5.0, 5.0, 5.0, -0.0]","[5.0, 5.0, 5.0, 5.0, 5.0, -0.0]",42.0,2027709.0,6.0,2031323.0,4.0,0.0,6.0,6.0,True,216.0,13.0,True,8.0,True,False,216.0,36.0,36.0,"[5.0, 5.0, 5.0, 5.0, 5.0, -0.0]",42.0,71.0,0.9924783175992018,71.0,other,other,53,847.0,36.0,667.0,180.0,True,12.0
1290,2021-02-03 13:19:51,1991816,2028629.0,False,4.0,4.0,6.0,-168.33333,-16.261536,0.0,False,4.0,1.0,2.0,"{'bias': 0.0, 'name': 'WET'}",Android,465.0,1.6670685,6.0,False,False,4.0,3.0,5.0,3.0,5.0,False,False,"[5.0, 5.0, 5.0, 5.0, 5.0, -0.0]","[5.0, 5.0, 5.0, 5.0, 5.0, -0.0]",42.0,2027709.0,6.0,2031323.0,4.0,0.0,6.0,6.0,True,216.0,13.0,True,8.0,True,False,216.0,36.0,36.0,"[5.0, 5.0, 5.0, 5.0, 5.0, -0.0]",42.0,71.0,0.9924783175992018,71.0,other,other,53,847.0,36.0,667.0,180.0,True,12.0
1290,2021-02-03 13:19:51,1991816,2029121.0,False,4.0,4.0,6.0,-170.0,-12.927795,0.0,False,4.0,1.0,2.0,"{'bias': 0.0, 'name': 'WET'}",Android,492.0,5.000412,6.0,False,False,4.0,3.0,5.0,3.0,5.0,False,False,"[5.0, 5.0, 5.0, 5.0, 5.0, -0.0]","[5.0, 5.0, 5.0, 5.0, 5.0, -0.0]",42.0,2027709.0,6.0,2031323.0,4.0,0.0,6.0,6.0,True,216.0,13.0,True,8.0,True,False,216.0,36.0,36.0,"[5.0, 5.0, 5.0, 5.0, 5.0, -0.0]",42.0,71.0,0.9924783175992018,71.0,other,other,53,847.0,36.0,667.0,180.0,True,12.0
1290,2021-02-03 13:19:51,1991816,2030108.0,False,4.0,4.0,6.0,-168.88889,-21.262085,0.0,False,4.0,1.0,2.0,"{'bias': 0.0, 'name': 'WET'}",Android,987.0,-9.445404,6.0,False,False,4.0,3.0,5.0,3.0,5.0,False,False,"[5.0, 5.0, 5.0, 5.0, 5.0, -0.0]","[5.0, 5.0, 5.0, 5.0, 5.0, -0.0]",42.0,2027709.0,6.0,2031323.0,4.0,0.0,6.0,6.0,True,216.0,13.0,True,8.0,True,False,216.0,36.0,36.0,"[5.0, 5.0, 5.0, 5.0, 5.0, -0.0]",42.0,71.0,0.9924783175992018,71.0,other,other,53,847.0,36.0,667.0,180.0,True,12.0
1290,2021-02-03 13:19:51,1991816,2030739.0,False,4.0,4.0,6.0,-230.55554,-21.262085,0.0,True,5.0,1.0,2.0,"{'bias': 0.0, 'name': 'WET'}",Android,631.0,61.666656,6.0,False,True,4.0,4.0,0.0,-4.0,-0.0,True,False,"[5.0, 5.0, 5.0, 5.0, 5.0, -0.0]","[5.0, 5.0, 5.0, 5.0, 5.0, -0.0]",42.0,2027709.0,6.0,2031323.0,4.0,0.0,6.0,6.0,True,216.0,13.0,True,8.0,True,False,216.0,36.0,36.0,"[5.0, 5.0, 5.0, 5.0, 5.0, -0.0]",42.0,71.0,0.9924783175992018,71.0,other,other,53,847.0,36.0,667.0,180.0,True,12.0
1290,2021-02-03 13:20:45,2046285,2047215.0,False,3.0,5.0,1.0,-103.33333,131.53229,0.0,False,5.0,1.0,2.0,"{'bias': 0.0, 'name': 'WET'}",Android,16476.0,25.572159,6.0,True,False,3.0,4.0,1.0,4.0,1.0,False,False,"[1.0, 1.0, 1.0, 1.0, 1.0, -0.0]","[1.0, 1.0, 1.0, 1.0, 1.0, -0.0]",30.0,2047215.0,6.0,2049673.0,3.0,0.0,6.0,6.0,False,216.0,14.0,True,8.0,True,False,0.0,36.0,,,30.0,83.0,0.9892163634968149,71.0,other,first,54,883.0,36.0,667.0,216.0,True,12.0
1290,2021-02-03 13:20:45,2046285,2047403.0,False,3.0,5.0,1.0,-93.33333,129.86542,0.0,False,5.0,1.0,2.0,"{'bias': 0.0, 'name': 'WET'}",Android,188.0,-11.66687,6.0,False,False,3.0,4.0,1.0,4.0,1.0,False,False,"[1.0, 1.0, 1.0, 1.0, 1.0, -0.0]","[1.0, 1.0, 1.0, 1.0, 1.0, -0.0]",30.0,2047215.0,6.0,2049673.0,3.0,0.0,6.0,6.0,False,216.0,14.0,True,8.0,True,False,0.0,36.0,36.0,,30.0,83.0,0.9892163634968149,71.0,other,other,54,883.0,36.0,667.0,216.0,True,12.0
1290,2021-02-03 13:20:45,2046285,2047556.0,False,3.0,5.0,1.0,-87.77777,133.19916,0.0,False,5.0,1.0,2.0,"{'bias': 0.0, 'name': 'WET'}",Android,153.0,-2.221817,6.0,False,False,3.0,4.0,1.0,4.0,1.0,False,False,"[1.0, 1.0, 1.0, 1.0, 1.0, -0.0]","[1.0, 1.0, 1.0, 1.0, 1.0, -0.0]",30.0,2047215.0,6.0,2049673.0,3.0,0.0,6.0,6.0,False,216.0,14.0,True,8.0,True,False,0.0,36.0,36.0,,30.0,83.0,0.9892163634968149,71.0,other,other,54,883.0,36.0,667.0,216.0,True,12.0
1290,2021-02-03 13:20:45,2046285,2047720.0,False,3.0,5.0,1.0,-83.888885,137.08844,0.0,False,5.0,1.0,2.0,"{'bias': 0.0, 'name': 'WET'}",Android,164.0,0.00039672852,6.0,False,False,3.0,4.0,1.0,4.0,1.0,False,False,"[1.0, 1.0, 1.0, 1.0, 1.0, -0.0]","[1.0, 1.0, 1.0, 1.0, 1.0, -0.0]",30.0,2047215.0,6.0,2049673.0,3.0,0.0,6.0,6.0,False,216.0,14.0,True,8.0,True,False,0.0,36.0,36.0,,30.0,83.0,0.9892163634968149,71.0,other,other,54,883.0,36.0,667.0,216.0,True,12.0
1290,2021-02-03 13:20:45,2046285,2047908.0,False,3.0,5.0,1.0,-87.77777,144.31146,0.0,False,5.0,1.0,2.0,"{'bias': 0.0, 'name': 'WET'}",Android,188.0,11.111908,6.0,False,False,3.0,4.0,1.0,4.0,1.0,False,False,"[1.0, 1.0, 1.0, 1.0, 1.0, -0.0]","[1.0, 1.0, 1.0, 1.0, 1.0, -0.0]",30.0,2047215.0,6.0,2049673.0,3.0,0.0,6.0,6.0,False,216.0,14.0,True,8.0,True,False,0.0,36.0,36.0,,30.0,83.0,0.9892163634968149,71.0,other,other,54,883.0,36.0,667.0,216.0,True,12.0
1290,2021-02-03 13:20:45,2046285,2049043.0,False,3.0,5.0,1.0,-143.88889,189.31635,0.0,True,4.0,1.0,2.0,"{'bias': 0.0, 'name': 'WET'}",Android,1135.0,101.116,6.0,False,True,3.0,3.0,0.0,-3.0,-0.0,True,False,"[1.0, 1.0, 1.0, 1.0, 1.0, -0.0]","[1.0, 1.0, 1.0, 1.0, 1.0, -0.0]",30.0,2047215.0,6.0,2049673.0,3.0,0.0,6.0,6.0,False,216.0,14.0,True,8.0,True,False,0.0,36.0,36.0,,30.0,83.0,0.9892163634968149,71.0,other,other,54,883.0,36.0,667.0,216.0,True,12.0
1290,2021-02-03 13:20:45,2046285,2052734.0,True,0.0,3.0,2.0,103.888916,139.86652,0.0,False,6.0,1.0,2.0,"{'bias': 0.0, 'name': 'WET'}",Android,3691.0,-297.22763,6.0,True,False,0.0,5.0,5.0,5.0,5.0,False,False,"[5.0, 5.0, 5.0, 5.0, 5.0, -0.0]","[5.0, 5.0, 5.0, 5.0, 5.0, -0.0]",42.0,2052734.0,6.0,2055434.0,0.0,0.0,6.0,6.0,False,216.0,14.0,True,8.0,True,False,0.0,36.0,,"[1.0, 1.0, 1.0, 1.0, 1.0, -0.0]",42.0,71.0,0.9924783175992018,83.0,other,other,55,919.0,36.0,703.0,216.0,True,12.0
1290,2021-02-03 13:20:45,2046285,2052924.0,True,0.0,3.0,2.0,88.888916,149.31201,0.0,False,6.0,1.0,2.0,"{'bias': 0.0, 'name': 'WET'}",Android,190.0,24.445496,6.0,False,False,0.0,5.0,5.0,5.0,5.0,False,False,"[5.0, 5.0, 5.0, 5.0, 5.0, -0.0]","[5.0, 5.0, 5.0, 5.0, 5.0, -0.0]",42.0,2052734.0,6.0,2055434.0,0.0,0.0,6.0,6.0,False,216.0,14.0,True,8.0,True,False,0.0,36.0,36.0,"[1.0, 1.0, 1.0, 1.0, 1.0, -0.0]",42.0,71.0,0.9924783175992018,83.0,other,other,55,919.0,36.0,703.0,216.0,True,12.0
1290,2021-02-03 13:20:45,2046285,2053106.0,True,0.0,3.0,2.0,85.55557,150.42322,0.0,False,6.0,1.0,2.0,"{'bias': 0.0, 'name': 'WET'}",Android,182.0,4.4445496,6.0,False,False,0.0,5.0,5.0,5.0,5.0,False,False,"[5.0, 5.0, 5.0, 5.0, 5.0, -0.0]","[5.0, 5.0, 5.0, 5.0, 5.0, -0.0]",42.0,2052734.0,6.0,2055434.0,0.0,0.0,6.0,6.0,False,216.0,14.0,True,8.0,True,False,0.0,36.0,36.0,"[1.0, 1.0, 1.0, 1.0, 1.0, -0.0]",42.0,71.0,0.9924783175992018,83.0,other,other,55,919.0,36.0,703.0,216.0,True,12.0
1290,2021-02-03 13:20:45,2046285,2053297.0,True,0.0,3.0,2.0,83.888916,144.86707,0.0,False,6.0,1.0,2.0,"{'bias': 0.0, 'name': 'WET'}",Android,191.0,-3.8894958,6.0,False,False,0.0,5.0,5.0,5.0,5.0,False,False,"[5.0, 5.0, 5.0, 5.0, 5.0, -0.0]","[5.0, 5.0, 5.0, 5.0, 5.0, -0.0]",42.0,2052734.0,6.0,2055434.0,0.0,0.0,6.0,6.0,False,216.0,14.0,True,8.0,True,False,0.0,36.0,36.0,"[1.0, 1.0, 1.0, 1.0, 1.0, -0.0]",42.0,71.0,0.9924783175992018,83.0,other,other,55,919.0,36.0,703.0,216.0,True,12.0
1290,2021-02-03 13:20:45,2046285,2053487.0,True,0.0,3.0,2.0,83.888916,145.42267,0.0,False,6.0,1.0,2.0,"{'bias': 0.0, 'name': 'WET'}",Android,190.0,0.555603,6.0,False,False,0.0,5.0,5.0,5.0,5.0,False,False,"[5.0, 5.0, 5.0, 5.0, 5.0, -0.0]","[5.0, 5.0, 5.0, 5.0, 5.0, -0.0]",42.0,2052734.0,6.0,2055434.0,0.0,0.0,6.0,6.0,False,216.0,14.0,True,8.0,True,False,0.0,36.0,36.0,"[1.0, 1.0, 1.0, 1.0, 1.0, -0.0]",42.0,71.0,0.9924783175992018,83.0,other,other,55,919.0,36.0,703.0,216.0,True,12.0
1290,2021-02-03 13:20:45,2046285,2054823.0,True,0.0,3.0,2.0,56.666687,222.09766,0.0,True,1.0,1.0,2.0,"{'bias': 0.0, 'name': 'WET'}",Android,1336.0,103.89722,6.0,False,True,0.0,0.0,0.0,-0.0,-0.0,True,False,"[5.0, 5.0, 5.0, 5.0, 5.0, -0.0]","[5.0, 5.0, 5.0, 5.0, 5.0, -0.0]",42.0,2052734.0,6.0,2055434.0,0.0,0.0,6.0,6.0,False,216.0,14.0,True,8.0,True,False,0.0,36.0,36.0,"[1.0, 1.0, 1.0, 1.0, 1.0, -0.0]",42.0,71.0,0.9924783175992018,83.0,other,other,55,919.0,36.0,703.0,216.0,True,12.0
1290,2021-02-03 13:20:45,2046285,2058498.0,True,0.0,1.0,3.0,76.66669,163.758,0.0,False,6.0,1.0,2.0,"{'bias': 0.0, 'name': 'WET'}",Android,3675.0,-78.33966,6.0,True,False,0.0,5.0,5.0,5.0,5.0,False,False,"[5.0, 5.0, 5.0, 5.0, 5.0, -0.0]","[5.0, 5.0, 5.0, 5.0, 5.0, -0.0]",42.0,2058498.0,6.0,2061067.0,0.0,0.0,6.0,6.0,False,216.0,14.0,True,8.0,True,False,0.0,36.0,,"[5.0, 5.0, 5.0, 5.0, 5.0, -0.0]",42.0,71.0,0.9924783175992018,71.0,other,other,56,955.0,36.0,739.0,216.0,True,12.0
1290,2021-02-03 13:20:45,2046285,2058690.0,True,0.0,1.0,3.0,73.33334,166.53607,0.0,False,6.0,1.0,2.0,"{'bias': 0.0, 'name': 'WET'}",Android,192.0,6.1114197,6.0,False,False,0.0,5.0,5.0,5.0,5.0,False,False,"[5.0, 5.0, 5.0, 5.0, 5.0, -0.0]","[5.0, 5.0, 5.0, 5.0, 5.0, -0.0]",42.0,2058498.0,6.0,2061067.0,0.0,0.0,6.0,6.0,False,216.0,14.0,True,8.0,True,False,0.0,36.0,36.0,"[5.0, 5.0, 5.0, 5.0, 5.0, -0.0]",42.0,71.0,0.9924783175992018,71.0,other,other,56,955.0,36.0,739.0,216.0,True,12.0
1290,2021-02-03 13:20:45,2046285,2058873.0,True,0.0,1.0,3.0,66.66669,169.86981,0.0,False,6.0,1.0,2.0,"{'bias': 0.0, 'name': 'WET'}",Android,183.0,10.000397,6.0,False,False,0.0,5.0,5.0,5.0,5.0,False,False,"[5.0, 5.0, 5.0, 5.0, 5.0, -0.0]","[5.0, 5.0, 5.0, 5.0, 5.0, -0.0]",42.0,2058498.0,6.0,2061067.0,0.0,0.0,6.0,6.0,False,216.0,14.0,True,8.0,True,False,0.0,36.0,36.0,"[5.0, 5.0, 5.0, 5.0, 5.0, -0.0]",42.0,71.0,0.9924783175992018,71.0,other,other,56,955.0,36.0,739.0,216.0,True,12.0
1290,2021-02-03 13:20:45,2046285,2059065.0,True,0.0,1.0,3.0,62.7778,167.09174,0.0,False,6.0,1.0,2.0,"{'bias': 0.0, 'name': 'WET'}",Android,192.0,1.1108093,6.0,False,False,0.0,5.0,5.0,5.0,5.0,False,False,"[5.0, 5.0, 5.0, 5.0, 5.0, -0.0]","[5.0, 5.0, 5.0, 5.0, 5.0, -0.0]",42.0,2058498.0,6.0,2061067.0,0.0,0.0,6.0,6.0,False,216.0,14.0,True,8.0,True,False,0.0,36.0,36.0,"[5.0, 5.0, 5.0, 5.0, 5.0, -0.0]",42.0,71.0,0.9924783175992018,71.0,other,other,56,955.0,36.0,739.0,216.0,True,12.0
1290,2021-02-03 13:20:45,2046285,2059254.0,True,0.0,1.0,3.0,63.888916,154.86816,0.0,False,6.0,1.0,2.0,"{'bias': 0.0, 'name': 'WET'}",Android,189.0,-13.334686,6.0,False,False,0.0,5.0,5.0,5.0,5.0,False,False,"[5.0, 5.0, 5.0, 5.0, 5.0, -0.0]","[5.0, 5.0, 5.0, 5.0, 5.0, -0.0]",42.0,2058498.0,6.0,2061067.0,0.0,0.0,6.0,6.0,False,216.0,14.0,True,8.0,True,False,0.0,36.0,36.0,"[5.0, 5.0, 5.0, 5.0, 5.0, -0.0]",42.0,71.0,0.9924783175992018,71.0,other,other,56,955.0,36.0,739.0,216.0,True,12.0
1290,2021-02-03 13:20:45,2046285,2060485.0,True,0.0,1.0,3.0,2.222229,339.33258,0.0,True,1.0,1.0,2.0,"{'bias': 0.0, 'name': 'WET'}",Android,1231.0,246.1311,6.0,False,True,0.0,0.0,0.0,-0.0,-0.0,True,False,"[5.0, 5.0, 5.0, 5.0, 5.0, -0.0]","[5.0, 5.0, 5.0, 5.0, 5.0, -0.0]",42.0,2058498.0,6.0,2061067.0,0.0,0.0,6.0,6.0,False,216.0,14.0,True,8.0,True,False,0.0,36.0,36.0,"[5.0, 5.0, 5.0, 5.0, 5.0, -0.0]",42.0,71.0,0.9924783175992018,71.0,other,other,56,955.0,36.0,739.0,216.0,True,12.0
1290,2021-02-03 13:20:45,2046285,2064165.0,False,3.0,4.0,4.0,-96.66666,144.31146,0.0,False,5.0,1.0,2.0,"{'bias': 0.0, 'name': 'WET'}",Android,3680.0,-96.13223,6.0,True,False,3.0,4.0,1.0,4.0,1.0,False,False,"[1.0, 1.0, 1.0, 1.0, 1.0, -0.0]","[1.0, 1.0, 1.0, 1.0, 1.0, -0.0]",30.0,2064165.0,6.0,2066760.0,3.0,0.0,6.0,6.0,False,216.0,14.0,True,8.0,True,False,0.0,36.0,,"[5.0, 5.0, 5.0, 5.0, 5.0, -0.0]",30.0,83.0,0.9892163634968149,71.0,other,other,57,991.0,36.0,775.0,216.0,True,12.0
1290,2021-02-03 13:20:45,2046285,2064355.0,False,3.0,4.0,4.0,-76.66666,162.64679,0.0,False,5.0,1.0,2.0,"{'bias': 0.0, 'name': 'WET'}",Android,190.0,-1.6646729,6.0,False,False,3.0,4.0,1.0,4.0,1.0,False,False,"[1.0, 1.0, 1.0, 1.0, 1.0, -0.0]","[1.0, 1.0, 1.0, 1.0, 1.0, -0.0]",30.0,2064165.0,6.0,2066760.0,3.0,0.0,6.0,6.0,False,216.0,14.0,True,8.0,True,False,0.0,36.0,36.0,"[5.0, 5.0, 5.0, 5.0, 5.0, -0.0]",30.0,83.0,0.9892163634968149,71.0,other,other,57,991.0,36.0,775.0,216.0,True,12.0
1290,2021-02-03 13:20:45,2046285,2064565.0,False,3.0,4.0,4.0,-73.888885,172.09222,0.0,False,5.0,1.0,2.0,"{'bias': 0.0, 'name': 'WET'}",Android,210.0,6.6676636,6.0,False,False,3.0,4.0,1.0,4.0,1.0,False,False,"[1.0, 1.0, 1.0, 1.0, 1.0, -0.0]","[1.0, 1.0, 1.0, 1.0, 1.0, -0.0]",30.0,2064165.0,6.0,2066760.0,3.0,0.0,6.0,6.0,False,216.0,14.0,True,8.0,True,False,0.0,36.0,36.0,"[5.0, 5.0, 5.0, 5.0, 5.0, -0.0]",30.0,83.0,0.9892163634968149,71.0,other,other,57,991.0,36.0,775.0,216.0,True,12.0
1290,2021-02-03 13:20:45,2046285,2064758.0,False,3.0,4.0,4.0,-76.66666,168.20294,0.0,False,5.0,1.0,2.0,"{'bias': 0.0, 'name': 'WET'}",Android,193.0,-1.1115112,6.0,False,False,3.0,4.0,1.0,4.0,1.0,False,False,"[1.0, 1.0, 1.0, 1.0, 1.0, -0.0]","[1.0, 1.0, 1.0, 1.0, 1.0, -0.0]",30.0,2064165.0,6.0,2066760.0,3.0,0.0,6.0,6.0,False,216.0,14.0,True,8.0,True,False,0.0,36.0,36.0,"[5.0, 5.0, 5.0, 5.0, 5.0, -0.0]",30.0,83.0,0.9892163634968149,71.0,other,other,57,991.0,36.0,775.0,216.0,True,12.0
1290,2021-02-03 13:20:45,2046285,2065548.0,False,3.0,4.0,4.0,-82.77777,135.97723,0.0,False,5.0,1.0,2.0,"{'bias': 0.0, 'name': 'WET'}",Android,790.0,-26.114594,6.0,False,False,3.0,4.0,1.0,4.0,1.0,False,False,"[1.0, 1.0, 1.0, 1.0, 1.0, -0.0]","[1.0, 1.0, 1.0, 1.0, 1.0, -0.0]",30.0,2064165.0,6.0,2066760.0,3.0,0.0,6.0,6.0,False,216.0,14.0,True,8.0,True,False,0.0,36.0,36.0,"[5.0, 5.0, 5.0, 5.0, 5.0, -0.0]",30.0,83.0,0.9892163634968149,71.0,other,other,57,991.0,36.0,775.0,216.0,True,12.0
1290,2021-02-03 13:20:45,2046285,2066178.0,False,3.0,4.0,4.0,-108.33333,209.31848,0.0,True,4.0,1.0,2.0,"{'bias': 0.0, 'name': 'WET'}",Android,630.0,98.896805,6.0,False,True,3.0,3.0,0.0,-3.0,-0.0,True,False,"[1.0, 1.0, 1.0, 1.0, 1.0, -0.0]","[1.0, 1.0, 1.0, 1.0, 1.0, -0.0]",30.0,2064165.0,6.0,2066760.0,3.0,0.0,6.0,6.0,False,216.0,14.0,True,8.0,True,False,0.0,36.0,36.0,"[5.0, 5.0, 5.0, 5.0, 5.0, -0.0]",30.0,83.0,0.9892163634968149,71.0,other,other,57,991.0,36.0,775.0,216.0,True,12.0
1290,2021-02-03 13:20:45,2046285,2069793.0,True,1.0,2.0,5.0,-82.77777,158.20184,0.0,False,5.0,1.0,2.0,"{'bias': 0.0, 'name': 'WET'}",Android,3615.0,-76.672195,6.0,True,False,5.0,4.0,5.0,4.0,5.0,False,False,"[5.0, 5.0, 5.0, 5.0, 5.0, -0.0]","[5.0, 5.0, 5.0, 5.0, 5.0, -0.0]",42.0,2069793.0,6.0,2072660.0,5.0,0.0,6.0,6.0,False,216.0,14.0,True,8.0,True,False,0.0,36.0,,"[1.0, 1.0, 1.0, 1.0, 1.0, -0.0]",42.0,71.0,0.9924783175992018,83.0,other,other,58,1027.0,36.0,811.0,216.0,True,12.0
1290,2021-02-03 13:20:45,2046285,2070016.0,True,1.0,2.0,5.0,-75.55554,153.7569,0.0,False,5.0,1.0,2.0,"{'bias': 0.0, 'name': 'WET'}",Android,223.0,-11.667175,6.0,False,False,5.0,4.0,5.0,4.0,5.0,False,False,"[5.0, 5.0, 5.0, 5.0, 5.0, -0.0]","[5.0, 5.0, 5.0, 5.0, 5.0, -0.0]",42.0,2069793.0,6.0,2072660.0,5.0,0.0,6.0,6.0,False,216.0,14.0,True,8.0,True,False,0.0,36.0,36.0,"[1.0, 1.0, 1.0, 1.0, 1.0, -0.0]",42.0,71.0,0.9924783175992018,83.0,other,other,58,1027.0,36.0,811.0,216.0,True,12.0
1290,2021-02-03 13:20:45,2046285,2070223.0,True,1.0,2.0,5.0,-74.999985,153.2013,0.0,False,5.0,1.0,2.0,"{'bias': 0.0, 'name': 'WET'}",Android,207.0,-1.1111603,6.0,False,False,5.0,4.0,5.0,4.0,5.0,False,False,"[5.0, 5.0, 5.0, 5.0, 5.0, -0.0]","[5.0, 5.0, 5.0, 5.0, 5.0, -0.0]",42.0,2069793.0,6.0,2072660.0,5.0,0.0,6.0,6.0,False,216.0,14.0,True,8.0,True,False,0.0,36.0,36.0,"[1.0, 1.0, 1.0, 1.0, 1.0, -0.0]",42.0,71.0,0.9924783175992018,83.0,other,other,58,1027.0,36.0,811.0,216.0,True,12.0
1290,2021-02-03 13:20:45,2046285,2070466.0,True,1.0,2.0,5.0,-79.44443,153.2013,0.0,False,5.0,1.0,2.0,"{'bias': 0.0, 'name': 'WET'}",Android,243.0,4.4444427,6.0,False,False,5.0,4.0,5.0,4.0,5.0,False,False,"[5.0, 5.0, 5.0, 5.0, 5.0, -0.0]","[5.0, 5.0, 5.0, 5.0, 5.0, -0.0]",42.0,2069793.0,6.0,2072660.0,5.0,0.0,6.0,6.0,False,216.0,14.0,True,8.0,True,False,0.0,36.0,36.0,"[1.0, 1.0, 1.0, 1.0, 1.0, -0.0]",42.0,71.0,0.9924783175992018,83.0,other,other,58,1027.0,36.0,811.0,216.0,True,12.0
1290,2021-02-03 13:20:45,2046285,2071530.0,True,1.0,2.0,5.0,-71.1111,155.97937,0.0,False,5.0,1.0,2.0,"{'bias': 0.0, 'name': 'WET'}",Android,1064.0,-5.555252,6.0,False,False,5.0,4.0,5.0,4.0,5.0,False,False,"[5.0, 5.0, 5.0, 5.0, 5.0, -0.0]","[5.0, 5.0, 5.0, 5.0, 5.0, -0.0]",42.0,2069793.0,6.0,2072660.0,5.0,0.0,6.0,6.0,False,216.0,14.0,True,8.0,True,False,0.0,36.0,36.0,"[1.0, 1.0, 1.0, 1.0, 1.0, -0.0]",42.0,71.0,0.9924783175992018,83.0,other,other,58,1027.0,36.0,811.0,216.0,True,12.0
1290,2021-02-03 13:20:45,2046285,2072077.0,True,1.0,2.0,5.0,-68.33333,185.98267,0.0,True,6.0,1.0,2.0,"{'bias': 0.0, 'name': 'WET'}",Android,547.0,27.225525,6.0,False,True,5.0,5.0,0.0,-5.0,-0.0,True,False,"[5.0, 5.0, 5.0, 5.0, 5.0, -0.0]","[5.0, 5.0, 5.0, 5.0, 5.0, -0.0]",42.0,2069793.0,6.0,2072660.0,5.0,0.0,6.0,6.0,False,216.0,14.0,True,8.0,True,False,0.0,36.0,36.0,"[1.0, 1.0, 1.0, 1.0, 1.0, -0.0]",42.0,71.0,0.9924783175992018,83.0,other,other,58,1027.0,36.0,811.0,216.0,True,12.0
1290,2021-02-03 13:20:45,2046285,2075729.0,False,0.0,0.0,6.0,90.00003,142.08899,0.0,False,6.0,1.0,2.0,"{'bias': 0.0, 'name': 'WET'}",Android,3652.0,-202.22704,6.0,True,False,0.0,5.0,5.0,5.0,5.0,False,False,"[5.0, 5.0, 5.0, 5.0, 5.0, -0.0]","[5.0, 5.0, 5.0, 5.0, 5.0, -0.0]",42.0,2075729.0,6.0,2078571.0,0.0,0.0,6.0,6.0,True,216.0,14.0,True,8.0,True,False,0.0,36.0,,"[5.0, 5.0, 5.0, 5.0, 5.0, -0.0]",42.0,71.0,0.9924783175992018,71.0,other,other,59,1063.0,36.0,847.0,216.0,True,12.0
1290,2021-02-03 13:20:45,2046285,2075952.0,False,0.0,0.0,6.0,78.888916,137.64404,0.0,False,6.0,1.0,2.0,"{'bias': 0.0, 'name': 'WET'}",Android,223.0,6.666168,6.0,False,False,0.0,5.0,5.0,5.0,5.0,False,False,"[5.0, 5.0, 5.0, 5.0, 5.0, -0.0]","[5.0, 5.0, 5.0, 5.0, 5.0, -0.0]",42.0,2075729.0,6.0,2078571.0,0.0,0.0,6.0,6.0,True,216.0,14.0,True,8.0,True,False,0.0,36.0,36.0,"[5.0, 5.0, 5.0, 5.0, 5.0, -0.0]",42.0,71.0,0.9924783175992018,71.0,other,other,59,1063.0,36.0,847.0,216.0,True,12.0
1290,2021-02-03 13:20:45,2046285,2076158.0,False,0.0,0.0,6.0,78.33334,133.19916,0.0,False,6.0,1.0,2.0,"{'bias': 0.0, 'name': 'WET'}",Android,206.0,-3.8893127,6.0,False,False,0.0,5.0,5.0,5.0,5.0,False,False,"[5.0, 5.0, 5.0, 5.0, 5.0, -0.0]","[5.0, 5.0, 5.0, 5.0, 5.0, -0.0]",42.0,2075729.0,6.0,2078571.0,0.0,0.0,6.0,6.0,True,216.0,14.0,True,8.0,True,False,0.0,36.0,36.0,"[5.0, 5.0, 5.0, 5.0, 5.0, -0.0]",42.0,71.0,0.9924783175992018,71.0,other,other,59,1063.0,36.0,847.0,216.0,True,12.0
1290,2021-02-03 13:20:45,2046285,2076377.0,False,0.0,0.0,6.0,80.55557,133.75476,0.0,False,6.0,1.0,2.0,"{'bias': 0.0, 'name': 'WET'}",Android,219.0,-1.666626,6.0,False,False,0.0,5.0,5.0,5.0,5.0,False,False,"[5.0, 5.0, 5.0, 5.0, 5.0, -0.0]","[5.0, 5.0, 5.0, 5.0, 5.0, -0.0]",42.0,2075729.0,6.0,2078571.0,0.0,0.0,6.0,6.0,True,216.0,14.0,True,8.0,True,False,0.0,36.0,36.0,"[5.0, 5.0, 5.0, 5.0, 5.0, -0.0]",42.0,71.0,0.9924783175992018,71.0,other,other,59,1063.0,36.0,847.0,216.0,True,12.0
1290,2021-02-03 13:20:45,2046285,2077496.0,False,0.0,0.0,6.0,81.66669,137.08844,0.0,False,6.0,1.0,2.0,"{'bias': 0.0, 'name': 'WET'}",Android,1119.0,2.2225647,6.0,False,False,0.0,5.0,5.0,5.0,5.0,False,False,"[5.0, 5.0, 5.0, 5.0, 5.0, -0.0]","[5.0, 5.0, 5.0, 5.0, 5.0, -0.0]",42.0,2075729.0,6.0,2078571.0,0.0,0.0,6.0,6.0,True,216.0,14.0,True,8.0,True,False,0.0,36.0,36.0,"[5.0, 5.0, 5.0, 5.0, 5.0, -0.0]",42.0,71.0,0.9924783175992018,71.0,other,other,59,1063.0,36.0,847.0,216.0,True,12.0
1290,2021-02-03 13:20:45,2046285,2077989.0,False,0.0,0.0,6.0,58.888916,237.0993,0.0,True,1.0,1.0,2.0,"{'bias': 0.0, 'name': 'WET'}",Android,493.0,122.788635,6.0,False,True,0.0,0.0,0.0,-0.0,-0.0,True,False,"[5.0, 5.0, 5.0, 5.0, 5.0, -0.0]","[5.0, 5.0, 5.0, 5.0, 5.0, -0.0]",42.0,2075729.0,6.0,2078571.0,0.0,0.0,6.0,6.0,True,216.0,14.0,True,8.0,True,False,0.0,36.0,36.0,"[5.0, 5.0, 5.0, 5.0, 5.0, -0.0]",42.0,71.0,0.9924783175992018,71.0,other,other,59,1063.0,36.0,847.0,216.0,True,12.0
1290,2021-02-03 13:21:39,2099376,2100151.0,False,0.0,5.0,1.0,97.7778,149.31201,0.0,False,6.0,1.0,2.0,"{'bias': 0.0, 'name': 'WET'}",Android,22162.0,-126.67618,6.0,True,False,0.0,5.0,5.0,5.0,5.0,False,False,"[5.0, 5.0, 5.0, 5.0, 5.0, -0.0]","[5.0, 5.0, 5.0, 5.0, 5.0, -0.0]",42.0,2100151.0,6.0,2102748.0,0.0,0.0,6.0,6.0,False,216.0,15.0,True,8.0,True,False,0.0,36.0,,,42.0,71.0,0.9924783175992018,71.0,other,first,60,1099.0,36.0,883.0,216.0,True,12.0
1290,2021-02-03 13:21:39,2099376,2100340.0,False,0.0,5.0,1.0,85.00003,140.42212,0.0,False,6.0,1.0,2.0,"{'bias': 0.0, 'name': 'WET'}",Android,189.0,3.8878784,6.0,False,False,0.0,5.0,5.0,5.0,5.0,False,False,"[5.0, 5.0, 5.0, 5.0, 5.0, -0.0]","[5.0, 5.0, 5.0, 5.0, 5.0, -0.0]",42.0,2100151.0,6.0,2102748.0,0.0,0.0,6.0,6.0,False,216.0,15.0,True,8.0,True,False,0.0,36.0,36.0,,42.0,71.0,0.9924783175992018,71.0,other,other,60,1099.0,36.0,883.0,216.0,True,12.0
1290,2021-02-03 13:21:39,2099376,2100523.0,False,0.0,5.0,1.0,82.22223,135.97723,0.0,False,6.0,1.0,2.0,"{'bias': 0.0, 'name': 'WET'}",Android,183.0,-1.6670837,6.0,False,False,0.0,5.0,5.0,5.0,5.0,False,False,"[5.0, 5.0, 5.0, 5.0, 5.0, -0.0]","[5.0, 5.0, 5.0, 5.0, 5.0, -0.0]",42.0,2100151.0,6.0,2102748.0,0.0,0.0,6.0,6.0,False,216.0,15.0,True,8.0,True,False,0.0,36.0,36.0,,42.0,71.0,0.9924783175992018,71.0,other,other,60,1099.0,36.0,883.0,216.0,True,12.0
1290,2021-02-03 13:21:39,2099376,2100685.0,False,0.0,5.0,1.0,80.55557,140.42212,0.0,False,6.0,1.0,2.0,"{'bias': 0.0, 'name': 'WET'}",Android,162.0,6.1115417,6.0,False,False,0.0,5.0,5.0,5.0,5.0,False,False,"[5.0, 5.0, 5.0, 5.0, 5.0, -0.0]","[5.0, 5.0, 5.0, 5.0, 5.0, -0.0]",42.0,2100151.0,6.0,2102748.0,0.0,0.0,6.0,6.0,False,216.0,15.0,True,8.0,True,False,0.0,36.0,36.0,,42.0,71.0,0.9924783175992018,71.0,other,other,60,1099.0,36.0,883.0,216.0,True,12.0
1290,2021-02-03 13:21:39,2099376,2100875.0,False,0.0,5.0,1.0,75.55557,136.53284,0.0,False,6.0,1.0,2.0,"{'bias': 0.0, 'name': 'WET'}",Android,190.0,1.1107178,6.0,False,False,0.0,5.0,5.0,5.0,5.0,False,False,"[5.0, 5.0, 5.0, 5.0, 5.0, -0.0]","[5.0, 5.0, 5.0, 5.0, 5.0, -0.0]",42.0,2100151.0,6.0,2102748.0,0.0,0.0,6.0,6.0,False,216.0,15.0,True,8.0,True,False,0.0,36.0,36.0,,42.0,71.0,0.9924783175992018,71.0,other,other,60,1099.0,36.0,883.0,216.0,True,12.0
1290,2021-02-03 13:21:39,2099376,2102146.0,False,0.0,5.0,1.0,67.7778,167.64734,0.0,True,1.0,1.0,2.0,"{'bias': 0.0, 'name': 'WET'}",Android,1271.0,38.892273,6.0,False,True,0.0,0.0,0.0,-0.0,-0.0,True,False,"[5.0, 5.0, 5.0, 5.0, 5.0, -0.0]","[5.0, 5.0, 5.0, 5.0, 5.0, -0.0]",42.0,2100151.0,6.0,2102748.0,0.0,0.0,6.0,6.0,False,216.0,15.0,True,8.0,True,False,0.0,36.0,36.0,,42.0,71.0,0.9924783175992018,71.0,other,other,60,1099.0,36.0,883.0,216.0,True,12.0
1290,2021-02-03 13:21:39,2099376,2105677.0,False,0.0,2.0,2.0,103.888916,158.75745,0.0,False,6.0,1.0,2.0,"{'bias': 0.0, 'name': 'WET'}",Android,3531.0,-45.001007,6.0,True,False,0.0,5.0,5.0,5.0,5.0,False,False,"[5.0, 5.0, 5.0, 5.0, 5.0, -0.0]","[5.0, 5.0, 5.0, 5.0, 5.0, -0.0]",42.0,2105677.0,6.0,2108238.0,0.0,0.0,6.0,6.0,False,216.0,15.0,True,8.0,True,False,0.0,36.0,,"[5.0, 5.0, 5.0, 5.0, 5.0, -0.0]",42.0,71.0,0.9924783175992018,71.0,other,other,61,1135.0,36.0,919.0,216.0,True,12.0
1290,2021-02-03 13:21:39,2099376,2105836.0,False,0.0,2.0,2.0,94.44446,149.31201,0.0,False,6.0,1.0,2.0,"{'bias': 0.0, 'name': 'WET'}",Android,159.0,-0.0009765625,6.0,False,False,0.0,5.0,5.0,5.0,5.0,False,False,"[5.0, 5.0, 5.0, 5.0, 5.0, -0.0]","[5.0, 5.0, 5.0, 5.0, 5.0, -0.0]",42.0,2105677.0,6.0,2108238.0,0.0,0.0,6.0,6.0,False,216.0,15.0,True,8.0,True,False,0.0,36.0,36.0,"[5.0, 5.0, 5.0, 5.0, 5.0, -0.0]",42.0,71.0,0.9924783175992018,71.0,other,other,61,1135.0,36.0,919.0,216.0,True,12.0
1290,2021-02-03 13:21:39,2099376,2106023.0,False,0.0,2.0,2.0,82.7778,143.20026,0.0,False,6.0,1.0,2.0,"{'bias': 0.0, 'name': 'WET'}",Android,187.0,5.554901,6.0,False,False,0.0,5.0,5.0,5.0,5.0,False,False,"[5.0, 5.0, 5.0, 5.0, 5.0, -0.0]","[5.0, 5.0, 5.0, 5.0, 5.0, -0.0]",42.0,2105677.0,6.0,2108238.0,0.0,0.0,6.0,6.0,False,216.0,15.0,True,8.0,True,False,0.0,36.0,36.0,"[5.0, 5.0, 5.0, 5.0, 5.0, -0.0]",42.0,71.0,0.9924783175992018,71.0,other,other,61,1135.0,36.0,919.0,216.0,True,12.0
1290,2021-02-03 13:21:39,2099376,2106214.0,False,0.0,2.0,2.0,72.22223,144.86707,0.0,False,6.0,1.0,2.0,"{'bias': 0.0, 'name': 'WET'}",Android,191.0,12.222382,6.0,False,False,0.0,5.0,5.0,5.0,5.0,False,False,"[5.0, 5.0, 5.0, 5.0, 5.0, -0.0]","[5.0, 5.0, 5.0, 5.0, 5.0, -0.0]",42.0,2105677.0,6.0,2108238.0,0.0,0.0,6.0,6.0,False,216.0,15.0,True,8.0,True,False,0.0,36.0,36.0,"[5.0, 5.0, 5.0, 5.0, 5.0, -0.0]",42.0,71.0,0.9924783175992018,71.0,other,other,61,1135.0,36.0,919.0,216.0,True,12.0
1290,2021-02-03 13:21:39,2099376,2106432.0,False,0.0,2.0,2.0,68.888916,136.53284,0.0,False,6.0,1.0,2.0,"{'bias': 0.0, 'name': 'WET'}",Android,218.0,-5.0009155,6.0,False,False,0.0,5.0,5.0,5.0,5.0,False,False,"[5.0, 5.0, 5.0, 5.0, 5.0, -0.0]","[5.0, 5.0, 5.0, 5.0, 5.0, -0.0]",42.0,2105677.0,6.0,2108238.0,0.0,0.0,6.0,6.0,False,216.0,15.0,True,8.0,True,False,0.0,36.0,36.0,"[5.0, 5.0, 5.0, 5.0, 5.0, -0.0]",42.0,71.0,0.9924783175992018,71.0,other,other,61,1135.0,36.0,919.0,216.0,True,12.0
1290,2021-02-03 13:21:39,2099376,2107660.0,False,0.0,2.0,2.0,77.22223,243.21106,0.0,True,1.0,1.0,2.0,"{'bias': 0.0, 'name': 'WET'}",Android,1228.0,98.34491,6.0,False,True,0.0,0.0,0.0,-0.0,-0.0,True,False,"[5.0, 5.0, 5.0, 5.0, 5.0, -0.0]","[5.0, 5.0, 5.0, 5.0, 5.0, -0.0]",42.0,2105677.0,6.0,2108238.0,0.0,0.0,6.0,6.0,False,216.0,15.0,True,8.0,True,False,0.0,36.0,36.0,"[5.0, 5.0, 5.0, 5.0, 5.0, -0.0]",42.0,71.0,0.9924783175992018,71.0,other,other,61,1135.0,36.0,919.0,216.0,True,12.0
1290,2021-02-03 13:21:39,2099376,2111427.0,False,1.0,3.0,3.0,165.00003,2.073792,0.0,False,1.0,1.0,2.0,"{'bias': 0.0, 'name': 'WET'}",Android,3767.0,-328.91507,6.0,True,False,1.0,0.0,5.0,0.0,5.0,False,False,"[5.0, 5.0, 5.0, 5.0, 5.0, -0.0]","[5.0, 5.0, 5.0, 5.0, 5.0, -0.0]",42.0,2111427.0,6.0,2113915.0,1.0,0.0,6.0,6.0,False,216.0,15.0,True,8.0,True,False,0.0,36.0,,"[5.0, 5.0, 5.0, 5.0, 5.0, -0.0]",42.0,71.0,0.9924783175992018,71.0,other,other,62,1171.0,36.0,955.0,216.0,True,12.0
1290,2021-02-03 13:21:39,2099376,2111618.0,False,1.0,3.0,3.0,168.33334,-4.593567,0.0,False,1.0,1.0,2.0,"{'bias': 0.0, 'name': 'WET'}",Android,191.0,-10.000671,6.0,False,False,1.0,0.0,5.0,0.0,5.0,False,False,"[5.0, 5.0, 5.0, 5.0, 5.0, -0.0]","[5.0, 5.0, 5.0, 5.0, 5.0, -0.0]",42.0,2111427.0,6.0,2113915.0,1.0,0.0,6.0,6.0,False,216.0,15.0,True,8.0,True,False,0.0,36.0,36.0,"[5.0, 5.0, 5.0, 5.0, 5.0, -0.0]",42.0,71.0,0.9924783175992018,71.0,other,other,62,1171.0,36.0,955.0,216.0,True,12.0
1290,2021-02-03 13:21:39,2099376,2111775.0,False,1.0,3.0,3.0,168.88892,-6.81604,0.0,False,1.0,1.0,2.0,"{'bias': 0.0, 'name': 'WET'}",Android,157.0,-2.7780457,6.0,False,False,1.0,0.0,5.0,0.0,5.0,False,False,"[5.0, 5.0, 5.0, 5.0, 5.0, -0.0]","[5.0, 5.0, 5.0, 5.0, 5.0, -0.0]",42.0,2111427.0,6.0,2113915.0,1.0,0.0,6.0,6.0,False,216.0,15.0,True,8.0,True,False,0.0,36.0,36.0,"[5.0, 5.0, 5.0, 5.0, 5.0, -0.0]",42.0,71.0,0.9924783175992018,71.0,other,other,62,1171.0,36.0,955.0,216.0,True,12.0
1290,2021-02-03 13:21:39,2099376,2111966.0,False,1.0,3.0,3.0,173.33334,-16.261536,0.0,False,1.0,1.0,2.0,"{'bias': 0.0, 'name': 'WET'}",Android,191.0,-13.889923,6.0,False,False,1.0,0.0,5.0,0.0,5.0,False,False,"[5.0, 5.0, 5.0, 5.0, 5.0, -0.0]","[5.0, 5.0, 5.0, 5.0, 5.0, -0.0]",42.0,2111427.0,6.0,2113915.0,1.0,0.0,6.0,6.0,False,216.0,15.0,True,8.0,True,False,0.0,36.0,36.0,"[5.0, 5.0, 5.0, 5.0, 5.0, -0.0]",42.0,71.0,0.9924783175992018,71.0,other,other,62,1171.0,36.0,955.0,216.0,True,12.0
1290,2021-02-03 13:21:39,2099376,2112129.0,False,1.0,3.0,3.0,177.22226,-37.37494,0.0,False,1.0,1.0,2.0,"{'bias': 0.0, 'name': 'WET'}",Android,163.0,-25.00232,6.0,False,False,1.0,0.0,5.0,0.0,5.0,False,False,"[5.0, 5.0, 5.0, 5.0, 5.0, -0.0]","[5.0, 5.0, 5.0, 5.0, 5.0, -0.0]",42.0,2111427.0,6.0,2113915.0,1.0,0.0,6.0,6.0,False,216.0,15.0,True,8.0,True,False,0.0,36.0,36.0,"[5.0, 5.0, 5.0, 5.0, 5.0, -0.0]",42.0,71.0,0.9924783175992018,71.0,other,other,62,1171.0,36.0,955.0,216.0,True,12.0
1290,2021-02-03 13:21:39,2099376,2113331.0,False,1.0,3.0,3.0,209.44446,67.636475,0.0,True,2.0,1.0,2.0,"{'bias': 0.0, 'name': 'WET'}",Android,1202.0,72.789215,6.0,False,True,1.0,1.0,0.0,-1.0,-0.0,True,False,"[5.0, 5.0, 5.0, 5.0, 5.0, -0.0]","[5.0, 5.0, 5.0, 5.0, 5.0, -0.0]",42.0,2111427.0,6.0,2113915.0,1.0,0.0,6.0,6.0,False,216.0,15.0,True,8.0,True,False,0.0,36.0,36.0,"[5.0, 5.0, 5.0, 5.0, 5.0, -0.0]",42.0,71.0,0.9924783175992018,71.0,other,other,62,1171.0,36.0,955.0,216.0,True,12.0
1290,2021-02-03 13:21:39,2099376,2116953.0,True,2.0,1.0,4.0,81.66669,140.42212,0.0,False,6.0,1.0,2.0,"{'bias': 0.0, 'name': 'WET'}",Android,3622.0,200.56342,6.0,True,False,4.0,5.0,1.0,5.0,1.0,False,False,"[1.0, 1.0, 1.0, 1.0, 1.0, -0.0]","[1.0, 1.0, 1.0, 1.0, 1.0, -0.0]",30.0,2116953.0,6.0,2119496.0,4.0,0.0,6.0,6.0,False,216.0,15.0,True,8.0,True,False,0.0,36.0,,"[5.0, 5.0, 5.0, 5.0, 5.0, -0.0]",30.0,83.0,0.9892163634968149,71.0,other,other,63,1207.0,36.0,991.0,216.0,True,12.0
1290,2021-02-03 13:21:39,2099376,2117144.0,True,2.0,1.0,4.0,85.00003,138.75531,0.0,False,6.0,1.0,2.0,"{'bias': 0.0, 'name': 'WET'}",Android,191.0,-5.0001526,6.0,False,False,4.0,5.0,1.0,5.0,1.0,False,False,"[1.0, 1.0, 1.0, 1.0, 1.0, -0.0]","[1.0, 1.0, 1.0, 1.0, 1.0, -0.0]",30.0,2116953.0,6.0,2119496.0,4.0,0.0,6.0,6.0,False,216.0,15.0,True,8.0,True,False,0.0,36.0,36.0,"[5.0, 5.0, 5.0, 5.0, 5.0, -0.0]",30.0,83.0,0.9892163634968149,71.0,other,other,63,1207.0,36.0,991.0,216.0,True,12.0
1290,2021-02-03 13:21:39,2099376,2117299.0,True,2.0,1.0,4.0,79.44446,133.19916,0.0,False,6.0,1.0,2.0,"{'bias': 0.0, 'name': 'WET'}",Android,155.0,-0.000579834,6.0,False,False,4.0,5.0,1.0,5.0,1.0,False,False,"[1.0, 1.0, 1.0, 1.0, 1.0, -0.0]","[1.0, 1.0, 1.0, 1.0, 1.0, -0.0]",30.0,2116953.0,6.0,2119496.0,4.0,0.0,6.0,6.0,False,216.0,15.0,True,8.0,True,False,0.0,36.0,36.0,"[5.0, 5.0, 5.0, 5.0, 5.0, -0.0]",30.0,83.0,0.9892163634968149,71.0,other,other,63,1207.0,36.0,991.0,216.0,True,12.0
1290,2021-02-03 13:21:39,2099376,2117490.0,True,2.0,1.0,4.0,74.44446,133.19916,0.0,False,6.0,1.0,2.0,"{'bias': 0.0, 'name': 'WET'}",Android,191.0,5.0,6.0,False,False,4.0,5.0,1.0,5.0,1.0,False,False,"[1.0, 1.0, 1.0, 1.0, 1.0, -0.0]","[1.0, 1.0, 1.0, 1.0, 1.0, -0.0]",30.0,2116953.0,6.0,2119496.0,4.0,0.0,6.0,6.0,False,216.0,15.0,True,8.0,True,False,0.0,36.0,36.0,"[5.0, 5.0, 5.0, 5.0, 5.0, -0.0]",30.0,83.0,0.9892163634968149,71.0,other,other,63,1207.0,36.0,991.0,216.0,True,12.0
1290,2021-02-03 13:21:39,2099376,2117709.0,True,2.0,1.0,4.0,75.00003,125.976135,0.0,False,6.0,1.0,2.0,"{'bias': 0.0, 'name': 'WET'}",Android,219.0,-7.778595,6.0,False,False,4.0,5.0,1.0,5.0,1.0,False,False,"[1.0, 1.0, 1.0, 1.0, 1.0, -0.0]","[1.0, 1.0, 1.0, 1.0, 1.0, -0.0]",30.0,2116953.0,6.0,2119496.0,4.0,0.0,6.0,6.0,False,216.0,15.0,True,8.0,True,False,0.0,36.0,36.0,"[5.0, 5.0, 5.0, 5.0, 5.0, -0.0]",30.0,83.0,0.9892163634968149,71.0,other,other,63,1207.0,36.0,991.0,216.0,True,12.0
1290,2021-02-03 13:21:39,2099376,2118914.0,True,2.0,1.0,4.0,153.33334,248.76721,0.0,True,5.0,1.0,2.0,"{'bias': 0.0, 'name': 'WET'}",Android,1205.0,44.457764,6.0,False,True,4.0,4.0,0.0,-4.0,-0.0,True,False,"[1.0, 1.0, 1.0, 1.0, 1.0, -0.0]","[1.0, 1.0, 1.0, 1.0, 1.0, -0.0]",30.0,2116953.0,6.0,2119496.0,4.0,0.0,6.0,6.0,False,216.0,15.0,True,8.0,True,False,0.0,36.0,36.0,"[5.0, 5.0, 5.0, 5.0, 5.0, -0.0]",30.0,83.0,0.9892163634968149,71.0,other,other,63,1207.0,36.0,991.0,216.0,True,12.0
1290,2021-02-03 13:21:39,2099376,2122659.0,False,1.0,4.0,5.0,167.7778,2.073792,0.0,False,1.0,1.0,2.0,"{'bias': 0.0, 'name': 'WET'}",Android,3745.0,-261.13788,6.0,True,False,1.0,0.0,5.0,0.0,5.0,False,False,"[5.0, 5.0, 5.0, 5.0, 5.0, -0.0]","[5.0, 5.0, 5.0, 5.0, 5.0, -0.0]",42.0,2122659.0,6.0,2124986.0,1.0,0.0,6.0,6.0,False,216.0,15.0,True,8.0,True,False,0.0,36.0,,"[1.0, 1.0, 1.0, 1.0, 1.0, -0.0]",42.0,71.0,0.9924783175992018,83.0,other,other,64,1243.0,36.0,1027.0,216.0,True,12.0
1290,2021-02-03 13:21:39,2099376,2122817.0,False,1.0,4.0,5.0,171.11115,2.073792,0.0,False,1.0,1.0,2.0,"{'bias': 0.0, 'name': 'WET'}",Android,158.0,-3.3333435,6.0,False,False,1.0,0.0,5.0,0.0,5.0,False,False,"[5.0, 5.0, 5.0, 5.0, 5.0, -0.0]","[5.0, 5.0, 5.0, 5.0, 5.0, -0.0]",42.0,2122659.0,6.0,2124986.0,1.0,0.0,6.0,6.0,False,216.0,15.0,True,8.0,True,False,0.0,36.0,36.0,"[1.0, 1.0, 1.0, 1.0, 1.0, -0.0]",42.0,71.0,0.9924783175992018,83.0,other,other,64,1243.0,36.0,1027.0,216.0,True,12.0
1290,2021-02-03 13:21:39,2099376,2123006.0,False,1.0,4.0,5.0,159.44446,7.629944,0.0,False,1.0,1.0,2.0,"{'bias': 0.0, 'name': 'WET'}",Android,189.0,17.22284,6.0,False,False,1.0,0.0,5.0,0.0,5.0,False,False,"[5.0, 5.0, 5.0, 5.0, 5.0, -0.0]","[5.0, 5.0, 5.0, 5.0, 5.0, -0.0]",42.0,2122659.0,6.0,2124986.0,1.0,0.0,6.0,6.0,False,216.0,15.0,True,8.0,True,False,0.0,36.0,36.0,"[1.0, 1.0, 1.0, 1.0, 1.0, -0.0]",42.0,71.0,0.9924783175992018,83.0,other,other,64,1243.0,36.0,1027.0,216.0,True,12.0
1290,2021-02-03 13:21:39,2099376,2123171.0,False,1.0,4.0,5.0,153.33334,5.407471,0.0,False,1.0,1.0,2.0,"{'bias': 0.0, 'name': 'WET'}",Android,165.0,3.8886418,6.0,False,False,1.0,0.0,5.0,0.0,5.0,False,False,"[5.0, 5.0, 5.0, 5.0, 5.0, -0.0]","[5.0, 5.0, 5.0, 5.0, 5.0, -0.0]",42.0,2122659.0,6.0,2124986.0,1.0,0.0,6.0,6.0,False,216.0,15.0,True,8.0,True,False,0.0,36.0,36.0,"[1.0, 1.0, 1.0, 1.0, 1.0, -0.0]",42.0,71.0,0.9924783175992018,83.0,other,other,64,1243.0,36.0,1027.0,216.0,True,12.0
1290,2021-02-03 13:21:39,2099376,2123388.0,False,1.0,4.0,5.0,148.88892,-7.371643,0.0,False,1.0,1.0,2.0,"{'bias': 0.0, 'name': 'WET'}",Android,217.0,-8.334686,6.0,False,False,1.0,0.0,5.0,0.0,5.0,False,False,"[5.0, 5.0, 5.0, 5.0, 5.0, -0.0]","[5.0, 5.0, 5.0, 5.0, 5.0, -0.0]",42.0,2122659.0,6.0,2124986.0,1.0,0.0,6.0,6.0,False,216.0,15.0,True,8.0,True,False,0.0,36.0,36.0,"[1.0, 1.0, 1.0, 1.0, 1.0, -0.0]",42.0,71.0,0.9924783175992018,83.0,other,other,64,1243.0,36.0,1027.0,216.0,True,12.0
1290,2021-02-03 13:21:39,2099376,2124399.0,False,1.0,4.0,5.0,185.00003,67.08087,0.0,True,2.0,1.0,2.0,"{'bias': 0.0, 'name': 'WET'}",Android,1011.0,38.3414,6.0,False,True,1.0,1.0,0.0,-1.0,-0.0,True,False,"[5.0, 5.0, 5.0, 5.0, 5.0, -0.0]","[5.0, 5.0, 5.0, 5.0, 5.0, -0.0]",42.0,2122659.0,6.0,2124986.0,1.0,0.0,6.0,6.0,False,216.0,15.0,True,8.0,True,False,0.0,36.0,36.0,"[1.0, 1.0, 1.0, 1.0, 1.0, -0.0]",42.0,71.0,0.9924783175992018,83.0,other,other,64,1243.0,36.0,1027.0,216.0,True,12.0
1290,2021-02-03 13:21:39,2099376,2127994.0,True,0.0,0.0,6.0,83.888916,145.42267,0.0,False,6.0,1.0,2.0,"{'bias': 0.0, 'name': 'WET'}",Android,3595.0,179.45291,6.0,True,False,0.0,5.0,5.0,5.0,5.0,False,False,"[5.0, 5.0, 5.0, 5.0, 5.0, -0.0]","[5.0, 5.0, 5.0, 5.0, 5.0, -0.0]",42.0,2127994.0,6.0,2130290.0,0.0,0.0,6.0,6.0,True,216.0,15.0,True,8.0,True,False,0.0,36.0,,"[5.0, 5.0, 5.0, 5.0, 5.0, -0.0]",42.0,71.0,0.9924783175992018,71.0,other,other,65,1279.0,36.0,1063.0,216.0,True,12.0
1290,2021-02-03 13:21:39,2099376,2128153.0,True,0.0,0.0,6.0,72.7778,141.53339,0.0,False,6.0,1.0,2.0,"{'bias': 0.0, 'name': 'WET'}",Android,159.0,7.2218323,6.0,False,False,0.0,5.0,5.0,5.0,5.0,False,False,"[5.0, 5.0, 5.0, 5.0, 5.0, -0.0]","[5.0, 5.0, 5.0, 5.0, 5.0, -0.0]",42.0,2127994.0,6.0,2130290.0,0.0,0.0,6.0,6.0,True,216.0,15.0,True,8.0,True,False,0.0,36.0,36.0,"[5.0, 5.0, 5.0, 5.0, 5.0, -0.0]",42.0,71.0,0.9924783175992018,71.0,other,other,65,1279.0,36.0,1063.0,216.0,True,12.0
1290,2021-02-03 13:21:39,2099376,2128340.0,True,0.0,0.0,6.0,67.22223,143.20026,0.0,False,6.0,1.0,2.0,"{'bias': 0.0, 'name': 'WET'}",Android,187.0,7.2224426,6.0,False,False,0.0,5.0,5.0,5.0,5.0,False,False,"[5.0, 5.0, 5.0, 5.0, 5.0, -0.0]","[5.0, 5.0, 5.0, 5.0, 5.0, -0.0]",42.0,2127994.0,6.0,2130290.0,0.0,0.0,6.0,6.0,True,216.0,15.0,True,8.0,True,False,0.0,36.0,36.0,"[5.0, 5.0, 5.0, 5.0, 5.0, -0.0]",42.0,71.0,0.9924783175992018,71.0,other,other,65,1279.0,36.0,1063.0,216.0,True,12.0
1290,2021-02-03 13:21:39,2099376,2128503.0,True,0.0,0.0,6.0,72.22223,137.08844,0.0,False,6.0,1.0,2.0,"{'bias': 0.0, 'name': 'WET'}",Android,163.0,-11.111816,6.0,False,False,0.0,5.0,5.0,5.0,5.0,False,False,"[5.0, 5.0, 5.0, 5.0, 5.0, -0.0]","[5.0, 5.0, 5.0, 5.0, 5.0, -0.0]",42.0,2127994.0,6.0,2130290.0,0.0,0.0,6.0,6.0,True,216.0,15.0,True,8.0,True,False,0.0,36.0,36.0,"[5.0, 5.0, 5.0, 5.0, 5.0, -0.0]",42.0,71.0,0.9924783175992018,71.0,other,other,65,1279.0,36.0,1063.0,216.0,True,12.0
1290,2021-02-03 13:21:39,2099376,2128695.0,True,0.0,0.0,6.0,74.44446,133.19916,0.0,False,6.0,1.0,2.0,"{'bias': 0.0, 'name': 'WET'}",Android,192.0,-6.111511,6.0,False,False,0.0,5.0,5.0,5.0,5.0,False,False,"[5.0, 5.0, 5.0, 5.0, 5.0, -0.0]","[5.0, 5.0, 5.0, 5.0, 5.0, -0.0]",42.0,2127994.0,6.0,2130290.0,0.0,0.0,6.0,6.0,True,216.0,15.0,True,8.0,True,False,0.0,36.0,36.0,"[5.0, 5.0, 5.0, 5.0, 5.0, -0.0]",42.0,71.0,0.9924783175992018,71.0,other,other,65,1279.0,36.0,1063.0,216.0,True,12.0
1290,2021-02-03 13:21:39,2099376,2129708.0,True,0.0,0.0,6.0,42.7778,243.76672,0.0,True,1.0,1.0,2.0,"{'bias': 0.0, 'name': 'WET'}",Android,1013.0,142.23422,6.0,False,True,0.0,0.0,0.0,-0.0,-0.0,True,False,"[5.0, 5.0, 5.0, 5.0, 5.0, -0.0]","[5.0, 5.0, 5.0, 5.0, 5.0, -0.0]",42.0,2127994.0,6.0,2130290.0,0.0,0.0,6.0,6.0,True,216.0,15.0,True,8.0,True,False,0.0,36.0,36.0,"[5.0, 5.0, 5.0, 5.0, 5.0, -0.0]",42.0,71.0,0.9924783175992018,71.0,other,other,65,1279.0,36.0,1063.0,216.0,True,12.0
1290,2021-02-03 13:22:21,2142033,2143026.0,False,5.0,3.0,1.0,133.88892,2.629395,0.0,False,1.0,1.0,2.0,"{'bias': 0.0, 'name': 'WET'}",Android,13318.0,-332.24844,6.0,True,False,5.0,0.0,1.0,0.0,1.0,False,False,"[1.0, 1.0, 1.0, 1.0, 1.0, -0.0]","[1.0, 1.0, 1.0, 1.0, 1.0, -0.0]",30.0,2143026.0,6.0,2145245.0,5.0,0.0,6.0,6.0,False,216.0,16.0,True,8.0,True,False,0.0,36.0,,,30.0,83.0,0.9892163634968149,71.0,other,first,66,1315.0,36.0,1099.0,216.0,True,12.0
1290,2021-02-03 13:22:21,2142033,2143183.0,False,5.0,3.0,1.0,136.66669,-4.037964,0.0,False,1.0,1.0,2.0,"{'bias': 0.0, 'name': 'WET'}",Android,157.0,-9.445129,6.0,False,False,5.0,0.0,1.0,0.0,1.0,False,False,"[1.0, 1.0, 1.0, 1.0, 1.0, -0.0]","[1.0, 1.0, 1.0, 1.0, 1.0, -0.0]",30.0,2143026.0,6.0,2145245.0,5.0,0.0,6.0,6.0,False,216.0,16.0,True,8.0,True,False,0.0,36.0,36.0,,30.0,83.0,0.9892163634968149,71.0,other,other,66,1315.0,36.0,1099.0,216.0,True,12.0
1290,2021-02-03 13:22:21,2142033,2143342.0,False,5.0,3.0,1.0,143.88892,3.185059,0.0,False,1.0,1.0,2.0,"{'bias': 0.0, 'name': 'WET'}",Android,159.0,0.00079393387,6.0,False,False,5.0,0.0,1.0,0.0,1.0,False,False,"[1.0, 1.0, 1.0, 1.0, 1.0, -0.0]","[1.0, 1.0, 1.0, 1.0, 1.0, -0.0]",30.0,2143026.0,6.0,2145245.0,5.0,0.0,6.0,6.0,False,216.0,16.0,True,8.0,True,False,0.0,36.0,36.0,,30.0,83.0,0.9892163634968149,71.0,other,other,66,1315.0,36.0,1099.0,216.0,True,12.0
1290,2021-02-03 13:22:21,2142033,2143532.0,False,5.0,3.0,1.0,143.33334,5.963135,0.0,False,1.0,1.0,2.0,"{'bias': 0.0, 'name': 'WET'}",Android,190.0,3.3336482,6.0,False,False,5.0,0.0,1.0,0.0,1.0,False,False,"[1.0, 1.0, 1.0, 1.0, 1.0, -0.0]","[1.0, 1.0, 1.0, 1.0, 1.0, -0.0]",30.0,2143026.0,6.0,2145245.0,5.0,0.0,6.0,6.0,False,216.0,16.0,True,8.0,True,False,0.0,36.0,36.0,,30.0,83.0,0.9892163634968149,71.0,other,other,66,1315.0,36.0,1099.0,216.0,True,12.0
1290,2021-02-03 13:22:21,2142033,2143722.0,False,5.0,3.0,1.0,153.88892,0.962585,0.0,False,1.0,1.0,2.0,"{'bias': 0.0, 'name': 'WET'}",Android,190.0,-15.556122,6.0,False,False,5.0,0.0,1.0,0.0,1.0,False,False,"[1.0, 1.0, 1.0, 1.0, 1.0, -0.0]","[1.0, 1.0, 1.0, 1.0, 1.0, -0.0]",30.0,2143026.0,6.0,2145245.0,5.0,0.0,6.0,6.0,False,216.0,16.0,True,8.0,True,False,0.0,36.0,36.0,,30.0,83.0,0.9892163634968149,71.0,other,other,66,1315.0,36.0,1099.0,216.0,True,12.0
1290,2021-02-03 13:22:21,2142033,2144425.0,False,5.0,3.0,1.0,160.55557,-26.262634,0.0,True,6.0,1.0,2.0,"{'bias': 0.0, 'name': 'WET'}",Android,703.0,-33.891876,6.0,False,True,5.0,5.0,0.0,-5.0,-0.0,True,False,"[1.0, 1.0, 1.0, 1.0, 1.0, -0.0]","[1.0, 1.0, 1.0, 1.0, 1.0, -0.0]",30.0,2143026.0,6.0,2145245.0,5.0,0.0,6.0,6.0,False,216.0,16.0,True,8.0,True,False,0.0,36.0,36.0,,30.0,83.0,0.9892163634968149,71.0,other,other,66,1315.0,36.0,1099.0,216.0,True,12.0
1290,2021-02-03 13:22:21,2142033,2148200.0,True,0.0,2.0,2.0,81.66669,152.64569,0.0,False,6.0,1.0,2.0,"{'bias': 0.0, 'name': 'WET'}",Android,3775.0,257.7972,6.0,True,False,0.0,5.0,5.0,5.0,5.0,False,False,"[5.0, 5.0, 5.0, 5.0, 5.0, -0.0]","[5.0, 5.0, 5.0, 5.0, 5.0, -0.0]",42.0,2148200.0,6.0,2150358.0,0.0,0.0,6.0,6.0,False,216.0,16.0,True,8.0,True,False,0.0,36.0,,"[1.0, 1.0, 1.0, 1.0, 1.0, -0.0]",42.0,71.0,0.9924783175992018,83.0,other,other,67,1351.0,36.0,1135.0,216.0,True,12.0
1290,2021-02-03 13:22:21,2142033,2148358.0,True,0.0,2.0,2.0,83.888916,144.31146,0.0,False,6.0,1.0,2.0,"{'bias': 0.0, 'name': 'WET'}",Android,158.0,-10.5564575,6.0,False,False,0.0,5.0,5.0,5.0,5.0,False,False,"[5.0, 5.0, 5.0, 5.0, 5.0, -0.0]","[5.0, 5.0, 5.0, 5.0, 5.0, -0.0]",42.0,2148200.0,6.0,2150358.0,0.0,0.0,6.0,6.0,False,216.0,16.0,True,8.0,True,False,0.0,36.0,36.0,"[1.0, 1.0, 1.0, 1.0, 1.0, -0.0]",42.0,71.0,0.9924783175992018,83.0,other,other,67,1351.0,36.0,1135.0,216.0,True,12.0
1290,2021-02-03 13:22:21,2142033,2148547.0,True,0.0,2.0,2.0,78.33334,139.31091,0.0,False,6.0,1.0,2.0,"{'bias': 0.0, 'name': 'WET'}",Android,189.0,0.5550232,6.0,False,False,0.0,5.0,5.0,5.0,5.0,False,False,"[5.0, 5.0, 5.0, 5.0, 5.0, -0.0]","[5.0, 5.0, 5.0, 5.0, 5.0, -0.0]",42.0,2148200.0,6.0,2150358.0,0.0,0.0,6.0,6.0,False,216.0,16.0,True,8.0,True,False,0.0,36.0,36.0,"[1.0, 1.0, 1.0, 1.0, 1.0, -0.0]",42.0,71.0,0.9924783175992018,83.0,other,other,67,1351.0,36.0,1135.0,216.0,True,12.0
1290,2021-02-03 13:22:21,2142033,2148709.0,True,0.0,2.0,2.0,72.22223,135.97723,0.0,False,6.0,1.0,2.0,"{'bias': 0.0, 'name': 'WET'}",Android,162.0,2.7774353,6.0,False,False,0.0,5.0,5.0,5.0,5.0,False,False,"[5.0, 5.0, 5.0, 5.0, 5.0, -0.0]","[5.0, 5.0, 5.0, 5.0, 5.0, -0.0]",42.0,2148200.0,6.0,2150358.0,0.0,0.0,6.0,6.0,False,216.0,16.0,True,8.0,True,False,0.0,36.0,36.0,"[1.0, 1.0, 1.0, 1.0, 1.0, -0.0]",42.0,71.0,0.9924783175992018,83.0,other,other,67,1351.0,36.0,1135.0,216.0,True,12.0
1290,2021-02-03 13:22:21,2142033,2148928.0,True,0.0,2.0,2.0,78.33334,126.53174,0.0,False,6.0,1.0,2.0,"{'bias': 0.0, 'name': 'WET'}",Android,219.0,-15.55661,6.0,False,False,0.0,5.0,5.0,5.0,5.0,False,False,"[5.0, 5.0, 5.0, 5.0, 5.0, -0.0]","[5.0, 5.0, 5.0, 5.0, 5.0, -0.0]",42.0,2148200.0,6.0,2150358.0,0.0,0.0,6.0,6.0,False,216.0,16.0,True,8.0,True,False,0.0,36.0,36.0,"[1.0, 1.0, 1.0, 1.0, 1.0, -0.0]",42.0,71.0,0.9924783175992018,83.0,other,other,67,1351.0,36.0,1135.0,216.0,True,12.0
1290,2021-02-03 13:22:21,2142033,2149640.0,True,0.0,2.0,2.0,50.00003,253.76776,0.0,True,1.0,1.0,2.0,"{'bias': 0.0, 'name': 'WET'}",Android,712.0,155.56934,6.0,False,True,0.0,0.0,0.0,-0.0,-0.0,True,False,"[5.0, 5.0, 5.0, 5.0, 5.0, -0.0]","[5.0, 5.0, 5.0, 5.0, 5.0, -0.0]",42.0,2148200.0,6.0,2150358.0,0.0,0.0,6.0,6.0,False,216.0,16.0,True,8.0,True,False,0.0,36.0,36.0,"[1.0, 1.0, 1.0, 1.0, 1.0, -0.0]",42.0,71.0,0.9924783175992018,83.0,other,other,67,1351.0,36.0,1135.0,216.0,True,12.0
1290,2021-02-03 13:22:21,2142033,2153286.0,False,0.0,4.0,3.0,91.111145,135.97723,0.0,False,6.0,1.0,2.0,"{'bias': 0.0, 'name': 'WET'}",Android,3646.0,-158.90164,6.0,True,False,0.0,5.0,5.0,5.0,5.0,False,False,"[5.0, 5.0, 5.0, 5.0, 5.0, -0.0]","[5.0, 5.0, 5.0, 5.0, 5.0, -0.0]",42.0,2153286.0,6.0,2155549.0,0.0,0.0,6.0,6.0,False,216.0,16.0,True,8.0,True,False,0.0,36.0,,"[5.0, 5.0, 5.0, 5.0, 5.0, -0.0]",42.0,71.0,0.9924783175992018,71.0,other,other,68,1387.0,36.0,1171.0,216.0,True,12.0
1290,2021-02-03 13:22:21,2142033,2153445.0,False,0.0,4.0,3.0,90.00003,127.08734,0.0,False,6.0,1.0,2.0,"{'bias': 0.0, 'name': 'WET'}",Android,159.0,-7.778778,6.0,False,False,0.0,5.0,5.0,5.0,5.0,False,False,"[5.0, 5.0, 5.0, 5.0, 5.0, -0.0]","[5.0, 5.0, 5.0, 5.0, 5.0, -0.0]",42.0,2153286.0,6.0,2155549.0,0.0,0.0,6.0,6.0,False,216.0,16.0,True,8.0,True,False,0.0,36.0,36.0,"[5.0, 5.0, 5.0, 5.0, 5.0, -0.0]",42.0,71.0,0.9924783175992018,71.0,other,other,68,1387.0,36.0,1171.0,216.0,True,12.0
1290,2021-02-03 13:22:21,2142033,2153632.0,False,0.0,4.0,3.0,78.33334,129.30981,0.0,False,6.0,1.0,2.0,"{'bias': 0.0, 'name': 'WET'}",Android,187.0,13.88916,6.0,False,False,0.0,5.0,5.0,5.0,5.0,False,False,"[5.0, 5.0, 5.0, 5.0, 5.0, -0.0]","[5.0, 5.0, 5.0, 5.0, 5.0, -0.0]",42.0,2153286.0,6.0,2155549.0,0.0,0.0,6.0,6.0,False,216.0,16.0,True,8.0,True,False,0.0,36.0,36.0,"[5.0, 5.0, 5.0, 5.0, 5.0, -0.0]",42.0,71.0,0.9924783175992018,71.0,other,other,68,1387.0,36.0,1171.0,216.0,True,12.0
1290,2021-02-03 13:22:21,2142033,2153823.0,False,0.0,4.0,3.0,72.7778,129.86542,0.0,False,6.0,1.0,2.0,"{'bias': 0.0, 'name': 'WET'}",Android,191.0,6.111145,6.0,False,False,0.0,5.0,5.0,5.0,5.0,False,False,"[5.0, 5.0, 5.0, 5.0, 5.0, -0.0]","[5.0, 5.0, 5.0, 5.0, 5.0, -0.0]",42.0,2153286.0,6.0,2155549.0,0.0,0.0,6.0,6.0,False,216.0,16.0,True,8.0,True,False,0.0,36.0,36.0,"[5.0, 5.0, 5.0, 5.0, 5.0, -0.0]",42.0,71.0,0.9924783175992018,71.0,other,other,68,1387.0,36.0,1171.0,216.0,True,12.0
1290,2021-02-03 13:22:21,2142033,2154013.0,False,0.0,4.0,3.0,78.888916,124.309265,0.0,False,6.0,1.0,2.0,"{'bias': 0.0, 'name': 'WET'}",Android,190.0,-11.667267,6.0,False,False,0.0,5.0,5.0,5.0,5.0,False,False,"[5.0, 5.0, 5.0, 5.0, 5.0, -0.0]","[5.0, 5.0, 5.0, 5.0, 5.0, -0.0]",42.0,2153286.0,6.0,2155549.0,0.0,0.0,6.0,6.0,False,216.0,16.0,True,8.0,True,False,0.0,36.0,36.0,"[5.0, 5.0, 5.0, 5.0, 5.0, -0.0]",42.0,71.0,0.9924783175992018,71.0,other,other,68,1387.0,36.0,1171.0,216.0,True,12.0
1290,2021-02-03 13:22:21,2142033,2154967.0,False,0.0,4.0,3.0,44.444458,241.54425,0.0,True,1.0,1.0,2.0,"{'bias': 0.0, 'name': 'WET'}",Android,954.0,151.67944,6.0,False,True,0.0,0.0,0.0,-0.0,-0.0,True,False,"[5.0, 5.0, 5.0, 5.0, 5.0, -0.0]","[5.0, 5.0, 5.0, 5.0, 5.0, -0.0]",42.0,2153286.0,6.0,2155549.0,0.0,0.0,6.0,6.0,False,216.0,16.0,True,8.0,True,False,0.0,36.0,36.0,"[5.0, 5.0, 5.0, 5.0, 5.0, -0.0]",42.0,71.0,0.9924783175992018,71.0,other,other,68,1387.0,36.0,1171.0,216.0,True,12.0
1290,2021-02-03 13:22:21,2142033,2158396.0,False,0.0,1.0,4.0,90.55557,133.75476,0.0,False,6.0,1.0,2.0,"{'bias': 0.0, 'name': 'WET'}",Android,3429.0,-153.9006,6.0,True,False,0.0,5.0,5.0,5.0,5.0,False,False,"[5.0, 5.0, 5.0, 5.0, 5.0, -0.0]","[5.0, 5.0, 5.0, 5.0, 5.0, -0.0]",42.0,2158396.0,6.0,2160609.0,0.0,0.0,6.0,6.0,False,216.0,16.0,True,8.0,True,False,0.0,36.0,,"[5.0, 5.0, 5.0, 5.0, 5.0, -0.0]",42.0,71.0,0.9924783175992018,71.0,other,other,69,1423.0,36.0,1207.0,216.0,True,12.0
1290,2021-02-03 13:22:21,2142033,2158586.0,False,0.0,1.0,4.0,87.22223,137.64404,0.0,False,6.0,1.0,2.0,"{'bias': 0.0, 'name': 'WET'}",Android,190.0,7.2226257,6.0,False,False,0.0,5.0,5.0,5.0,5.0,False,False,"[5.0, 5.0, 5.0, 5.0, 5.0, -0.0]","[5.0, 5.0, 5.0, 5.0, 5.0, -0.0]",42.0,2158396.0,6.0,2160609.0,0.0,0.0,6.0,6.0,False,216.0,16.0,True,8.0,True,False,0.0,36.0,36.0,"[5.0, 5.0, 5.0, 5.0, 5.0, -0.0]",42.0,71.0,0.9924783175992018,71.0,other,other,69,1423.0,36.0,1207.0,216.0,True,12.0
1290,2021-02-03 13:22:21,2142033,2158742.0,False,0.0,1.0,4.0,82.22223,144.31146,0.0,False,6.0,1.0,2.0,"{'bias': 0.0, 'name': 'WET'}",Android,156.0,11.667419,6.0,False,False,0.0,5.0,5.0,5.0,5.0,False,False,"[5.0, 5.0, 5.0, 5.0, 5.0, -0.0]","[5.0, 5.0, 5.0, 5.0, 5.0, -0.0]",42.0,2158396.0,6.0,2160609.0,0.0,0.0,6.0,6.0,False,216.0,16.0,True,8.0,True,False,0.0,36.0,36.0,"[5.0, 5.0, 5.0, 5.0, 5.0, -0.0]",42.0,71.0,0.9924783175992018,71.0,other,other,69,1423.0,36.0,1207.0,216.0,True,12.0
1290,2021-02-03 13:22:21,2142033,2158907.0,False,0.0,1.0,4.0,76.111115,141.53339,0.0,False,6.0,1.0,2.0,"{'bias': 0.0, 'name': 'WET'}",Android,165.0,3.3330383,6.0,False,False,0.0,5.0,5.0,5.0,5.0,False,False,"[5.0, 5.0, 5.0, 5.0, 5.0, -0.0]","[5.0, 5.0, 5.0, 5.0, 5.0, -0.0]",42.0,2158396.0,6.0,2160609.0,0.0,0.0,6.0,6.0,False,216.0,16.0,True,8.0,True,False,0.0,36.0,36.0,"[5.0, 5.0, 5.0, 5.0, 5.0, -0.0]",42.0,71.0,0.9924783175992018,71.0,other,other,69,1423.0,36.0,1207.0,216.0,True,12.0
1290,2021-02-03 13:22:21,2142033,2159098.0,False,0.0,1.0,4.0,80.55557,134.31036,0.0,False,6.0,1.0,2.0,"{'bias': 0.0, 'name': 'WET'}",Android,191.0,-11.66748,6.0,False,False,0.0,5.0,5.0,5.0,5.0,False,False,"[5.0, 5.0, 5.0, 5.0, 5.0, -0.0]","[5.0, 5.0, 5.0, 5.0, 5.0, -0.0]",42.0,2158396.0,6.0,2160609.0,0.0,0.0,6.0,6.0,False,216.0,16.0,True,8.0,True,False,0.0,36.0,36.0,"[5.0, 5.0, 5.0, 5.0, 5.0, -0.0]",42.0,71.0,0.9924783175992018,71.0,other,other,69,1423.0,36.0,1207.0,216.0,True,12.0
1290,2021-02-03 13:22:21,2142033,2159726.0,False,0.0,1.0,4.0,80.00003,204.318,0.0,True,1.0,1.0,2.0,"{'bias': 0.0, 'name': 'WET'}",Android,628.0,70.56317,6.0,False,True,0.0,0.0,0.0,-0.0,-0.0,True,False,"[5.0, 5.0, 5.0, 5.0, 5.0, -0.0]","[5.0, 5.0, 5.0, 5.0, 5.0, -0.0]",42.0,2158396.0,6.0,2160609.0,0.0,0.0,6.0,6.0,False,216.0,16.0,True,8.0,True,False,0.0,36.0,36.0,"[5.0, 5.0, 5.0, 5.0, 5.0, -0.0]",42.0,71.0,0.9924783175992018,71.0,other,other,69,1423.0,36.0,1207.0,216.0,True,12.0
1290,2021-02-03 13:22:21,2142033,2163488.0,True,3.0,5.0,5.0,-99.999985,137.64404,0.0,False,5.0,1.0,2.0,"{'bias': 0.0, 'name': 'WET'}",Android,3762.0,113.326065,6.0,True,False,3.0,4.0,1.0,4.0,1.0,False,False,"[1.0, 1.0, 1.0, 1.0, 1.0, -0.0]","[1.0, 1.0, 1.0, 1.0, 1.0, -0.0]",30.0,2163488.0,6.0,2165647.0,3.0,0.0,6.0,6.0,False,216.0,16.0,True,8.0,True,False,0.0,36.0,,"[5.0, 5.0, 5.0, 5.0, 5.0, -0.0]",30.0,83.0,0.9892163634968149,71.0,other,other,70,1459.0,36.0,1243.0,216.0,True,12.0
1290,2021-02-03 13:22:21,2142033,2163647.0,True,3.0,5.0,5.0,-81.66666,142.08899,0.0,False,5.0,1.0,2.0,"{'bias': 0.0, 'name': 'WET'}",Android,159.0,-13.888382,6.0,False,False,3.0,4.0,1.0,4.0,1.0,False,False,"[1.0, 1.0, 1.0, 1.0, 1.0, -0.0]","[1.0, 1.0, 1.0, 1.0, 1.0, -0.0]",30.0,2163488.0,6.0,2165647.0,3.0,0.0,6.0,6.0,False,216.0,16.0,True,8.0,True,False,0.0,36.0,36.0,"[5.0, 5.0, 5.0, 5.0, 5.0, -0.0]",30.0,83.0,0.9892163634968149,71.0,other,other,70,1459.0,36.0,1243.0,216.0,True,12.0
1290,2021-02-03 13:22:21,2142033,2163807.0,True,3.0,5.0,5.0,-78.888885,145.42267,0.0,False,5.0,1.0,2.0,"{'bias': 0.0, 'name': 'WET'}",Android,160.0,0.5559082,6.0,False,False,3.0,4.0,1.0,4.0,1.0,False,False,"[1.0, 1.0, 1.0, 1.0, 1.0, -0.0]","[1.0, 1.0, 1.0, 1.0, 1.0, -0.0]",30.0,2163488.0,6.0,2165647.0,3.0,0.0,6.0,6.0,False,216.0,16.0,True,8.0,True,False,0.0,36.0,36.0,"[5.0, 5.0, 5.0, 5.0, 5.0, -0.0]",30.0,83.0,0.9892163634968149,71.0,other,other,70,1459.0,36.0,1243.0,216.0,True,12.0
1290,2021-02-03 13:22:21,2142033,2163999.0,True,3.0,5.0,5.0,-85.55554,141.53339,0.0,False,5.0,1.0,2.0,"{'bias': 0.0, 'name': 'WET'}",Android,192.0,2.7773743,6.0,False,False,3.0,4.0,1.0,4.0,1.0,False,False,"[1.0, 1.0, 1.0, 1.0, 1.0, -0.0]","[1.0, 1.0, 1.0, 1.0, 1.0, -0.0]",30.0,2163488.0,6.0,2165647.0,3.0,0.0,6.0,6.0,False,216.0,16.0,True,8.0,True,False,0.0,36.0,36.0,"[5.0, 5.0, 5.0, 5.0, 5.0, -0.0]",30.0,83.0,0.9892163634968149,71.0,other,other,70,1459.0,36.0,1243.0,216.0,True,12.0
1290,2021-02-03 13:22:21,2142033,2164244.0,True,3.0,5.0,5.0,-87.77777,123.19806,0.0,False,5.0,1.0,2.0,"{'bias': 0.0, 'name': 'WET'}",Android,245.0,-16.113098,6.0,False,False,3.0,4.0,1.0,4.0,1.0,False,False,"[1.0, 1.0, 1.0, 1.0, 1.0, -0.0]","[1.0, 1.0, 1.0, 1.0, 1.0, -0.0]",30.0,2163488.0,6.0,2165647.0,3.0,0.0,6.0,6.0,False,216.0,16.0,True,8.0,True,False,0.0,36.0,36.0,"[5.0, 5.0, 5.0, 5.0, 5.0, -0.0]",30.0,83.0,0.9892163634968149,71.0,other,other,70,1459.0,36.0,1243.0,216.0,True,12.0
1290,2021-02-03 13:22:21,2142033,2164792.0,True,3.0,5.0,5.0,-97.77777,224.87573,0.0,True,4.0,1.0,2.0,"{'bias': 0.0, 'name': 'WET'}",Android,548.0,111.67767,6.0,False,True,3.0,3.0,0.0,-3.0,-0.0,True,False,"[1.0, 1.0, 1.0, 1.0, 1.0, -0.0]","[1.0, 1.0, 1.0, 1.0, 1.0, -0.0]",30.0,2163488.0,6.0,2165647.0,3.0,0.0,6.0,6.0,False,216.0,16.0,True,8.0,True,False,0.0,36.0,36.0,"[5.0, 5.0, 5.0, 5.0, 5.0, -0.0]",30.0,83.0,0.9892163634968149,71.0,other,other,70,1459.0,36.0,1243.0,216.0,True,12.0
1290,2021-02-03 13:22:21,2142033,2168631.0,True,3.0,0.0,6.0,-85.55554,132.08789,0.0,False,5.0,1.0,2.0,"{'bias': 0.0, 'name': 'WET'}",Android,3839.0,-105.01007,6.0,True,False,3.0,4.0,1.0,4.0,1.0,False,False,"[1.0, 1.0, 1.0, 1.0, 1.0, -0.0]","[1.0, 1.0, 1.0, 1.0, 1.0, -0.0]",30.0,2168631.0,6.0,2170821.0,3.0,0.0,6.0,6.0,True,216.0,16.0,True,8.0,True,False,0.0,36.0,,"[1.0, 1.0, 1.0, 1.0, 1.0, -0.0]",30.0,83.0,0.9892163634968149,83.0,other,other,71,1495.0,36.0,1279.0,216.0,True,12.0
1290,2021-02-03 13:22:21,2142033,2168822.0,True,3.0,0.0,6.0,-79.44443,137.08844,0.0,False,5.0,1.0,2.0,"{'bias': 0.0, 'name': 'WET'}",Android,191.0,-1.1105652,6.0,False,False,3.0,4.0,1.0,4.0,1.0,False,False,"[1.0, 1.0, 1.0, 1.0, 1.0, -0.0]","[1.0, 1.0, 1.0, 1.0, 1.0, -0.0]",30.0,2168631.0,6.0,2170821.0,3.0,0.0,6.0,6.0,True,216.0,16.0,True,8.0,True,False,0.0,36.0,36.0,"[1.0, 1.0, 1.0, 1.0, 1.0, -0.0]",30.0,83.0,0.9892163634968149,83.0,other,other,71,1495.0,36.0,1279.0,216.0,True,12.0
1290,2021-02-03 13:22:21,2142033,2168979.0,True,3.0,0.0,6.0,-82.77777,137.08844,0.0,False,5.0,1.0,2.0,"{'bias': 0.0, 'name': 'WET'}",Android,157.0,3.3333435,6.0,False,False,3.0,4.0,1.0,4.0,1.0,False,False,"[1.0, 1.0, 1.0, 1.0, 1.0, -0.0]","[1.0, 1.0, 1.0, 1.0, 1.0, -0.0]",30.0,2168631.0,6.0,2170821.0,3.0,0.0,6.0,6.0,True,216.0,16.0,True,8.0,True,False,0.0,36.0,36.0,"[1.0, 1.0, 1.0, 1.0, 1.0, -0.0]",30.0,83.0,0.9892163634968149,83.0,other,other,71,1495.0,36.0,1279.0,216.0,True,12.0
1290,2021-02-03 13:22:21,2142033,2169170.0,True,3.0,0.0,6.0,-90.55554,132.08789,0.0,False,5.0,1.0,2.0,"{'bias': 0.0, 'name': 'WET'}",Android,191.0,2.7772217,6.0,False,False,3.0,4.0,1.0,4.0,1.0,False,False,"[1.0, 1.0, 1.0, 1.0, 1.0, -0.0]","[1.0, 1.0, 1.0, 1.0, 1.0, -0.0]",30.0,2168631.0,6.0,2170821.0,3.0,0.0,6.0,6.0,True,216.0,16.0,True,8.0,True,False,0.0,36.0,36.0,"[1.0, 1.0, 1.0, 1.0, 1.0, -0.0]",30.0,83.0,0.9892163634968149,83.0,other,other,71,1495.0,36.0,1279.0,216.0,True,12.0
1290,2021-02-03 13:22:21,2142033,2169388.0,True,3.0,0.0,6.0,-86.66666,122.642456,0.0,False,5.0,1.0,2.0,"{'bias': 0.0, 'name': 'WET'}",Android,218.0,-13.33432,6.0,False,False,3.0,4.0,1.0,4.0,1.0,False,False,"[1.0, 1.0, 1.0, 1.0, 1.0, -0.0]","[1.0, 1.0, 1.0, 1.0, 1.0, -0.0]",30.0,2168631.0,6.0,2170821.0,3.0,0.0,6.0,6.0,True,216.0,16.0,True,8.0,True,False,0.0,36.0,36.0,"[1.0, 1.0, 1.0, 1.0, 1.0, -0.0]",30.0,83.0,0.9892163634968149,83.0,other,other,71,1495.0,36.0,1279.0,216.0,True,12.0
1290,2021-02-03 13:22:21,2142033,2170128.0,True,3.0,0.0,6.0,-100.55554,244.32233,0.0,True,4.0,1.0,2.0,"{'bias': 0.0, 'name': 'WET'}",Android,740.0,135.56876,6.0,False,True,3.0,3.0,0.0,-3.0,-0.0,True,False,"[1.0, 1.0, 1.0, 1.0, 1.0, -0.0]","[1.0, 1.0, 1.0, 1.0, 1.0, -0.0]",30.0,2168631.0,6.0,2170821.0,3.0,0.0,6.0,6.0,True,216.0,16.0,True,8.0,True,False,0.0,36.0,36.0,"[1.0, 1.0, 1.0, 1.0, 1.0, -0.0]",30.0,83.0,0.9892163634968149,83.0,other,other,71,1495.0,36.0,1279.0,216.0,True,12.0
2719,2021-01-14 17:57:04,51262,56180.0,True,0.0,3.0,1.0,235.5556,9.606384,0.0,False,1.0,1.0,2.0,"{'bias': -60.0, 'name': '-01'}",Android,-19226.0,-384.69556,7.0,True,False,0.0,0.0,0.0,0.0,0.0,False,False,"[0.0, 0.0, 0.0, 0.0, 0.0, 0.0, -5.0, 5.0, -0.0]","[0.0, 0.0, 0.0, 0.0, 0.0, 0.0, -5.0, 5.0, -0.0]",2.0,56180.0,5.0,65529.0,0.0,0.0,6.0,5.0,False,74.0,0.0,False,,False,False,,36.0,,,2.0,111.0,0.8077365876122496,3.0,other,first,1,36.0,36.0,,,False,1.0
2719,2021-01-14 17:57:04,51262,57524.0,True,0.0,3.0,1.0,29.629639,12.57019,0.0,False,1.0,1.0,2.0,"{'bias': -60.0, 'name': '-01'}",Android,1344.0,208.88977,7.0,False,False,0.0,0.0,0.0,0.0,0.0,False,False,"[0.0, 0.0, 0.0, 0.0, 0.0, 0.0, -5.0, 5.0, -0.0]","[0.0, 0.0, 0.0, 0.0, 0.0, 0.0, -5.0, 5.0, -0.0]",2.0,56180.0,5.0,65529.0,0.0,0.0,6.0,5.0,False,74.0,0.0,False,,False,False,,36.0,36.0,,2.0,111.0,0.8077365876122496,3.0,other,3.0,1,36.0,36.0,,,False,1.0
2719,2021-01-14 17:57:04,51262,59242.0,True,0.0,3.0,1.0,48.148163,9.606384,0.0,False,1.0,1.0,2.0,"{'bias': -60.0, 'name': '-01'}",Android,1718.0,-21.48233,7.0,False,False,0.0,0.0,0.0,0.0,0.0,False,False,"[0.0, 0.0, 0.0, 0.0, 0.0, 0.0, -5.0, 5.0, -0.0]","[0.0, 0.0, 0.0, 0.0, 0.0, 0.0, -5.0, 5.0, -0.0]",2.0,56180.0,5.0,65529.0,0.0,0.0,6.0,5.0,False,74.0,0.0,False,,False,False,,36.0,36.0,,2.0,111.0,0.8077365876122496,3.0,other,3.0,1,36.0,36.0,,,False,1.0
2719,2021-01-14 17:57:04,51262,60688.0,True,0.0,3.0,1.0,58.518524,-18.549927,0.0,False,1.0,1.0,2.0,"{'bias': -60.0, 'name': '-01'}",Android,1446.0,-38.526672,7.0,False,False,0.0,0.0,0.0,0.0,0.0,False,False,"[0.0, 0.0, 0.0, 0.0, 0.0, 0.0, -5.0, 5.0, -0.0]","[0.0, 0.0, 0.0, 0.0, 0.0, 0.0, -5.0, 5.0, -0.0]",2.0,56180.0,5.0,65529.0,0.0,0.0,6.0,5.0,False,74.0,0.0,False,,False,False,,36.0,36.0,,2.0,111.0,0.8077365876122496,3.0,other,3.0,1,36.0,36.0,,,False,1.0
2719,2021-01-14 17:57:04,51262,60955.0,True,0.0,3.0,1.0,54.81482,-16.327026,0.0,False,1.0,1.0,2.0,"{'bias': -60.0, 'name': '-01'}",Android,267.0,5.926605,7.0,False,False,0.0,0.0,0.0,0.0,0.0,False,False,"[0.0, 0.0, 0.0, 0.0, 0.0, 0.0, -5.0, 5.0, -0.0]","[0.0, 0.0, 0.0, 0.0, 0.0, 0.0, -5.0, 5.0, -0.0]",2.0,56180.0,5.0,65529.0,0.0,0.0,6.0,5.0,False,74.0,0.0,False,,False,False,,36.0,36.0,,2.0,111.0,0.8077365876122496,3.0,other,3.0,1,36.0,36.0,,,False,1.0
2719,2021-01-14 17:57:04,51262,61221.0,True,0.0,3.0,1.0,64.44446,-17.067993,0.0,False,1.0,1.0,2.0,"{'bias': -60.0, 'name': '-01'}",Android,266.0,-10.370605,7.0,False,False,0.0,0.0,0.0,0.0,0.0,False,False,"[0.0, 0.0, 0.0, 0.0, 0.0, 0.0, -5.0, 5.0, -0.0]","[0.0, 0.0, 0.0, 0.0, 0.0, 0.0, -5.0, 5.0, -0.0]",2.0,56180.0,5.0,65529.0,0.0,0.0,6.0,5.0,False,74.0,0.0,False,,False,False,,36.0,36.0,,2.0,111.0,0.8077365876122496,3.0,other,3.0,1,36.0,36.0,,,False,1.0
2719,2021-01-14 17:57:04,51262,63234.0,True,0.0,3.0,1.0,-83.70369,-577.97107,0.0,True,0.0,1.0,2.0,"{'bias': -60.0, 'name': '-01'}",Android,2013.0,-412.75494,7.0,False,False,0.0,-1.0,5.0,1.0,-5.0,False,False,"[0.0, 0.0, 0.0, 0.0, 0.0, 0.0, -5.0, 5.0, -0.0]","[0.0, 0.0, 0.0, 0.0, 0.0, 0.0, -5.0, 5.0, -0.0]",2.0,56180.0,5.0,65529.0,0.0,0.0,6.0,5.0,False,74.0,0.0,False,,False,False,,36.0,36.0,,2.0,111.0,0.8077365876122496,3.0,other,3.0,1,36.0,36.0,,,False,1.0
2719,2021-01-14 17:57:04,51262,63499.0,True,0.0,3.0,1.0,-72.592575,-595.75397,0.0,False,0.0,1.0,2.0,"{'bias': -60.0, 'name': '-01'}",Android,265.0,-28.894012,7.0,False,False,0.0,-1.0,5.0,-1.0,5.0,False,False,"[0.0, 0.0, 0.0, 0.0, 0.0, 0.0, -5.0, 5.0, -0.0]","[0.0, 0.0, 0.0, 0.0, 0.0, 0.0, -5.0, 5.0, -0.0]",2.0,56180.0,5.0,65529.0,0.0,0.0,6.0,5.0,False,74.0,0.0,False,,False,False,,36.0,36.0,,2.0,111.0,0.8077365876122496,3.0,other,3.0,1,36.0,36.0,,,False,1.0
2719,2021-01-14 17:57:04,51262,65230.0,True,0.0,3.0,1.0,120.00003,5.901611,0.0,True,1.0,1.0,2.0,"{'bias': -60.0, 'name': '-01'}",Android,1731.0,409.063,7.0,False,True,0.0,0.0,0.0,-0.0,-0.0,True,False,"[0.0, 0.0, 0.0, 0.0, 0.0, 0.0, -5.0, 5.0, -0.0]","[0.0, 0.0, 0.0, 0.0, 0.0, 0.0, -5.0, 5.0, -0.0]",2.0,56180.0,5.0,65529.0,0.0,0.0,6.0,5.0,False,74.0,0.0,False,,False,False,,36.0,36.0,,2.0,111.0,0.8077365876122496,3.0,other,3.0,1,36.0,36.0,,,False,1.0
2719,2021-01-14 17:57:04,51262,69837.0,False,2.0,4.0,2.0,-136.2963,-194.15625,0.0,False,3.0,1.0,2.0,"{'bias': -60.0, 'name': '-01'}",Android,347.0,-50.415375,2.0,False,True,2.0,2.0,0.0,2.0,0.0,False,False,[0.0],[0.0],271.0,69837.0,5.0,70121.0,2.0,0.0,1.0,5.0,False,74.0,0.0,False,,False,False,,1.0,,"[0.0, 0.0, 0.0, 0.0, 0.0, 0.0, -5.0, 5.0, -0.0]",271.0,20.0,0.9984649627753474,111.0,other,other,2,37.0,1.0,,,False,1.0
2719,2021-01-14 17:57:04,51262,73881.0,True,1.0,5.0,3.0,78.518524,205.95953,0.0,False,6.0,1.0,2.0,"{'bias': -60.0, 'name': '-01'}",Android,4044.0,185.30096,7.0,True,False,5.0,5.0,0.0,5.0,0.0,False,False,"[0.0, 0.0, 0.0, 0.0, 0.0, 0.0, 0.0]","[0.0, 0.0, 0.0, 0.0, 0.0, 0.0, 0.0]",3209.0,73881.0,5.0,81713.0,5.0,0.0,7.0,5.0,False,74.0,0.0,False,,False,False,,0.0,,[0.0],3204.0,3.0,0.9998464962775347,20.0,3.0,other,3,37.0,0.0,,,False,1.0
2719,2021-01-14 17:57:04,51262,77588.0,True,1.0,5.0,3.0,11.111115,38.503662,0.0,False,6.0,1.0,2.0,"{'bias': -60.0, 'name': '-01'}",Android,3707.0,-100.04846,7.0,False,False,5.0,5.0,0.0,5.0,0.0,False,False,"[0.0, 0.0, 0.0, 0.0, 0.0, 0.0, 0.0]","[0.0, 0.0, 0.0, 0.0, 0.0, 0.0, 0.0]",3209.0,73881.0,5.0,81713.0,5.0,0.0,7.0,5.0,False,74.0,0.0,False,,False,False,,0.0,0.0,[0.0],3204.0,3.0,0.9998464962775347,20.0,3.0,other,3,37.0,0.0,,,False,1.0
2719,2021-01-14 17:57:04,51262,79118.0,True,1.0,5.0,3.0,27.40741,54.804688,0.0,False,6.0,1.0,2.0,"{'bias': -60.0, 'name': '-01'}",Android,1530.0,0.0047302246,7.0,False,False,5.0,5.0,0.0,5.0,0.0,False,False,"[0.0, 0.0, 0.0, 0.0, 0.0, 0.0, 0.0]","[0.0, 0.0, 0.0, 0.0, 0.0, 0.0, 0.0]",3209.0,73881.0,5.0,81713.0,5.0,0.0,7.0,5.0,False,74.0,0.0,False,,False,False,,0.0,0.0,[0.0],3204.0,3.0,0.9998464962775347,20.0,3.0,other,3,37.0,0.0,,,False,1.0
2719,2021-01-14 17:57:04,51262,79966.0,True,1.0,5.0,3.0,19.259277,45.17224,0.0,False,6.0,1.0,2.0,"{'bias': -60.0, 'name': '-01'}",Android,848.0,-1.484314,7.0,False,False,5.0,5.0,0.0,5.0,0.0,False,False,"[0.0, 0.0, 0.0, 0.0, 0.0, 0.0, 0.0]","[0.0, 0.0, 0.0, 0.0, 0.0, 0.0, 0.0]",3209.0,73881.0,5.0,81713.0,5.0,0.0,7.0,5.0,False,74.0,0.0,False,,False,False,,0.0,0.0,[0.0],3204.0,3.0,0.9998464962775347,20.0,3.0,other,3,37.0,0.0,,,False,1.0
2719,2021-01-14 17:57:04,51262,80666.0,True,1.0,5.0,3.0,36.296326,77.033325,0.0,False,6.0,1.0,2.0,"{'bias': -60.0, 'name': '-01'}",Android,700.0,14.824036,7.0,False,False,5.0,5.0,0.0,5.0,0.0,False,False,"[0.0, 0.0, 0.0, 0.0, 0.0, 0.0, 0.0]","[0.0, 0.0, 0.0, 0.0, 0.0, 0.0, 0.0]",3209.0,73881.0,5.0,81713.0,5.0,0.0,7.0,5.0,False,74.0,0.0,False,,False,False,,0.0,0.0,[0.0],3204.0,3.0,0.9998464962775347,20.0,3.0,other,3,37.0,0.0,,,False,1.0
2719,2021-01-14 17:57:04,51262,81114.0,True,1.0,5.0,3.0,45.18521,118.526794,0.0,False,6.0,1.0,2.0,"{'bias': -60.0, 'name': '-01'}",Android,448.0,32.604584,7.0,False,False,5.0,5.0,0.0,5.0,0.0,False,False,"[0.0, 0.0, 0.0, 0.0, 0.0, 0.0, 0.0]","[0.0, 0.0, 0.0, 0.0, 0.0, 0.0, 0.0]",3209.0,73881.0,5.0,81713.0,5.0,0.0,7.0,5.0,False,74.0,0.0,False,,False,False,,0.0,0.0,[0.0],3204.0,3.0,0.9998464962775347,20.0,3.0,other,3,37.0,0.0,,,False,1.0
2719,2021-01-14 17:57:04,51262,81304.0,True,1.0,5.0,3.0,44.444458,117.04492,0.0,False,6.0,1.0,2.0,"{'bias': -60.0, 'name': '-01'}",Android,190.0,-0.7411194,7.0,False,True,5.0,5.0,0.0,5.0,0.0,False,False,"[0.0, 0.0, 0.0, 0.0, 0.0, 0.0, 0.0]","[0.0, 0.0, 0.0, 0.0, 0.0, 0.0, 0.0]",3209.0,73881.0,5.0,81713.0,5.0,0.0,7.0,5.0,False,74.0,0.0,False,,False,False,,0.0,0.0,[0.0],3204.0,3.0,0.9998464962775347,20.0,3.0,other,3,37.0,0.0,,,False,1.0
2719,2021-01-14 17:57:04,51262,85556.0,True,2.0,2.0,4.0,-101.481476,204.4776,0.0,False,5.0,1.0,2.0,"{'bias': -60.0, 'name': '-01'}",Android,4252.0,233.35861,7.0,True,False,4.0,4.0,0.0,4.0,0.0,False,False,"[0.0, 0.0, 0.0, 0.0, 0.0, 0.0, -0.0]","[0.0, 0.0, 0.0, 0.0, 0.0, 0.0, -0.0]",8090.0,85556.0,5.0,90631.0,4.0,0.0,6.0,5.0,False,74.0,0.0,False,,False,False,,36.0,,"[0.0, 0.0, 0.0, 0.0, 0.0, 0.0, 0.0]",8062.0,2.0,0.9999232481387672,3.0,2.0,3.0,4,73.0,36.0,,,False,1.0
2719,2021-01-14 17:57:04,51262,86387.0,True,2.0,2.0,4.0,-124.44444,200.77283,0.0,False,5.0,1.0,2.0,"{'bias': -60.0, 'name': '-01'}",Android,831.0,19.258194,7.0,False,False,4.0,4.0,0.0,4.0,0.0,False,False,"[0.0, 0.0, 0.0, 0.0, 0.0, 0.0, -0.0]","[0.0, 0.0, 0.0, 0.0, 0.0, 0.0, -0.0]",8090.0,85556.0,5.0,90631.0,4.0,0.0,6.0,5.0,False,74.0,0.0,False,,False,False,,36.0,36.0,"[0.0, 0.0, 0.0, 0.0, 0.0, 0.0, 0.0]",8062.0,2.0,0.9999232481387672,3.0,2.0,3.0,4,73.0,36.0,,,False,1.0
2719,2021-01-14 17:57:04,51262,87291.0,True,2.0,2.0,4.0,-50.37036,85.924805,0.0,False,5.0,1.0,2.0,"{'bias': -60.0, 'name': '-01'}",Android,904.0,-188.9221,7.0,False,False,4.0,4.0,0.0,4.0,0.0,False,False,"[0.0, 0.0, 0.0, 0.0, 0.0, 0.0, -0.0]","[0.0, 0.0, 0.0, 0.0, 0.0, 0.0, -0.0]",8090.0,85556.0,5.0,90631.0,4.0,0.0,6.0,5.0,False,74.0,0.0,False,,False,False,,36.0,36.0,"[0.0, 0.0, 0.0, 0.0, 0.0, 0.0, 0.0]",8062.0,2.0,0.9999232481387672,3.0,2.0,3.0,4,73.0,36.0,,,False,1.0
2719,2021-01-14 17:57:04,51262,87919.0,True,2.0,2.0,4.0,-64.44443,108.15344,0.0,False,5.0,1.0,2.0,"{'bias': -60.0, 'name': '-01'}",Android,628.0,36.302704,7.0,False,False,4.0,4.0,0.0,4.0,0.0,False,False,"[0.0, 0.0, 0.0, 0.0, 0.0, 0.0, -0.0]","[0.0, 0.0, 0.0, 0.0, 0.0, 0.0, -0.0]",8090.0,85556.0,5.0,90631.0,4.0,0.0,6.0,5.0,False,74.0,0.0,False,,False,False,,36.0,36.0,"[0.0, 0.0, 0.0, 0.0, 0.0, 0.0, 0.0]",8062.0,2.0,0.9999232481387672,3.0,2.0,3.0,4,73.0,36.0,,,False,1.0
2719,2021-01-14 17:57:04,51262,88444.0,True,2.0,2.0,4.0,-68.14813,107.412476,0.0,False,5.0,1.0,2.0,"{'bias': -60.0, 'name': '-01'}",Android,525.0,2.962738,7.0,False,False,4.0,4.0,0.0,4.0,0.0,False,False,"[0.0, 0.0, 0.0, 0.0, 0.0, 0.0, -0.0]","[0.0, 0.0, 0.0, 0.0, 0.0, 0.0, -0.0]",8090.0,85556.0,5.0,90631.0,4.0,0.0,6.0,5.0,False,74.0,0.0,False,,False,False,,36.0,36.0,"[0.0, 0.0, 0.0, 0.0, 0.0, 0.0, 0.0]",8062.0,2.0,0.9999232481387672,3.0,2.0,3.0,4,73.0,36.0,,,False,1.0
2719,2021-01-14 17:57:04,51262,89283.0,True,2.0,2.0,4.0,-102.96295,114.82202,0.0,False,5.0,1.0,2.0,"{'bias': -60.0, 'name': '-01'}",Android,839.0,42.224365,7.0,False,False,4.0,4.0,0.0,4.0,0.0,False,False,"[0.0, 0.0, 0.0, 0.0, 0.0, 0.0, -0.0]","[0.0, 0.0, 0.0, 0.0, 0.0, 0.0, -0.0]",8090.0,85556.0,5.0,90631.0,4.0,0.0,6.0,5.0,False,74.0,0.0,False,,False,False,,36.0,36.0,"[0.0, 0.0, 0.0, 0.0, 0.0, 0.0, 0.0]",8062.0,2.0,0.9999232481387672,3.0,2.0,3.0,4,73.0,36.0,,,False,1.0
2719,2021-01-14 17:57:04,51262,90348.0,True,2.0,2.0,4.0,8.888916,159.27936,0.0,True,5.0,1.0,2.0,"{'bias': -60.0, 'name': '-01'}",Android,1065.0,-67.39453,7.0,False,True,4.0,4.0,0.0,-4.0,-0.0,True,False,"[0.0, 0.0, 0.0, 0.0, 0.0, 0.0, -0.0]","[0.0, 0.0, 0.0, 0.0, 0.0, 0.0, -0.0]",8090.0,85556.0,5.0,90631.0,4.0,0.0,6.0,5.0,False,74.0,0.0,False,,False,False,,36.0,36.0,"[0.0, 0.0, 0.0, 0.0, 0.0, 0.0, 0.0]",8062.0,2.0,0.9999232481387672,3.0,2.0,3.0,4,73.0,36.0,,,False,1.0
2719,2021-01-14 17:57:04,51262,94576.0,False,1.0,0.0,5.0,-48.148132,14.052124,0.0,True,2.0,1.0,2.0,"{'bias': -60.0, 'name': '-01'}",Android,4228.0,-88.190186,1.0,True,True,1.0,1.0,0.0,-1.0,-0.0,True,False,[-0.0],[-0.0],10219.0,94576.0,5.0,95188.0,1.0,0.0,1.0,5.0,True,74.0,0.0,False,,False,False,,1.0,,"[0.0, 0.0, 0.0, 0.0, 0.0, 0.0, -0.0]",10192.0,1.0,1.0,2.0,1.0,2.0,5,74.0,1.0,,,False,1.0
2719,2021-01-14 17:58:00,107089,112693.0,False,5.0,2.0,1.0,147.40744,165.94794,0.0,False,6.0,1.0,2.0,"{'bias': -60.0, 'name': '-01'}",Android,18117.0,-43.65976,2.0,True,False,5.0,5.0,0.0,5.0,0.0,False,False,"[0.0, -0.0]","[0.0, -0.0]",2658.0,112693.0,4.0,115170.0,5.0,0.0,1.0,4.0,False,38.0,1.0,False,,False,False,-36.0,1.0,,,2650.0,4.0,0.999769744416302,1.0,4.0,first,6,75.0,1.0,,,False,1.0
2719,2021-01-14 17:58:00,107089,114870.0,False,5.0,2.0,1.0,147.40744,230.41101,0.0,True,6.0,1.0,2.0,"{'bias': -60.0, 'name': '-01'}",Android,2177.0,64.46307,2.0,False,True,5.0,5.0,0.0,-5.0,-0.0,True,False,"[0.0, -0.0]","[0.0, -0.0]",2658.0,112693.0,4.0,115170.0,5.0,0.0,1.0,4.0,False,38.0,1.0,False,,False,False,-36.0,1.0,1.0,,2650.0,4.0,0.999769744416302,1.0,4.0,1.0,6,75.0,1.0,,,False,1.0
2719,2021-01-14 17:58:00,107089,118198.0,True,5.0,0.0,2.0,-5.185181,29.612183,0.0,True,2.0,1.0,2.0,"{'bias': -60.0, 'name': '-01'}",Android,3328.0,-48.206207,1.0,True,True,1.0,1.0,0.0,-1.0,-0.0,True,False,[-0.0],[-0.0],10219.0,118198.0,4.0,118796.0,1.0,0.0,1.0,4.0,False,38.0,1.0,False,,False,False,-36.0,1.0,,"[0.0, -0.0]",10192.0,1.0,1.0,4.0,1.0,4.0,7,76.0,1.0,36.0,40.0,False,1.0
2719,2021-01-14 17:58:00,107089,122124.0,True,2.0,1.0,3.0,-91.85184,205.21857,0.0,False,5.0,1.0,2.0,"{'bias': -60.0, 'name': '-01'}",Android,3926.0,262.27304,7.0,True,False,4.0,4.0,0.0,4.0,0.0,False,False,"[0.0, 0.0, 0.0, 0.0, 0.0, 0.0, -0.0]","[0.0, 0.0, 0.0, 0.0, 0.0, 0.0, -0.0]",8090.0,122124.0,4.0,127495.0,4.0,0.0,6.0,4.0,False,38.0,1.0,False,,False,False,-36.0,36.0,,[-0.0],8062.0,2.0,0.9999232481387672,1.0,2.0,1.0,8,112.0,36.0,37.0,75.0,False,1.0
2719,2021-01-14 17:58:00,107089,123720.0,True,2.0,1.0,3.0,-97.77777,206.7005,0.0,False,5.0,1.0,2.0,"{'bias': -60.0, 'name': '-01'}",Android,1596.0,7.4078674,7.0,False,False,4.0,4.0,0.0,4.0,0.0,False,False,"[0.0, 0.0, 0.0, 0.0, 0.0, 0.0, -0.0]","[0.0, 0.0, 0.0, 0.0, 0.0, 0.0, -0.0]",8090.0,122124.0,4.0,127495.0,4.0,0.0,6.0,4.0,False,38.0,1.0,False,,False,False,-36.0,36.0,36.0,[-0.0],8062.0,2.0,0.9999232481387672,1.0,2.0,1.0,8,112.0,36.0,37.0,75.0,False,1.0
2719,2021-01-14 17:58:00,107089,124651.0,True,2.0,1.0,3.0,-82.96295,223.74243,0.0,False,5.0,1.0,2.0,"{'bias': -60.0, 'name': '-01'}",Android,931.0,2.2271118,7.0,False,False,4.0,4.0,0.0,4.0,0.0,False,False,"[0.0, 0.0, 0.0, 0.0, 0.0, 0.0, -0.0]","[0.0, 0.0, 0.0, 0.0, 0.0, 0.0, -0.0]",8090.0,122124.0,4.0,127495.0,4.0,0.0,6.0,4.0,False,38.0,1.0,False,,False,False,-36.0,36.0,36.0,[-0.0],8062.0,2.0,0.9999232481387672,1.0,2.0,1.0,8,112.0,36.0,37.0,75.0,False,1.0
2719,2021-01-14 17:58:00,107089,124851.0,True,2.0,1.0,3.0,-79.999985,210.40527,0.0,False,5.0,1.0,2.0,"{'bias': -60.0, 'name': '-01'}",Android,200.0,-16.300125,7.0,False,False,4.0,4.0,0.0,4.0,0.0,False,False,"[0.0, 0.0, 0.0, 0.0, 0.0, 0.0, -0.0]","[0.0, 0.0, 0.0, 0.0, 0.0, 0.0, -0.0]",8090.0,122124.0,4.0,127495.0,4.0,0.0,6.0,4.0,False,38.0,1.0,False,,False,False,-36.0,36.0,36.0,[-0.0],8062.0,2.0,0.9999232481387672,1.0,2.0,1.0,8,112.0,36.0,37.0,75.0,False,1.0
2719,2021-01-14 17:58:00,107089,125290.0,True,2.0,1.0,3.0,-66.66666,223.74243,0.0,False,5.0,1.0,2.0,"{'bias': -60.0, 'name': '-01'}",Android,439.0,0.003829956,7.0,False,False,4.0,4.0,0.0,4.0,0.0,False,False,"[0.0, 0.0, 0.0, 0.0, 0.0, 0.0, -0.0]","[0.0, 0.0, 0.0, 0.0, 0.0, 0.0, -0.0]",8090.0,122124.0,4.0,127495.0,4.0,0.0,6.0,4.0,False,38.0,1.0,False,,False,False,-36.0,36.0,36.0,[-0.0],8062.0,2.0,0.9999232481387672,1.0,2.0,1.0,8,112.0,36.0,37.0,75.0,False,1.0
2719,2021-01-14 17:58:00,107089,125553.0,True,2.0,1.0,3.0,-61.481476,220.03766,0.0,False,5.0,1.0,2.0,"{'bias': -60.0, 'name': '-01'}",Android,263.0,-8.889954,7.0,False,False,4.0,4.0,0.0,4.0,0.0,False,False,"[0.0, 0.0, 0.0, 0.0, 0.0, 0.0, -0.0]","[0.0, 0.0, 0.0, 0.0, 0.0, 0.0, -0.0]",8090.0,122124.0,4.0,127495.0,4.0,0.0,6.0,4.0,False,38.0,1.0,False,,False,False,-36.0,36.0,36.0,[-0.0],8062.0,2.0,0.9999232481387672,1.0,2.0,1.0,8,112.0,36.0,37.0,75.0,False,1.0
2719,2021-01-14 17:58:00,107089,127197.0,True,2.0,1.0,3.0,-125.92592,268.94073,0.0,True,5.0,1.0,2.0,"{'bias': -60.0, 'name': '-01'}",Android,1644.0,113.34752,7.0,False,True,4.0,4.0,0.0,-4.0,-0.0,True,False,"[0.0, 0.0, 0.0, 0.0, 0.0, 0.0, -0.0]","[0.0, 0.0, 0.0, 0.0, 0.0, 0.0, -0.0]",8090.0,122124.0,4.0,127495.0,4.0,0.0,6.0,4.0,False,38.0,1.0,False,,False,False,-36.0,36.0,36.0,[-0.0],8062.0,2.0,0.9999232481387672,1.0,2.0,1.0,8,112.0,36.0,37.0,75.0,False,1.0
2719,2021-01-14 17:58:00,107089,130974.0,False,5.0,3.0,4.0,142.96298,183.73083,0.0,False,6.0,1.0,2.0,"{'bias': -60.0, 'name': '-01'}",Android,3777.0,-354.09882,8.0,True,False,5.0,5.0,0.0,5.0,0.0,False,False,"[0.0, 0.0, 0.0, 0.0, 0.0, 0.0, 0.0, 0.0]","[0.0, 0.0, 0.0, 0.0, 0.0, 0.0, 0.0, 0.0]",342.0,130974.0,4.0,133169.0,5.0,0.0,7.0,4.0,True,38.0,1.0,False,,False,False,-36.0,0.0,,"[0.0, 0.0, 0.0, 0.0, 0.0, 0.0, -0.0]",341.0,12.0,0.9990789776652084,2.0,12.0,2.0,9,112.0,0.0,37.0,75.0,False,1.0
2719,2021-01-14 17:58:00,107089,131190.0,False,5.0,3.0,4.0,140.00003,184.4718,0.0,False,6.0,1.0,2.0,"{'bias': -60.0, 'name': '-01'}",Android,216.0,3.7039185,8.0,False,False,5.0,5.0,0.0,5.0,0.0,False,False,"[0.0, 0.0, 0.0, 0.0, 0.0, 0.0, 0.0, 0.0]","[0.0, 0.0, 0.0, 0.0, 0.0, 0.0, 0.0, 0.0]",342.0,130974.0,4.0,133169.0,5.0,0.0,7.0,4.0,True,38.0,1.0,False,,False,False,-36.0,0.0,0.0,"[0.0, 0.0, 0.0, 0.0, 0.0, 0.0, -0.0]",341.0,12.0,0.9990789776652084,2.0,12.0,2.0,9,112.0,0.0,37.0,75.0,False,1.0
2719,2021-01-14 17:58:00,107089,131372.0,False,5.0,3.0,4.0,143.70374,195.58612,0.0,False,6.0,1.0,2.0,"{'bias': -60.0, 'name': '-01'}",Android,182.0,7.410614,8.0,False,False,5.0,5.0,0.0,5.0,0.0,False,False,"[0.0, 0.0, 0.0, 0.0, 0.0, 0.0, 0.0, 0.0]","[0.0, 0.0, 0.0, 0.0, 0.0, 0.0, 0.0, 0.0]",342.0,130974.0,4.0,133169.0,5.0,0.0,7.0,4.0,True,38.0,1.0,False,,False,False,-36.0,0.0,0.0,"[0.0, 0.0, 0.0, 0.0, 0.0, 0.0, -0.0]",341.0,12.0,0.9990789776652084,2.0,12.0,2.0,9,112.0,0.0,37.0,75.0,False,1.0
2719,2021-01-14 17:58:00,107089,131538.0,False,5.0,3.0,4.0,142.96298,192.62231,0.0,False,6.0,1.0,2.0,"{'bias': -60.0, 'name': '-01'}",Android,166.0,-2.223053,8.0,False,False,5.0,5.0,0.0,5.0,0.0,False,False,"[0.0, 0.0, 0.0, 0.0, 0.0, 0.0, 0.0, 0.0]","[0.0, 0.0, 0.0, 0.0, 0.0, 0.0, 0.0, 0.0]",342.0,130974.0,4.0,133169.0,5.0,0.0,7.0,4.0,True,38.0,1.0,False,,False,False,-36.0,0.0,0.0,"[0.0, 0.0, 0.0, 0.0, 0.0, 0.0, -0.0]",341.0,12.0,0.9990789776652084,2.0,12.0,2.0,9,112.0,0.0,37.0,75.0,False,1.0
2719,2021-01-14 17:58:00,107089,131688.0,False,5.0,3.0,4.0,140.74075,191.14044,0.0,False,6.0,1.0,2.0,"{'bias': -60.0, 'name': '-01'}",Android,150.0,0.74035645,8.0,False,False,5.0,5.0,0.0,5.0,0.0,False,False,"[0.0, 0.0, 0.0, 0.0, 0.0, 0.0, 0.0, 0.0]","[0.0, 0.0, 0.0, 0.0, 0.0, 0.0, 0.0, 0.0]",342.0,130974.0,4.0,133169.0,5.0,0.0,7.0,4.0,True,38.0,1.0,False,,False,False,-36.0,0.0,0.0,"[0.0, 0.0, 0.0, 0.0, 0.0, 0.0, -0.0]",341.0,12.0,0.9990789776652084,2.0,12.0,2.0,9,112.0,0.0,37.0,75.0,False,1.0
2719,2021-01-14 17:58:00,107089,131822.0,False,5.0,3.0,4.0,140.74075,194.84521,0.0,False,6.0,1.0,2.0,"{'bias': -60.0, 'name': '-01'}",Android,134.0,3.704773,8.0,False,False,5.0,5.0,0.0,5.0,0.0,False,False,"[0.0, 0.0, 0.0, 0.0, 0.0, 0.0, 0.0, 0.0]","[0.0, 0.0, 0.0, 0.0, 0.0, 0.0, 0.0, 0.0]",342.0,130974.0,4.0,133169.0,5.0,0.0,7.0,4.0,True,38.0,1.0,False,,False,False,-36.0,0.0,0.0,"[0.0, 0.0, 0.0, 0.0, 0.0, 0.0, -0.0]",341.0,12.0,0.9990789776652084,2.0,12.0,2.0,9,112.0,0.0,37.0,75.0,False,1.0
2719,2021-01-14 17:58:00,107089,131938.0,False,5.0,3.0,4.0,140.74075,192.62231,0.0,False,6.0,1.0,2.0,"{'bias': -60.0, 'name': '-01'}",Android,116.0,-2.2229004,8.0,False,False,5.0,5.0,0.0,5.0,0.0,False,False,"[0.0, 0.0, 0.0, 0.0, 0.0, 0.0, 0.0, 0.0]","[0.0, 0.0, 0.0, 0.0, 0.0, 0.0, 0.0, 0.0]",342.0,130974.0,4.0,133169.0,5.0,0.0,7.0,4.0,True,38.0,1.0,False,,False,False,-36.0,0.0,0.0,"[0.0, 0.0, 0.0, 0.0, 0.0, 0.0, -0.0]",341.0,12.0,0.9990789776652084,2.0,12.0,2.0,9,112.0,0.0,37.0,75.0,False,1.0
2719,2021-01-14 17:58:00,107089,132071.0,False,5.0,3.0,4.0,145.92593,188.17657,0.0,False,6.0,1.0,2.0,"{'bias': -60.0, 'name': '-01'}",Android,133.0,-9.63092,8.0,False,True,5.0,5.0,0.0,5.0,0.0,False,False,"[0.0, 0.0, 0.0, 0.0, 0.0, 0.0, 0.0, 0.0]","[0.0, 0.0, 0.0, 0.0, 0.0, 0.0, 0.0, 0.0]",342.0,130974.0,4.0,133169.0,5.0,0.0,7.0,4.0,True,38.0,1.0,False,,False,False,-36.0,0.0,0.0,"[0.0, 0.0, 0.0, 0.0, 0.0, 0.0, -0.0]",341.0,12.0,0.9990789776652084,2.0,12.0,2.0,9,112.0,0.0,37.0,75.0,False,1.0
2719,2021-01-14 17:59:17,184168,189454.0,False,2.0,2.0,1.0,-140.0,-189.71057,0.0,False,3.0,1.0,2.0,"{'bias': -60.0, 'name': '-01'}",Android,57383.0,-91.96121,2.0,True,False,2.0,2.0,0.0,2.0,0.0,False,False,"[0.0, -0.0]","[0.0, -0.0]",2658.0,189454.0,3.0,192031.0,2.0,0.0,1.0,3.0,False,3.0,2.0,False,,False,False,-35.0,1.0,,,2650.0,4.0,0.999769744416302,12.0,4.0,first,10,113.0,1.0,73.0,40.0,False,1.0
2719,2021-01-14 17:59:17,184168,191731.0,False,2.0,2.0,1.0,-229.62962,-349.0159,0.0,True,3.0,1.0,2.0,"{'bias': -60.0, 'name': '-01'}",Android,2277.0,-69.675705,2.0,False,True,2.0,2.0,0.0,-2.0,-0.0,True,False,"[0.0, -0.0]","[0.0, -0.0]",2658.0,189454.0,3.0,192031.0,2.0,0.0,1.0,3.0,False,3.0,2.0,False,,False,False,-35.0,1.0,1.0,,2650.0,4.0,0.999769744416302,12.0,4.0,12.0,10,113.0,1.0,73.0,40.0,False,1.0
2719,2021-01-14 17:59:17,184168,195262.0,False,0.0,0.0,2.0,-269.62964,21.46167,0.0,True,0.0,1.0,2.0,"{'bias': -60.0, 'name': '-01'}",Android,3531.0,410.4776,1.0,True,False,0.0,-1.0,5.0,1.0,-5.0,False,False,"[-5.0, -0.0]","[-5.0, -0.0]",221.0,195262.0,3.0,197090.0,0.0,0.0,1.0,3.0,False,3.0,2.0,False,,False,False,-35.0,1.0,,"[0.0, -0.0]",221.0,26.0,0.9980044516079516,4.0,other,4.0,11,114.0,1.0,74.0,40.0,False,1.0
2719,2021-01-14 17:59:17,184168,196475.0,False,0.0,0.0,2.0,277.77783,19.979797,0.0,True,1.0,1.0,2.0,"{'bias': -60.0, 'name': '-01'}",Android,1213.0,-548.88934,1.0,False,True,0.0,0.0,0.0,-0.0,-0.0,True,False,"[-5.0, -0.0]","[-5.0, -0.0]",221.0,195262.0,3.0,197090.0,0.0,0.0,1.0,3.0,False,3.0,2.0,False,,False,False,-35.0,1.0,1.0,"[0.0, -0.0]",221.0,26.0,0.9980044516079516,4.0,other,4.0,11,114.0,1.0,74.0,40.0,False,1.0
2719,2021-01-14 17:59:17,184168,201500.0,False,1.0,3.0,3.0,89.62964,-211.93921,0.0,False,2.0,1.0,2.0,"{'bias': -60.0, 'name': '-01'}",Android,5025.0,-43.770813,2.0,True,False,1.0,1.0,0.0,1.0,0.0,False,False,"[0.0, -4.0, -4.0, -4.0, -0.0]","[0.0, -4.0, -4.0, -4.0, -0.0]",4.0,201500.0,3.0,206406.0,1.0,0.0,1.0,3.0,True,3.0,2.0,False,,False,False,-35.0,1.0,,"[-5.0, -0.0]",4.0,109.0,0.9087036610637808,26.0,other,other,12,115.0,1.0,75.0,40.0,False,1.0
2719,2021-01-14 17:59:17,184168,203766.0,False,1.0,3.0,3.0,191.11115,-371.9855,0.0,True,0.0,1.0,2.0,"{'bias': -60.0, 'name': '-01'}",Android,2266.0,-261.5278,2.0,False,False,1.0,-1.0,4.0,1.0,-4.0,False,False,"[0.0, -4.0, -4.0, -4.0, -0.0]","[0.0, -4.0, -4.0, -4.0, -0.0]",4.0,201500.0,3.0,206406.0,1.0,0.0,1.0,3.0,True,3.0,2.0,False,,False,False,-35.0,1.0,1.0,"[-5.0, -0.0]",4.0,109.0,0.9087036610637808,26.0,other,other,12,115.0,1.0,75.0,40.0,False,1.0
2719,2021-01-14 17:59:17,184168,203780.0,False,1.0,3.0,3.0,-285.18518,-131.91602,1.0,True,0.0,1.0,2.0,"{'bias': -60.0, 'name': '-01'}",Android,14.0,716.36584,2.0,False,False,1.0,-1.0,4.0,1.0,-4.0,False,False,"[0.0, -4.0, -4.0, -4.0, -0.0]","[0.0, -4.0, -4.0, -4.0, -0.0]",4.0,201500.0,3.0,206406.0,1.0,0.0,1.0,3.0,True,3.0,2.0,False,,False,False,-35.0,1.0,1.0,"[-5.0, -0.0]",4.0,109.0,0.9087036610637808,26.0,other,other,12,115.0,1.0,75.0,40.0,False,1.0
2719,2021-01-14 17:59:17,184168,204946.0,False,1.0,3.0,3.0,-60.740723,37.02173,0.0,True,0.0,1.0,2.0,"{'bias': -60.0, 'name': '-01'}",Android,1166.0,-55.506714,2.0,False,False,1.0,-1.0,4.0,1.0,-4.0,False,False,"[0.0, -4.0, -4.0, -4.0, -0.0]","[0.0, -4.0, -4.0, -4.0, -0.0]",4.0,201500.0,3.0,206406.0,1.0,0.0,1.0,3.0,True,3.0,2.0,False,,False,False,-35.0,1.0,1.0,"[-5.0, -0.0]",4.0,109.0,0.9087036610637808,26.0,other,other,12,115.0,1.0,75.0,40.0,False,1.0
2719,2021-01-14 17:59:17,184168,206108.0,False,1.0,3.0,3.0,-114.074066,111.858215,0.0,True,2.0,1.0,2.0,"{'bias': -60.0, 'name': '-01'}",Android,1162.0,128.16983,2.0,False,True,1.0,1.0,0.0,-1.0,-0.0,True,False,"[0.0, -4.0, -4.0, -4.0, -0.0]","[0.0, -4.0, -4.0, -4.0, -0.0]",4.0,201500.0,3.0,206406.0,1.0,0.0,1.0,3.0,True,3.0,2.0,False,,False,False,-35.0,1.0,1.0,"[-5.0, -0.0]",4.0,109.0,0.9087036610637808,26.0,other,other,12,115.0,1.0,75.0,40.0,False,1.0
3688,2021-04-25 20:06:09,17432,21768.0,False,0.0,1.0,1.0,-201.66667,-42.586304,0.0,True,1.0,1.0,2.09,"{'bias': 60.0, 'name': 'BST'}",Android,-39529.0,192.0131,1.0,True,True,0.0,0.0,0.0,-0.0,-0.0,True,False,[-0.0],[-0.0],10219.0,21768.0,3.0,22362.0,0.0,0.0,1.0,3.0,False,1.0,0.0,False,11.0,True,True,,1.0,,,10192.0,1.0,1.0,109.0,1.0,first,1,1.0,1.0,,,False,14.0
3688,2021-04-25 20:06:09,17432,28424.0,False,0.0,1.0,2.0,-4.166687,216.7492,0.0,True,3.0,1.0,2.09,"{'bias': 60.0, 'name': 'BST'}",Android,6656.0,61.835526,7.0,True,False,0.0,2.0,2.0,-2.0,-2.0,False,False,"[-2.0, 2.0, 2.0, 2.0, 2.0, 2.0, 2.0]","[-2.0, 2.0, 2.0, 2.0, 2.0, 2.0, 2.0]",2.0,28424.0,3.0,36376.0,0.0,0.0,7.0,3.0,False,1.0,0.0,False,11.0,True,True,,0.0,,[-0.0],2.0,111.0,0.8077365876122496,1.0,other,1.0,2,1.0,0.0,,,False,14.0
3688,2021-04-25 20:06:09,17432,31198.0,False,0.0,1.0,2.0,-117.5,-138.48206,0.0,False,3.0,1.0,2.09,"{'bias': 60.0, 'name': 'BST'}",Android,2774.0,-241.89795,7.0,False,False,0.0,2.0,2.0,2.0,2.0,False,False,"[-2.0, 2.0, 2.0, 2.0, 2.0, 2.0, 2.0]","[-2.0, 2.0, 2.0, 2.0, 2.0, 2.0, 2.0]",2.0,28424.0,3.0,36376.0,0.0,0.0,7.0,3.0,False,1.0,0.0,False,11.0,True,True,,0.0,0.0,[-0.0],2.0,111.0,0.8077365876122496,1.0,other,1.0,2,1.0,0.0,,,False,14.0
3688,2021-04-25 20:06:09,17432,32466.0,False,0.0,1.0,2.0,-96.66667,-115.133545,0.0,False,3.0,1.0,2.09,"{'bias': 60.0, 'name': 'BST'}",Android,1268.0,2.5151825,7.0,False,False,0.0,2.0,2.0,2.0,2.0,False,False,"[-2.0, 2.0, 2.0, 2.0, 2.0, 2.0, 2.0]","[-2.0, 2.0, 2.0, 2.0, 2.0, 2.0, 2.0]",2.0,28424.0,3.0,36376.0,0.0,0.0,7.0,3.0,False,1.0,0.0,False,11.0,True,True,,0.0,0.0,[-0.0],2.0,111.0,0.8077365876122496,1.0,other,1.0,2,1.0,0.0,,,False,14.0
3688,2021-04-25 20:06:09,17432,33442.0,False,0.0,1.0,2.0,-104.16667,-125.97394,0.0,False,3.0,1.0,2.09,"{'bias': 60.0, 'name': 'BST'}",Android,976.0,-3.340393,7.0,False,False,0.0,2.0,2.0,2.0,2.0,False,False,"[-2.0, 2.0, 2.0, 2.0, 2.0, 2.0, 2.0]","[-2.0, 2.0, 2.0, 2.0, 2.0, 2.0, 2.0]",2.0,28424.0,3.0,36376.0,0.0,0.0,7.0,3.0,False,1.0,0.0,False,11.0,True,True,,0.0,0.0,[-0.0],2.0,111.0,0.8077365876122496,1.0,other,1.0,2,1.0,0.0,,,False,14.0
3688,2021-04-25 20:06:09,17432,34436.0,False,0.0,1.0,2.0,-112.5,-141.81757,0.0,False,3.0,1.0,2.09,"{'bias': 60.0, 'name': 'BST'}",Android,994.0,-7.5102997,7.0,False,False,0.0,2.0,2.0,2.0,2.0,False,False,"[-2.0, 2.0, 2.0, 2.0, 2.0, 2.0, 2.0]","[-2.0, 2.0, 2.0, 2.0, 2.0, 2.0, 2.0]",2.0,28424.0,3.0,36376.0,0.0,0.0,7.0,3.0,False,1.0,0.0,False,11.0,True,True,,0.0,0.0,[-0.0],2.0,111.0,0.8077365876122496,1.0,other,1.0,2,1.0,0.0,,,False,14.0
3688,2021-04-25 20:06:09,17432,35343.0,False,0.0,1.0,2.0,-130.0,-140.14984,0.0,False,3.0,1.0,2.09,"{'bias': 60.0, 'name': 'BST'}",Android,907.0,19.167725,7.0,False,False,0.0,2.0,2.0,2.0,2.0,False,False,"[-2.0, 2.0, 2.0, 2.0, 2.0, 2.0, 2.0]","[-2.0, 2.0, 2.0, 2.0, 2.0, 2.0, 2.0]",2.0,28424.0,3.0,36376.0,0.0,0.0,7.0,3.0,False,1.0,0.0,False,11.0,True,True,,0.0,0.0,[-0.0],2.0,111.0,0.8077365876122496,1.0,other,1.0,2,1.0,0.0,,,False,14.0
3688,2021-04-25 20:06:09,17432,36081.0,False,0.0,1.0,2.0,-125.0,-128.47559,0.0,False,3.0,1.0,2.09,"{'bias': 60.0, 'name': 'BST'}",Android,738.0,6.6742554,7.0,False,True,0.0,2.0,2.0,2.0,2.0,False,False,"[-2.0, 2.0, 2.0, 2.0, 2.0, 2.0, 2.0]","[-2.0, 2.0, 2.0, 2.0, 2.0, 2.0, 2.0]",2.0,28424.0,3.0,36376.0,0.0,0.0,7.0,3.0,False,1.0,0.0,False,11.0,True,True,,0.0,0.0,[-0.0],2.0,111.0,0.8077365876122496,1.0,other,1.0,2,1.0,0.0,,,False,14.0
3688,2021-04-25 20:06:09,17432,40417.0,False,0.0,1.0,3.0,105.0,-8.3974,0.0,False,1.0,1.0,2.09,"{'bias': 60.0, 'name': 'BST'}",Android,4336.0,-109.921814,5.0,True,False,0.0,0.0,0.0,0.0,0.0,False,False,"[0.0, 3.0, 2.0, 1.0, 0.0]","[0.0, 3.0, 2.0, 1.0, 0.0]",46.0,40417.0,3.0,49346.0,0.0,0.0,7.0,3.0,True,1.0,0.0,False,11.0,True,True,,0.0,,"[-2.0, 2.0, 2.0, 2.0, 2.0, 2.0, 2.0]",46.0,67.0,0.9932458362115282,111.0,other,other,3,1.0,0.0,,,False,14.0
3688,2021-04-25 20:06:09,17432,43902.0,False,0.0,1.0,3.0,-190.0,27.45929,0.0,False,4.0,1.0,2.09,"{'bias': 60.0, 'name': 'BST'}",Android,3485.0,330.8567,5.0,False,False,0.0,3.0,3.0,3.0,3.0,False,False,"[0.0, 3.0, 2.0, 1.0, 0.0]","[0.0, 3.0, 2.0, 1.0, 0.0]",46.0,40417.0,3.0,49346.0,0.0,0.0,7.0,3.0,True,1.0,0.0,False,11.0,True,True,,0.0,0.0,"[-2.0, 2.0, 2.0, 2.0, 2.0, 2.0, 2.0]",46.0,67.0,0.9932458362115282,111.0,other,other,3,1.0,0.0,,,False,14.0
3688,2021-04-25 20:06:09,17432,46476.0,False,0.0,1.0,3.0,-63.333344,-157.66125,0.0,False,3.0,1.0,2.09,"{'bias': 60.0, 'name': 'BST'}",Android,2574.0,-311.7872,5.0,False,False,0.0,2.0,2.0,2.0,2.0,False,False,"[0.0, 3.0, 2.0, 1.0, 0.0]","[0.0, 3.0, 2.0, 1.0, 0.0]",46.0,40417.0,3.0,49346.0,0.0,0.0,7.0,3.0,True,1.0,0.0,False,11.0,True,True,,0.0,0.0,"[-2.0, 2.0, 2.0, 2.0, 2.0, 2.0, 2.0]",46.0,67.0,0.9932458362115282,111.0,other,other,3,1.0,0.0,,,False,14.0
3688,2021-04-25 20:06:09,17432,47846.0,False,0.0,1.0,3.0,64.16666,-149.32245,0.0,False,2.0,1.0,2.09,"{'bias': 60.0, 'name': 'BST'}",Android,1370.0,-119.161194,5.0,False,False,0.0,1.0,1.0,1.0,1.0,False,False,"[0.0, 3.0, 2.0, 1.0, 0.0]","[0.0, 3.0, 2.0, 1.0, 0.0]",46.0,40417.0,3.0,49346.0,0.0,0.0,7.0,3.0,True,1.0,0.0,False,11.0,True,True,,0.0,0.0,"[-2.0, 2.0, 2.0, 2.0, 2.0, 2.0, 2.0]",46.0,67.0,0.9932458362115282,111.0,other,other,3,1.0,0.0,,,False,14.0
3688,2021-04-25 20:06:09,17432,49051.0,False,0.0,1.0,3.0,148.33331,-19.237793,0.0,False,1.0,1.0,2.09,"{'bias': 60.0, 'name': 'BST'}",Android,1205.0,45.918,5.0,False,True,0.0,0.0,0.0,0.0,0.0,False,False,"[0.0, 3.0, 2.0, 1.0, 0.0]","[0.0, 3.0, 2.0, 1.0, 0.0]",46.0,40417.0,3.0,49346.0,0.0,0.0,7.0,3.0,True,1.0,0.0,False,11.0,True,True,,0.0,0.0,"[-2.0, 2.0, 2.0, 2.0, 2.0, 2.0, 2.0]",46.0,67.0,0.9932458362115282,111.0,other,other,3,1.0,0.0,,,False,14.0
3688,2021-04-25 22:21:00,21120,32992.0,False,0.0,1.0,1.0,71.66666,-230.20844,0.0,False,2.0,1.0,2.09,"{'bias': 60.0, 'name': 'BST'}",Android,-498064.0,-567.6215,7.0,True,False,0.0,1.0,1.0,1.0,1.0,False,False,"[1.0, 2.0, 3.0, 4.0, 5.0, 0.0, 1.0]","[1.0, 2.0, 3.0, 4.0, 5.0, 0.0, 1.0]",260.0,32992.0,3.0,40827.0,0.0,0.0,7.0,3.0,False,1.0,12.0,False,11.0,True,False,-147.0,0.0,,,258.0,21.0,0.9983882109141148,5.0,other,first,4,1.0,0.0,,,False,14.0
3688,2021-04-25 22:21:00,21120,35217.0,False,0.0,1.0,1.0,-138.33334,-188.51465,0.0,False,3.0,1.0,2.09,"{'bias': 60.0, 'name': 'BST'}",Android,2225.0,251.69379,7.0,False,False,0.0,2.0,2.0,2.0,2.0,False,False,"[1.0, 2.0, 3.0, 4.0, 5.0, 0.0, 1.0]","[1.0, 2.0, 3.0, 4.0, 5.0, 0.0, 1.0]",260.0,32992.0,3.0,40827.0,0.0,0.0,7.0,3.0,False,1.0,12.0,False,11.0,True,False,-147.0,0.0,0.0,,258.0,21.0,0.9983882109141148,5.0,other,5.0,4,1.0,0.0,,,False,14.0
3688,2021-04-25 22:21:00,21120,36059.0,False,0.0,1.0,1.0,-224.16667,27.45929,0.0,False,4.0,1.0,2.09,"{'bias': 60.0, 'name': 'BST'}",Android,842.0,301.80725,7.0,False,False,0.0,3.0,3.0,3.0,3.0,False,False,"[1.0, 2.0, 3.0, 4.0, 5.0, 0.0, 1.0]","[1.0, 2.0, 3.0, 4.0, 5.0, 0.0, 1.0]",260.0,32992.0,3.0,40827.0,0.0,0.0,7.0,3.0,False,1.0,12.0,False,11.0,True,False,-147.0,0.0,0.0,,258.0,21.0,0.9983882109141148,5.0,other,5.0,4,1.0,0.0,,,False,14.0
3688,2021-04-25 22:21:00,21120,36697.0,False,0.0,1.0,1.0,-154.16667,200.90552,0.0,False,5.0,1.0,2.09,"{'bias': 60.0, 'name': 'BST'}",Android,638.0,103.44623,7.0,False,False,0.0,4.0,4.0,4.0,4.0,False,False,"[1.0, 2.0, 3.0, 4.0, 5.0, 0.0, 1.0]","[1.0, 2.0, 3.0, 4.0, 5.0, 0.0, 1.0]",260.0,32992.0,3.0,40827.0,0.0,0.0,7.0,3.0,False,1.0,12.0,False,11.0,True,False,-147.0,0.0,0.0,,258.0,21.0,0.9983882109141148,5.0,other,5.0,4,1.0,0.0,,,False,14.0
3688,2021-04-25 22:21:00,21120,37241.0,False,0.0,1.0,1.0,67.5,235.09442,0.0,False,6.0,1.0,2.09,"{'bias': 60.0, 'name': 'BST'}",Android,544.0,-187.47777,7.0,False,False,0.0,5.0,5.0,5.0,5.0,False,False,"[1.0, 2.0, 3.0, 4.0, 5.0, 0.0, 1.0]","[1.0, 2.0, 3.0, 4.0, 5.0, 0.0, 1.0]",260.0,32992.0,3.0,40827.0,0.0,0.0,7.0,3.0,False,1.0,12.0,False,11.0,True,False,-147.0,0.0,0.0,,258.0,21.0,0.9983882109141148,5.0,other,5.0,4,1.0,0.0,,,False,14.0
3688,2021-04-25 22:21:00,21120,38754.0,False,0.0,1.0,1.0,100.83331,-6.729675,0.0,False,1.0,1.0,2.09,"{'bias': 60.0, 'name': 'BST'}",Android,1513.0,-275.1574,7.0,False,False,0.0,0.0,0.0,0.0,0.0,False,False,"[1.0, 2.0, 3.0, 4.0, 5.0, 0.0, 1.0]","[1.0, 2.0, 3.0, 4.0, 5.0, 0.0, 1.0]",260.0,32992.0,3.0,40827.0,0.0,0.0,7.0,3.0,False,1.0,12.0,False,11.0,True,False,-147.0,0.0,0.0,,258.0,21.0,0.9983882109141148,5.0,other,5.0,4,1.0,0.0,,,False,14.0
3688,2021-04-25 22:21:00,21120,40536.0,False,0.0,1.0,1.0,15.833313,-45.08795,0.0,False,2.0,1.0,2.09,"{'bias': 60.0, 'name': 'BST'}",Android,1782.0,46.641724,7.0,False,True,0.0,1.0,1.0,1.0,1.0,False,False,"[1.0, 2.0, 3.0, 4.0, 5.0, 0.0, 1.0]","[1.0, 2.0, 3.0, 4.0, 5.0, 0.0, 1.0]",260.0,32992.0,3.0,40827.0,0.0,0.0,7.0,3.0,False,1.0,12.0,False,11.0,True,False,-147.0,0.0,0.0,,258.0,21.0,0.9983882109141148,5.0,other,5.0,4,1.0,0.0,,,False,14.0
3688,2021-04-25 22:21:00,21120,44452.0,False,0.0,1.0,2.0,53.333313,26.625427,0.0,True,1.0,1.0,2.09,"{'bias': 60.0, 'name': 'BST'}",Android,3916.0,34.21338,1.0,True,True,0.0,0.0,0.0,-0.0,-0.0,True,False,[-0.0],[-0.0],10219.0,44452.0,3.0,45044.0,0.0,0.0,1.0,3.0,False,1.0,12.0,False,11.0,True,False,-147.0,1.0,,"[1.0, 2.0, 3.0, 4.0, 5.0, 0.0, 1.0]",10192.0,1.0,1.0,21.0,1.0,other,5,2.0,1.0,,,False,14.0
3688,2021-04-25 22:21:00,21120,48778.0,False,0.0,1.0,3.0,1.666656,6.612366,0.0,True,2.0,1.0,2.09,"{'bias': 60.0, 'name': 'BST'}",Android,4326.0,31.653595,6.0,True,False,0.0,1.0,1.0,-1.0,-1.0,False,False,"[-1.0, -2.0, 0.0, 5.0, 0.0, 0.0]","[-1.0, -2.0, 0.0, 5.0, 0.0, 0.0]",1.0,48778.0,3.0,60996.0,0.0,0.0,7.0,3.0,True,1.0,12.0,False,11.0,True,False,-147.0,0.0,,[-0.0],1.0,112.0,0.3794228260035306,1.0,other,1.0,6,2.0,0.0,,,False,14.0
3688,2021-04-25 22:21:00,21120,51196.0,False,0.0,1.0,3.0,16.666656,49.973938,0.0,True,3.0,1.0,2.09,"{'bias': 60.0, 'name': 'BST'}",Android,2418.0,28.361572,6.0,False,False,0.0,2.0,2.0,-2.0,-2.0,False,False,"[-1.0, -2.0, 0.0, 5.0, 0.0, 0.0]","[-1.0, -2.0, 0.0, 5.0, 0.0, 0.0]",1.0,48778.0,3.0,60996.0,0.0,0.0,7.0,3.0,True,1.0,12.0,False,11.0,True,False,-147.0,0.0,0.0,[-0.0],1.0,112.0,0.3794228260035306,1.0,other,1.0,6,2.0,0.0,,,False,14.0
3688,2021-04-25 22:21:00,21120,54981.0,False,0.0,1.0,3.0,60.0,9.947876,0.0,False,1.0,1.0,2.09,"{'bias': 60.0, 'name': 'BST'}",Android,3785.0,-83.359406,6.0,False,False,0.0,0.0,0.0,0.0,0.0,False,False,"[-1.0, -2.0, 0.0, 5.0, 0.0, 0.0]","[-1.0, -2.0, 0.0, 5.0, 0.0, 0.0]",1.0,48778.0,3.0,60996.0,0.0,0.0,7.0,3.0,True,1.0,12.0,False,11.0,True,False,-147.0,0.0,0.0,[-0.0],1.0,112.0,0.3794228260035306,1.0,other,1.0,6,2.0,0.0,,,False,14.0
3688,2021-04-25 22:21:00,21120,57929.0,False,0.0,1.0,3.0,75.0,155.04236,0.0,False,6.0,1.0,2.09,"{'bias': 60.0, 'name': 'BST'}",Android,2948.0,130.09448,6.0,False,False,0.0,5.0,5.0,5.0,5.0,False,False,"[-1.0, -2.0, 0.0, 5.0, 0.0, 0.0]","[-1.0, -2.0, 0.0, 5.0, 0.0, 0.0]",1.0,48778.0,3.0,60996.0,0.0,0.0,7.0,3.0,True,1.0,12.0,False,11.0,True,False,-147.0,0.0,0.0,[-0.0],1.0,112.0,0.3794228260035306,1.0,other,1.0,6,2.0,0.0,,,False,14.0
3688,2021-04-25 22:21:00,21120,59176.0,False,0.0,1.0,3.0,173.33331,18.286621,0.0,False,1.0,1.0,2.09,"{'bias': 60.0, 'name': 'BST'}",Android,1247.0,-235.08905,6.0,False,False,0.0,0.0,0.0,0.0,0.0,False,False,"[-1.0, -2.0, 0.0, 5.0, 0.0, 0.0]","[-1.0, -2.0, 0.0, 5.0, 0.0, 0.0]",1.0,48778.0,3.0,60996.0,0.0,0.0,7.0,3.0,True,1.0,12.0,False,11.0,True,False,-147.0,0.0,0.0,[-0.0],1.0,112.0,0.3794228260035306,1.0,other,1.0,6,2.0,0.0,,,False,14.0
3688,2021-04-25 22:21:00,21120,60703.0,False,0.0,1.0,3.0,138.33331,26.625427,0.0,False,1.0,1.0,2.09,"{'bias': 60.0, 'name': 'BST'}",Android,1527.0,43.338806,6.0,False,True,0.0,0.0,0.0,0.0,0.0,False,False,"[-1.0, -2.0, 0.0, 5.0, 0.0, 0.0]","[-1.0, -2.0, 0.0, 5.0, 0.0, 0.0]",1.0,48778.0,3.0,60996.0,0.0,0.0,7.0,3.0,True,1.0,12.0,False,11.0,True,False,-147.0,0.0,0.0,[-0.0],1.0,112.0,0.3794228260035306,1.0,other,1.0,6,2.0,0.0,,,False,14.0
3688,2021-04-25 20:06:52,60755,63135.0,False,0.0,3.0,1.0,-200.83334,-9.231262,0.0,False,4.0,1.0,2.09,"{'bias': 60.0, 'name': 'BST'}",Android,14084.0,359.1732,4.0,True,False,0.0,3.0,3.0,3.0,3.0,False,False,"[3.0, 0.0, 4.0, 2.0]","[3.0, 0.0, 4.0, 2.0]",41.0,63135.0,3.0,71389.0,0.0,0.0,7.0,3.0,False,0.0,1.0,False,11.0,True,True,-1.0,0.0,,,41.0,72.0,0.9922096860848876,67.0,other,first,7,2.0,0.0,1.0,1.0,False,14.0
3688,2021-04-25 20:06:52,60755,65434.0,False,0.0,3.0,1.0,175.0,7.446228,0.0,False,1.0,1.0,2.09,"{'bias': 60.0, 'name': 'BST'}",Android,2299.0,-359.15585,4.0,False,False,0.0,0.0,0.0,0.0,0.0,False,False,"[3.0, 0.0, 4.0, 2.0]","[3.0, 0.0, 4.0, 2.0]",41.0,63135.0,3.0,71389.0,0.0,0.0,7.0,3.0,False,0.0,1.0,False,11.0,True,True,-1.0,0.0,0.0,,41.0,72.0,0.9922096860848876,67.0,other,other,7,2.0,0.0,1.0,1.0,False,14.0
3688,2021-04-25 20:06:52,60755,68698.0,False,0.0,3.0,1.0,-102.5,145.86969,0.0,False,5.0,1.0,2.09,"{'bias': 60.0, 'name': 'BST'}",Android,3264.0,415.92346,4.0,False,False,0.0,4.0,4.0,4.0,4.0,False,False,"[3.0, 0.0, 4.0, 2.0]","[3.0, 0.0, 4.0, 2.0]",41.0,63135.0,3.0,71389.0,0.0,0.0,7.0,3.0,False,0.0,1.0,False,11.0,True,True,-1.0,0.0,0.0,,41.0,72.0,0.9922096860848876,67.0,other,other,7,2.0,0.0,1.0,1.0,False,14.0
3688,2021-04-25 20:06:52,60755,71099.0,False,0.0,3.0,1.0,-129.16667,-165.16614,0.0,False,3.0,1.0,2.09,"{'bias': 60.0, 'name': 'BST'}",Android,2401.0,-284.36914,4.0,False,True,0.0,2.0,2.0,2.0,2.0,False,False,"[3.0, 0.0, 4.0, 2.0]","[3.0, 0.0, 4.0, 2.0]",41.0,63135.0,3.0,71389.0,0.0,0.0,7.0,3.0,False,0.0,1.0,False,11.0,True,True,-1.0,0.0,0.0,,41.0,72.0,0.9922096860848876,67.0,other,other,7,2.0,0.0,1.0,1.0,False,14.0
3688,2021-04-25 20:06:52,60755,75651.0,False,0.0,3.0,2.0,53.333313,-128.47559,0.0,False,2.0,1.0,2.09,"{'bias': 60.0, 'name': 'BST'}",Android,4552.0,-145.80943,5.0,True,False,0.0,1.0,1.0,1.0,1.0,False,False,"[1.0, 4.0, 3.0, 4.0, 3.0]","[1.0, 4.0, 3.0, 4.0, 3.0]",2.0,75651.0,3.0,82530.0,0.0,0.0,7.0,3.0,False,0.0,1.0,False,11.0,True,True,-1.0,0.0,,"[3.0, 0.0, 4.0, 2.0]",2.0,111.0,0.8077365876122496,72.0,other,other,8,2.0,0.0,1.0,1.0,False,14.0
3688,2021-04-25 20:06:52,60755,77040.0,False,0.0,3.0,2.0,-90.83334,185.06189,0.0,False,5.0,1.0,2.09,"{'bias': 60.0, 'name': 'BST'}",Android,1389.0,457.70413,5.0,False,False,0.0,4.0,4.0,4.0,4.0,False,False,"[1.0, 4.0, 3.0, 4.0, 3.0]","[1.0, 4.0, 3.0, 4.0, 3.0]",2.0,75651.0,3.0,82530.0,0.0,0.0,7.0,3.0,False,0.0,1.0,False,11.0,True,True,-1.0,0.0,0.0,"[3.0, 0.0, 4.0, 2.0]",2.0,111.0,0.8077365876122496,72.0,other,other,8,2.0,0.0,1.0,1.0,False,14.0
3688,2021-04-25 20:06:52,60755,79679.0,False,0.0,3.0,2.0,-211.66667,-19.237793,0.0,False,4.0,1.0,2.09,"{'bias': 60.0, 'name': 'BST'}",Android,2639.0,-83.466354,5.0,False,False,0.0,3.0,3.0,3.0,3.0,False,False,"[1.0, 4.0, 3.0, 4.0, 3.0]","[1.0, 4.0, 3.0, 4.0, 3.0]",2.0,75651.0,3.0,82530.0,0.0,0.0,7.0,3.0,False,0.0,1.0,False,11.0,True,True,-1.0,0.0,0.0,"[3.0, 0.0, 4.0, 2.0]",2.0,111.0,0.8077365876122496,72.0,other,other,8,2.0,0.0,1.0,1.0,False,14.0
3688,2021-04-25 20:06:52,60755,80979.0,False,0.0,3.0,2.0,-98.33334,141.70032,0.0,False,5.0,1.0,2.09,"{'bias': 60.0, 'name': 'BST'}",Android,1300.0,47.604782,5.0,False,False,0.0,4.0,4.0,4.0,4.0,False,False,"[1.0, 4.0, 3.0, 4.0, 3.0]","[1.0, 4.0, 3.0, 4.0, 3.0]",2.0,75651.0,3.0,82530.0,0.0,0.0,7.0,3.0,False,0.0,1.0,False,11.0,True,True,-1.0,0.0,0.0,"[3.0, 0.0, 4.0, 2.0]",2.0,111.0,0.8077365876122496,72.0,other,other,8,2.0,0.0,1.0,1.0,False,14.0
3688,2021-04-25 20:06:52,60755,82229.0,False,0.0,3.0,2.0,-173.33334,6.612366,0.0,False,4.0,1.0,2.09,"{'bias': 60.0, 'name': 'BST'}",Android,1250.0,-60.08795,5.0,False,True,0.0,3.0,3.0,3.0,3.0,False,False,"[1.0, 4.0, 3.0, 4.0, 3.0]","[1.0, 4.0, 3.0, 4.0, 3.0]",2.0,75651.0,3.0,82530.0,0.0,0.0,7.0,3.0,False,0.0,1.0,False,11.0,True,True,-1.0,0.0,0.0,"[3.0, 0.0, 4.0, 2.0]",2.0,111.0,0.8077365876122496,72.0,other,other,8,2.0,0.0,1.0,1.0,False,14.0
3688,2021-04-25 20:06:52,60755,86672.0,False,0.0,3.0,3.0,-252.5,-462.02606,0.0,False,0.0,1.0,2.09,"{'bias': 60.0, 'name': 'BST'}",Android,4443.0,-389.47177,5.0,True,False,0.0,-1.0,5.0,-1.0,5.0,False,False,"[5.0, 2.0, 1.0, 5.0, 1.0, 3.0]","[5.0, 2.0, 1.0, 5.0, 1.0, 3.0]",1.0,86672.0,3.0,96905.0,0.0,0.0,7.0,3.0,True,0.0,1.0,False,11.0,True,True,-1.0,0.0,,"[1.0, 4.0, 3.0, 4.0, 3.0]",1.0,112.0,0.3794228260035306,111.0,other,other,9,2.0,0.0,1.0,1.0,False,14.0
3688,2021-04-25 20:06:52,60755,88426.0,False,0.0,3.0,3.0,-127.5,-155.1596,0.0,False,3.0,1.0,2.09,"{'bias': 60.0, 'name': 'BST'}",Android,1754.0,181.86646,5.0,False,False,0.0,2.0,2.0,2.0,2.0,False,False,"[5.0, 2.0, 1.0, 5.0, 1.0, 3.0]","[5.0, 2.0, 1.0, 5.0, 1.0, 3.0]",1.0,86672.0,3.0,96905.0,0.0,0.0,7.0,3.0,True,0.0,1.0,False,11.0,True,True,-1.0,0.0,0.0,"[1.0, 4.0, 3.0, 4.0, 3.0]",1.0,112.0,0.3794228260035306,111.0,other,other,9,2.0,0.0,1.0,1.0,False,14.0
3688,2021-04-25 20:06:52,60755,90210.0,False,0.0,3.0,3.0,35.833313,-112.6319,0.0,False,2.0,1.0,2.09,"{'bias': 60.0, 'name': 'BST'}",Android,1784.0,-120.8056,5.0,False,False,0.0,1.0,1.0,1.0,1.0,False,False,"[5.0, 2.0, 1.0, 5.0, 1.0, 3.0]","[5.0, 2.0, 1.0, 5.0, 1.0, 3.0]",1.0,86672.0,3.0,96905.0,0.0,0.0,7.0,3.0,True,0.0,1.0,False,11.0,True,True,-1.0,0.0,0.0,"[1.0, 4.0, 3.0, 4.0, 3.0]",1.0,112.0,0.3794228260035306,111.0,other,other,9,2.0,0.0,1.0,1.0,False,14.0
3688,2021-04-25 20:06:52,60755,92144.0,False,0.0,3.0,3.0,58.333313,142.53418,0.0,False,6.0,1.0,2.09,"{'bias': 60.0, 'name': 'BST'}",Android,1934.0,232.66608,5.0,False,False,0.0,5.0,5.0,5.0,5.0,False,False,"[5.0, 2.0, 1.0, 5.0, 1.0, 3.0]","[5.0, 2.0, 1.0, 5.0, 1.0, 3.0]",1.0,86672.0,3.0,96905.0,0.0,0.0,7.0,3.0,True,0.0,1.0,False,11.0,True,True,-1.0,0.0,0.0,"[1.0, 4.0, 3.0, 4.0, 3.0]",1.0,112.0,0.3794228260035306,111.0,other,other,9,2.0,0.0,1.0,1.0,False,14.0
3688,2021-04-25 20:06:52,60755,94172.0,False,0.0,3.0,3.0,40.833313,-131.8111,0.0,False,2.0,1.0,2.09,"{'bias': 60.0, 'name': 'BST'}",Android,2028.0,-256.84528,5.0,False,False,0.0,1.0,1.0,1.0,1.0,False,False,"[5.0, 2.0, 1.0, 5.0, 1.0, 3.0]","[5.0, 2.0, 1.0, 5.0, 1.0, 3.0]",1.0,86672.0,3.0,96905.0,0.0,0.0,7.0,3.0,True,0.0,1.0,False,11.0,True,True,-1.0,0.0,0.0,"[1.0, 4.0, 3.0, 4.0, 3.0]",1.0,112.0,0.3794228260035306,111.0,other,other,9,2.0,0.0,1.0,1.0,False,14.0
3688,2021-04-25 20:06:52,60755,96616.0,False,0.0,3.0,3.0,-203.33334,30.7948,0.0,False,4.0,1.0,2.09,"{'bias': 60.0, 'name': 'BST'}",Android,2444.0,406.77255,5.0,False,True,0.0,3.0,3.0,3.0,3.0,False,False,"[5.0, 2.0, 1.0, 5.0, 1.0, 3.0]","[5.0, 2.0, 1.0, 5.0, 1.0, 3.0]",1.0,86672.0,3.0,96905.0,0.0,0.0,7.0,3.0,True,0.0,1.0,False,11.0,True,True,-1.0,0.0,0.0,"[1.0, 4.0, 3.0, 4.0, 3.0]",1.0,112.0,0.3794228260035306,111.0,other,other,9,2.0,0.0,1.0,1.0,False,14.0
3688,2021-04-29 12:15:50,97930,99364.0,False,0.0,3.0,1.0,49.166656,-89.28339,0.0,False,2.0,1.0,2.09,"{'bias': 60.0, 'name': 'BST'}",Android,-254015.0,-272.5326,7.0,True,False,0.0,1.0,1.0,1.0,1.0,False,False,"[1.0, 2.0, 3.0, 4.0, 5.0, 0.0, -0.0]","[1.0, 2.0, 3.0, 4.0, 5.0, 0.0, -0.0]",769.0,99364.0,6.0,102772.0,0.0,0.0,6.0,6.0,False,180.0,15.0,True,11.0,True,False,-36.0,36.0,,,769.0,5.0,0.9996929925550696,5.0,5.0,first,10,38.0,36.0,1.0,37.0,False,14.0
3688,2021-04-29 12:15:50,97930,99773.0,False,0.0,3.0,1.0,-65.83334,-97.62213,0.0,False,3.0,1.0,2.09,"{'bias': 60.0, 'name': 'BST'}",Android,409.0,106.661255,7.0,False,False,0.0,2.0,2.0,2.0,2.0,False,False,"[1.0, 2.0, 3.0, 4.0, 5.0, 0.0, -0.0]","[1.0, 2.0, 3.0, 4.0, 5.0, 0.0, -0.0]",769.0,99364.0,6.0,102772.0,0.0,0.0,6.0,6.0,False,180.0,15.0,True,11.0,True,False,-36.0,36.0,36.0,,769.0,5.0,0.9996929925550696,5.0,5.0,5.0,10,38.0,36.0,1.0,37.0,False,14.0
3688,2021-04-29 12:15:50,97930,100311.0,False,0.0,3.0,1.0,-136.66667,10.781738,0.0,False,4.0,1.0,2.09,"{'bias': 60.0, 'name': 'BST'}",Android,538.0,179.2372,7.0,False,False,0.0,3.0,3.0,3.0,3.0,False,False,"[1.0, 2.0, 3.0, 4.0, 5.0, 0.0, -0.0]","[1.0, 2.0, 3.0, 4.0, 5.0, 0.0, -0.0]",769.0,99364.0,6.0,102772.0,0.0,0.0,6.0,6.0,False,180.0,15.0,True,11.0,True,False,-36.0,36.0,36.0,,769.0,5.0,0.9996929925550696,5.0,5.0,5.0,10,38.0,36.0,1.0,37.0,False,14.0
3688,2021-04-29 12:15:50,97930,100618.0,False,0.0,3.0,1.0,-90.83334,94.16937,0.0,False,5.0,1.0,2.09,"{'bias': 60.0, 'name': 'BST'}",Android,307.0,37.554306,7.0,False,False,0.0,4.0,4.0,4.0,4.0,False,False,"[1.0, 2.0, 3.0, 4.0, 5.0, 0.0, -0.0]","[1.0, 2.0, 3.0, 4.0, 5.0, 0.0, -0.0]",769.0,99364.0,6.0,102772.0,0.0,0.0,6.0,6.0,False,180.0,15.0,True,11.0,True,False,-36.0,36.0,36.0,,769.0,5.0,0.9996929925550696,5.0,5.0,5.0,10,38.0,36.0,1.0,37.0,False,14.0
3688,2021-04-29 12:15:50,97930,100916.0,False,0.0,3.0,1.0,45.833313,115.85016,0.0,False,6.0,1.0,2.09,"{'bias': 60.0, 'name': 'BST'}",Android,298.0,-114.98587,7.0,False,False,0.0,5.0,5.0,5.0,5.0,False,False,"[1.0, 2.0, 3.0, 4.0, 5.0, 0.0, -0.0]","[1.0, 2.0, 3.0, 4.0, 5.0, 0.0, -0.0]",769.0,99364.0,6.0,102772.0,0.0,0.0,6.0,6.0,False,180.0,15.0,True,11.0,True,False,-36.0,36.0,36.0,,769.0,5.0,0.9996929925550696,5.0,5.0,5.0,10,38.0,36.0,1.0,37.0,False,14.0
3688,2021-04-29 12:15:50,97930,101312.0,False,0.0,3.0,1.0,112.5,11.615601,0.0,False,1.0,1.0,2.09,"{'bias': 60.0, 'name': 'BST'}",Android,396.0,-170.90125,7.0,False,False,0.0,0.0,0.0,0.0,0.0,False,False,"[1.0, 2.0, 3.0, 4.0, 5.0, 0.0, -0.0]","[1.0, 2.0, 3.0, 4.0, 5.0, 0.0, -0.0]",769.0,99364.0,6.0,102772.0,0.0,0.0,6.0,6.0,False,180.0,15.0,True,11.0,True,False,-36.0,36.0,36.0,,769.0,5.0,0.9996929925550696,5.0,5.0,5.0,10,38.0,36.0,1.0,37.0,False,14.0
3688,2021-04-29 12:15:50,97930,102485.0,False,0.0,3.0,1.0,-42.5,-0.058655,0.0,True,1.0,1.0,2.09,"{'bias': 60.0, 'name': 'BST'}",Android,1173.0,143.32574,7.0,False,True,0.0,0.0,0.0,-0.0,-0.0,True,False,"[1.0, 2.0, 3.0, 4.0, 5.0, 0.0, -0.0]","[1.0, 2.0, 3.0, 4.0, 5.0, 0.0, -0.0]",769.0,99364.0,6.0,102772.0,0.0,0.0,6.0,6.0,False,180.0,15.0,True,11.0,True,False,-36.0,36.0,36.0,,769.0,5.0,0.9996929925550696,5.0,5.0,5.0,10,38.0,36.0,1.0,37.0,False,14.0
3688,2021-04-29 12:15:50,97930,119914.0,False,0.0,4.0,2.0,-180.0,-26.742676,0.0,False,4.0,1.0,2.09,"{'bias': 60.0, 'name': 'BST'}",Android,17429.0,110.81598,4.0,True,False,0.0,3.0,3.0,3.0,3.0,False,False,"[3.0, 5.0, 3.0, 0.0]","[3.0, 5.0, 3.0, 0.0]",9.0,119914.0,6.0,126646.0,0.0,0.0,7.0,6.0,False,180.0,15.0,True,11.0,True,False,-36.0,0.0,,"[1.0, 2.0, 3.0, 4.0, 5.0, 0.0, -0.0]",9.0,104.0,0.9603960396039604,5.0,other,5.0,11,38.0,0.0,2.0,36.0,False,14.0
3688,2021-04-29 12:15:50,97930,121278.0,False,0.0,4.0,2.0,48.333313,104.1759,0.0,False,6.0,1.0,2.09,"{'bias': 60.0, 'name': 'BST'}",Android,1364.0,-97.414734,4.0,False,False,0.0,5.0,5.0,5.0,5.0,False,False,"[3.0, 5.0, 3.0, 0.0]","[3.0, 5.0, 3.0, 0.0]",9.0,119914.0,6.0,126646.0,0.0,0.0,7.0,6.0,False,180.0,15.0,True,11.0,True,False,-36.0,0.0,0.0,"[1.0, 2.0, 3.0, 4.0, 5.0, 0.0, -0.0]",9.0,104.0,0.9603960396039604,5.0,other,5.0,11,38.0,0.0,2.0,36.0,False,14.0
3688,2021-04-29 12:15:50,97930,125047.0,False,0.0,4.0,2.0,-182.5,24.957642,0.0,False,4.0,1.0,2.09,"{'bias': 60.0, 'name': 'BST'}",Android,3769.0,151.61505,4.0,False,False,0.0,3.0,3.0,3.0,3.0,False,False,"[3.0, 5.0, 3.0, 0.0]","[3.0, 5.0, 3.0, 0.0]",9.0,119914.0,6.0,126646.0,0.0,0.0,7.0,6.0,False,180.0,15.0,True,11.0,True,False,-36.0,0.0,0.0,"[1.0, 2.0, 3.0, 4.0, 5.0, 0.0, -0.0]",9.0,104.0,0.9603960396039604,5.0,other,5.0,11,38.0,0.0,2.0,36.0,False,14.0
3688,2021-04-29 12:15:50,97930,126046.0,False,0.0,4.0,2.0,119.16666,25.791504,0.0,False,1.0,1.0,2.09,"{'bias': 60.0, 'name': 'BST'}",Android,999.0,-300.8328,4.0,False,True,0.0,0.0,0.0,0.0,0.0,False,False,"[3.0, 5.0, 3.0, 0.0]","[3.0, 5.0, 3.0, 0.0]",9.0,119914.0,6.0,126646.0,0.0,0.0,7.0,6.0,False,180.0,15.0,True,11.0,True,False,-36.0,0.0,0.0,"[1.0, 2.0, 3.0, 4.0, 5.0, 0.0, -0.0]",9.0,104.0,0.9603960396039604,5.0,other,5.0,11,38.0,0.0,2.0,36.0,False,14.0
3688,2021-04-29 12:15:50,97930,130487.0,False,0.0,4.0,3.0,37.5,-108.462524,0.0,False,2.0,1.0,2.09,"{'bias': 60.0, 'name': 'BST'}",Android,4441.0,-52.58737,5.0,True,False,0.0,1.0,1.0,1.0,1.0,False,False,"[1.0, 4.0, 5.0, 0.0, -0.0]","[1.0, 4.0, 5.0, 0.0, -0.0]",9.0,130487.0,6.0,135629.0,0.0,0.0,6.0,6.0,False,180.0,15.0,True,11.0,True,False,-36.0,36.0,,"[3.0, 5.0, 3.0, 0.0]",9.0,104.0,0.9603960396039604,104.0,other,other,12,74.0,36.0,2.0,72.0,False,14.0
3688,2021-04-29 12:15:50,97930,131865.0,False,0.0,4.0,3.0,-83.33334,135.0293,0.0,False,5.0,1.0,2.09,"{'bias': 60.0, 'name': 'BST'}",Android,1378.0,364.32516,5.0,False,False,0.0,4.0,4.0,4.0,4.0,False,False,"[1.0, 4.0, 5.0, 0.0, -0.0]","[1.0, 4.0, 5.0, 0.0, -0.0]",9.0,130487.0,6.0,135629.0,0.0,0.0,6.0,6.0,False,180.0,15.0,True,11.0,True,False,-36.0,36.0,36.0,"[3.0, 5.0, 3.0, 0.0]",9.0,104.0,0.9603960396039604,104.0,other,other,12,74.0,36.0,2.0,72.0,False,14.0
3688,2021-04-29 12:15:50,97930,133551.0,False,0.0,4.0,3.0,30.833313,139.19867,0.0,False,6.0,1.0,2.09,"{'bias': 60.0, 'name': 'BST'}",Android,1686.0,-109.997284,5.0,False,False,0.0,5.0,5.0,5.0,5.0,False,False,"[1.0, 4.0, 5.0, 0.0, -0.0]","[1.0, 4.0, 5.0, 0.0, -0.0]",9.0,130487.0,6.0,135629.0,0.0,0.0,6.0,6.0,False,180.0,15.0,True,11.0,True,False,-36.0,36.0,36.0,"[3.0, 5.0, 3.0, 0.0]",9.0,104.0,0.9603960396039604,104.0,other,other,12,74.0,36.0,2.0,72.0,False,14.0
3688,2021-04-29 12:15:50,97930,134202.0,False,0.0,4.0,3.0,114.16666,19.954407,0.0,False,1.0,1.0,2.09,"{'bias': 60.0, 'name': 'BST'}",Android,651.0,-202.5776,5.0,False,False,0.0,0.0,0.0,0.0,0.0,False,False,"[1.0, 4.0, 5.0, 0.0, -0.0]","[1.0, 4.0, 5.0, 0.0, -0.0]",9.0,130487.0,6.0,135629.0,0.0,0.0,6.0,6.0,False,180.0,15.0,True,11.0,True,False,-36.0,36.0,36.0,"[3.0, 5.0, 3.0, 0.0]",9.0,104.0,0.9603960396039604,104.0,other,other,12,74.0,36.0,2.0,72.0,False,14.0
3688,2021-04-29 12:15:50,97930,135343.0,False,0.0,4.0,3.0,-48.333344,-1.726379,0.0,True,1.0,1.0,2.09,"{'bias': 60.0, 'name': 'BST'}",Android,1141.0,140.81921,5.0,False,True,0.0,0.0,0.0,-0.0,-0.0,True,False,"[1.0, 4.0, 5.0, 0.0, -0.0]","[1.0, 4.0, 5.0, 0.0, -0.0]",9.0,130487.0,6.0,135629.0,0.0,0.0,6.0,6.0,False,180.0,15.0,True,11.0,True,False,-36.0,36.0,36.0,"[3.0, 5.0, 3.0, 0.0]",9.0,104.0,0.9603960396039604,104.0,other,other,12,74.0,36.0,2.0,72.0,False,14.0
3688,2021-04-29 12:15:50,97930,138625.0,False,0.0,2.0,4.0,38.333313,-135.98047,0.0,False,2.0,1.0,2.09,"{'bias': 60.0, 'name': 'BST'}",Android,3282.0,-220.92075,3.0,True,False,0.0,1.0,1.0,1.0,1.0,False,False,"[1.0, 4.0, -0.0]","[1.0, 4.0, -0.0]",15.0,138625.0,6.0,142791.0,0.0,0.0,6.0,6.0,False,180.0,15.0,True,11.0,True,False,-36.0,36.0,,"[1.0, 4.0, 5.0, 0.0, -0.0]",15.0,98.0,0.976897689768977,104.0,other,other,13,110.0,36.0,2.0,108.0,False,14.0
3688,2021-04-29 12:15:50,97930,139755.0,False,0.0,2.0,4.0,-94.16667,127.524414,0.0,False,5.0,1.0,2.09,"{'bias': 60.0, 'name': 'BST'}",Android,1130.0,396.00488,3.0,False,False,0.0,4.0,4.0,4.0,4.0,False,False,"[1.0, 4.0, -0.0]","[1.0, 4.0, -0.0]",15.0,138625.0,6.0,142791.0,0.0,0.0,6.0,6.0,False,180.0,15.0,True,11.0,True,False,-36.0,36.0,36.0,"[1.0, 4.0, 5.0, 0.0, -0.0]",15.0,98.0,0.976897689768977,104.0,other,other,13,110.0,36.0,2.0,108.0,False,14.0
3688,2021-04-29 12:15:50,97930,141875.0,False,0.0,2.0,4.0,-176.66667,9.114014,0.0,True,1.0,1.0,2.09,"{'bias': 60.0, 'name': 'BST'}",Android,2120.0,-35.9104,3.0,False,True,0.0,0.0,0.0,-0.0,-0.0,True,False,"[1.0, 4.0, -0.0]","[1.0, 4.0, -0.0]",15.0,138625.0,6.0,142791.0,0.0,0.0,6.0,6.0,False,180.0,15.0,True,11.0,True,False,-36.0,36.0,36.0,"[1.0, 4.0, 5.0, 0.0, -0.0]",15.0,98.0,0.976897689768977,104.0,other,other,13,110.0,36.0,2.0,108.0,False,14.0
3688,2021-04-29 12:15:50,97930,153992.0,False,0.0,0.0,5.0,53.333313,-140.9837,0.0,False,2.0,1.0,2.09,"{'bias': 60.0, 'name': 'BST'}",Android,12117.0,-380.09772,3.0,True,False,0.0,1.0,1.0,1.0,1.0,False,False,"[1.0, 4.0, -0.0]","[1.0, 4.0, -0.0]",15.0,153992.0,6.0,157373.0,0.0,0.0,6.0,6.0,False,180.0,15.0,True,11.0,True,False,-36.0,36.0,,"[1.0, 4.0, -0.0]",15.0,98.0,0.976897689768977,98.0,other,other,14,146.0,36.0,2.0,144.0,True,14.0
3688,2021-04-29 12:15:50,97930,154742.0,False,0.0,0.0,5.0,-96.66667,130.85992,0.0,False,5.0,1.0,2.09,"{'bias': 60.0, 'name': 'BST'}",Android,750.0,421.84363,3.0,False,False,0.0,4.0,4.0,4.0,4.0,False,False,"[1.0, 4.0, -0.0]","[1.0, 4.0, -0.0]",15.0,153992.0,6.0,157373.0,0.0,0.0,6.0,6.0,False,180.0,15.0,True,11.0,True,False,-36.0,36.0,36.0,"[1.0, 4.0, -0.0]",15.0,98.0,0.976897689768977,98.0,other,other,14,146.0,36.0,2.0,144.0,True,14.0
3688,2021-04-29 12:15:50,97930,156454.0,False,0.0,0.0,5.0,-100.83334,-26.742676,0.0,True,1.0,1.0,2.09,"{'bias': 60.0, 'name': 'BST'}",Android,1712.0,-153.43593,3.0,False,True,0.0,0.0,0.0,-0.0,-0.0,True,False,"[1.0, 4.0, -0.0]","[1.0, 4.0, -0.0]",15.0,153992.0,6.0,157373.0,0.0,0.0,6.0,6.0,False,180.0,15.0,True,11.0,True,False,-36.0,36.0,36.0,"[1.0, 4.0, -0.0]",15.0,98.0,0.976897689768977,98.0,other,other,14,146.0,36.0,2.0,144.0,True,14.0
3688,2021-04-29 12:15:50,97930,161389.0,False,0.0,1.0,6.0,58.333313,-109.29645,0.0,False,2.0,1.0,2.09,"{'bias': 60.0, 'name': 'BST'}",Android,4935.0,-241.72043,3.0,True,False,0.0,1.0,1.0,1.0,1.0,False,False,"[1.0, 4.0, -0.0]","[1.0, 4.0, -0.0]",15.0,161389.0,6.0,164406.0,0.0,0.0,6.0,6.0,True,180.0,15.0,True,11.0,True,False,-36.0,36.0,,"[1.0, 4.0, -0.0]",15.0,98.0,0.976897689768977,98.0,other,other,15,182.0,36.0,2.0,180.0,True,14.0
3688,2021-04-29 12:15:50,97930,162023.0,False,0.0,1.0,6.0,-76.66667,110.013,0.0,False,5.0,1.0,2.09,"{'bias': 60.0, 'name': 'BST'}",Android,634.0,354.30945,3.0,False,False,0.0,4.0,4.0,4.0,4.0,False,False,"[1.0, 4.0, -0.0]","[1.0, 4.0, -0.0]",15.0,161389.0,6.0,164406.0,0.0,0.0,6.0,6.0,True,180.0,15.0,True,11.0,True,False,-36.0,36.0,36.0,"[1.0, 4.0, -0.0]",15.0,98.0,0.976897689768977,98.0,other,other,15,182.0,36.0,2.0,180.0,True,14.0
3688,2021-04-29 12:15:50,97930,163499.0,False,0.0,1.0,6.0,-179.16667,-13.400635,0.0,True,1.0,1.0,2.09,"{'bias': 60.0, 'name': 'BST'}",Android,1476.0,-20.913635,3.0,False,True,0.0,0.0,0.0,-0.0,-0.0,True,False,"[1.0, 4.0, -0.0]","[1.0, 4.0, -0.0]",15.0,161389.0,6.0,164406.0,0.0,0.0,6.0,6.0,True,180.0,15.0,True,11.0,True,False,-36.0,36.0,36.0,"[1.0, 4.0, -0.0]",15.0,98.0,0.976897689768977,98.0,other,other,15,182.0,36.0,2.0,180.0,True,14.0
3688,2021-04-25 20:07:37,105049,112088.0,False,0.0,1.0,1.0,37.5,146.70355,0.0,False,6.0,1.0,2.09,"{'bias': 60.0, 'name': 'BST'}",Android,15472.0,-124.92459,4.0,True,False,0.0,5.0,5.0,5.0,5.0,False,False,"[5.0, 3.0, 1.0, 5.0]","[5.0, 3.0, 1.0, 5.0]",12.0,112088.0,3.0,121997.0,0.0,0.0,7.0,3.0,False,0.0,2.0,False,11.0,True,True,0.0,0.0,,,12.0,101.0,0.970488909356052,112.0,other,first,16,182.0,0.0,38.0,144.0,True,14.0
3688,2021-04-25 20:07:37,105049,117923.0,False,0.0,1.0,1.0,-220.83334,5.778503,0.0,False,4.0,1.0,2.09,"{'bias': 60.0, 'name': 'BST'}",Android,5835.0,117.408295,4.0,False,False,0.0,3.0,3.0,3.0,3.0,False,False,"[5.0, 3.0, 1.0, 5.0]","[5.0, 3.0, 1.0, 5.0]",12.0,112088.0,3.0,121997.0,0.0,0.0,7.0,3.0,False,0.0,2.0,False,11.0,True,True,0.0,0.0,0.0,,12.0,101.0,0.970488909356052,112.0,other,other,16,182.0,0.0,38.0,144.0,True,14.0
3688,2021-04-25 20:07:37,105049,119533.0,False,0.0,1.0,1.0,61.666656,-115.133545,0.0,False,2.0,1.0,2.09,"{'bias': 60.0, 'name': 'BST'}",Android,1610.0,-403.41205,4.0,False,False,0.0,1.0,1.0,1.0,1.0,False,False,"[5.0, 3.0, 1.0, 5.0]","[5.0, 3.0, 1.0, 5.0]",12.0,112088.0,3.0,121997.0,0.0,0.0,7.0,3.0,False,0.0,2.0,False,11.0,True,True,0.0,0.0,0.0,,12.0,101.0,0.970488909356052,112.0,other,other,16,182.0,0.0,38.0,144.0,True,14.0
3688,2021-04-25 20:07:37,105049,121386.0,False,0.0,1.0,1.0,49.166656,120.01953,0.0,False,6.0,1.0,2.09,"{'bias': 60.0, 'name': 'BST'}",Android,1853.0,247.65308,4.0,False,True,0.0,5.0,5.0,5.0,5.0,False,False,"[5.0, 3.0, 1.0, 5.0]","[5.0, 3.0, 1.0, 5.0]",12.0,112088.0,3.0,121997.0,0.0,0.0,7.0,3.0,False,0.0,2.0,False,11.0,True,True,0.0,0.0,0.0,,12.0,101.0,0.970488909356052,112.0,other,other,16,182.0,0.0,38.0,144.0,True,14.0
3688,2021-04-25 20:07:37,105049,124827.0,False,0.0,1.0,2.0,37.5,-105.127014,0.0,False,2.0,1.0,2.09,"{'bias': 60.0, 'name': 'BST'}",Android,3441.0,-213.47989,4.0,True,False,0.0,1.0,1.0,1.0,1.0,False,False,"[1.0, 5.0, 3.0, 1.0]","[1.0, 5.0, 3.0, 1.0]",10.0,124827.0,3.0,129925.0,0.0,0.0,7.0,3.0,False,0.0,2.0,False,11.0,True,True,0.0,0.0,,"[5.0, 3.0, 1.0, 5.0]",10.0,103.0,0.9647325197636044,101.0,other,other,17,182.0,0.0,38.0,144.0,True,14.0
3688,2021-04-25 20:07:37,105049,126601.0,False,0.0,1.0,2.0,73.33331,145.03583,0.0,False,6.0,1.0,2.09,"{'bias': 60.0, 'name': 'BST'}",Android,1774.0,214.32953,4.0,False,False,0.0,5.0,5.0,5.0,5.0,False,False,"[1.0, 5.0, 3.0, 1.0]","[1.0, 5.0, 3.0, 1.0]",10.0,124827.0,3.0,129925.0,0.0,0.0,7.0,3.0,False,0.0,2.0,False,11.0,True,True,0.0,0.0,0.0,"[5.0, 3.0, 1.0, 5.0]",10.0,103.0,0.9647325197636044,101.0,other,other,17,182.0,0.0,38.0,144.0,True,14.0
3688,2021-04-25 20:07:37,105049,127954.0,False,0.0,1.0,2.0,-195.0,17.452759,0.0,False,4.0,1.0,2.09,"{'bias': 60.0, 'name': 'BST'}",Android,1353.0,140.75024,4.0,False,False,0.0,3.0,3.0,3.0,3.0,False,False,"[1.0, 5.0, 3.0, 1.0]","[1.0, 5.0, 3.0, 1.0]",10.0,124827.0,3.0,129925.0,0.0,0.0,7.0,3.0,False,0.0,2.0,False,11.0,True,True,0.0,0.0,0.0,"[5.0, 3.0, 1.0, 5.0]",10.0,103.0,0.9647325197636044,101.0,other,other,17,182.0,0.0,38.0,144.0,True,14.0
3688,2021-04-25 20:07:37,105049,129328.0,False,0.0,1.0,2.0,55.833313,-99.28992,0.0,False,2.0,1.0,2.09,"{'bias': 60.0, 'name': 'BST'}",Android,1374.0,-367.576,4.0,False,True,0.0,1.0,1.0,1.0,1.0,False,False,"[1.0, 5.0, 3.0, 1.0]","[1.0, 5.0, 3.0, 1.0]",10.0,124827.0,3.0,129925.0,0.0,0.0,7.0,3.0,False,0.0,2.0,False,11.0,True,True,0.0,0.0,0.0,"[5.0, 3.0, 1.0, 5.0]",10.0,103.0,0.9647325197636044,101.0,other,other,17,182.0,0.0,38.0,144.0,True,14.0
3688,2021-04-25 20:07:37,105049,132802.0,False,0.0,1.0,3.0,-202.5,54.977173,0.0,False,4.0,1.0,2.09,"{'bias': 60.0, 'name': 'BST'}",Android,3474.0,412.6004,5.0,True,False,0.0,3.0,3.0,3.0,3.0,False,False,"[3.0, 0.0, 5.0, 4.0, 2.0]","[3.0, 0.0, 5.0, 4.0, 2.0]",3.0,132802.0,3.0,138494.0,0.0,0.0,7.0,3.0,True,0.0,2.0,False,11.0,True,True,0.0,0.0,,"[1.0, 5.0, 3.0, 1.0]",3.0,110.0,0.8773121498196331,103.0,other,other,18,182.0,0.0,74.0,108.0,False,14.0
3688,2021-04-25 20:07:37,105049,134015.0,False,0.0,1.0,3.0,114.16666,-1.726379,0.0,False,1.0,1.0,2.09,"{'bias': 60.0, 'name': 'BST'}",Android,1213.0,-373.3702,5.0,False,False,0.0,0.0,0.0,0.0,0.0,False,False,"[3.0, 0.0, 5.0, 4.0, 2.0]","[3.0, 0.0, 5.0, 4.0, 2.0]",3.0,132802.0,3.0,138494.0,0.0,0.0,7.0,3.0,True,0.0,2.0,False,11.0,True,True,0.0,0.0,0.0,"[1.0, 5.0, 3.0, 1.0]",3.0,110.0,0.8773121498196331,103.0,other,other,18,182.0,0.0,74.0,108.0,False,14.0
3688,2021-04-25 20:07:37,105049,135644.0,False,0.0,1.0,3.0,15.0,121.68732,0.0,False,6.0,1.0,2.09,"{'bias': 60.0, 'name': 'BST'}",Android,1629.0,222.58035,5.0,False,False,0.0,5.0,5.0,5.0,5.0,False,False,"[3.0, 0.0, 5.0, 4.0, 2.0]","[3.0, 0.0, 5.0, 4.0, 2.0]",3.0,132802.0,3.0,138494.0,0.0,0.0,7.0,3.0,True,0.0,2.0,False,11.0,True,True,0.0,0.0,0.0,"[1.0, 5.0, 3.0, 1.0]",3.0,110.0,0.8773121498196331,103.0,other,other,18,182.0,0.0,74.0,108.0,False,14.0
3688,2021-04-25 20:07:37,105049,136600.0,False,0.0,1.0,3.0,-103.33334,110.846924,0.0,False,5.0,1.0,2.09,"{'bias': 60.0, 'name': 'BST'}",Android,956.0,107.49295,5.0,False,False,0.0,4.0,4.0,4.0,4.0,False,False,"[3.0, 0.0, 5.0, 4.0, 2.0]","[3.0, 0.0, 5.0, 4.0, 2.0]",3.0,132802.0,3.0,138494.0,0.0,0.0,7.0,3.0,True,0.0,2.0,False,11.0,True,True,0.0,0.0,0.0,"[1.0, 5.0, 3.0, 1.0]",3.0,110.0,0.8773121498196331,103.0,other,other,18,182.0,0.0,74.0,108.0,False,14.0
3688,2021-04-25 20:07:37,105049,138212.0,False,0.0,1.0,3.0,-135.0,-125.97394,0.0,False,3.0,1.0,2.09,"{'bias': 60.0, 'name': 'BST'}",Android,1612.0,-205.1542,5.0,False,True,0.0,2.0,2.0,2.0,2.0,False,False,"[3.0, 0.0, 5.0, 4.0, 2.0]","[3.0, 0.0, 5.0, 4.0, 2.0]",3.0,132802.0,3.0,138494.0,0.0,0.0,7.0,3.0,True,0.0,2.0,False,11.0,True,True,0.0,0.0,0.0,"[1.0, 5.0, 3.0, 1.0]",3.0,110.0,0.8773121498196331,103.0,other,other,18,182.0,0.0,74.0,108.0,False,14.0
3688,2021-04-25 20:08:20,148155,150229.0,False,0.0,2.0,1.0,123.33331,-2.560242,0.0,False,1.0,1.0,2.09,"{'bias': 60.0, 'name': 'BST'}",Android,12017.0,-134.91962,8.0,True,False,0.0,0.0,0.0,0.0,0.0,False,False,"[0.0, 0.0, 0.0, 0.0, 0.0, 0.0, 0.0, 0.0]","[0.0, 0.0, 0.0, 0.0, 0.0, 0.0, 0.0, 0.0]",342.0,150229.0,3.0,154906.0,0.0,0.0,7.0,3.0,False,0.0,3.0,False,11.0,True,True,0.0,0.0,,,341.0,12.0,0.9990789776652084,110.0,12.0,first,19,182.0,0.0,110.0,72.0,False,14.0
3688,2021-04-25 20:08:20,148155,151688.0,False,0.0,2.0,1.0,122.5,21.622131,0.0,False,1.0,1.0,2.09,"{'bias': 60.0, 'name': 'BST'}",Android,1459.0,25.015686,8.0,False,False,0.0,0.0,0.0,0.0,0.0,False,False,"[0.0, 0.0, 0.0, 0.0, 0.0, 0.0, 0.0, 0.0]","[0.0, 0.0, 0.0, 0.0, 0.0, 0.0, 0.0, 0.0]",342.0,150229.0,3.0,154906.0,0.0,0.0,7.0,3.0,False,0.0,3.0,False,11.0,True,True,0.0,0.0,0.0,,341.0,12.0,0.9990789776652084,110.0,12.0,other,19,182.0,0.0,110.0,72.0,False,14.0
3688,2021-04-25 20:08:20,148155,153369.0,False,0.0,2.0,1.0,147.5,26.625427,0.0,False,1.0,1.0,2.09,"{'bias': 60.0, 'name': 'BST'}",Android,1681.0,-19.996704,8.0,False,False,0.0,0.0,0.0,0.0,0.0,False,False,"[0.0, 0.0, 0.0, 0.0, 0.0, 0.0, 0.0, 0.0]","[0.0, 0.0, 0.0, 0.0, 0.0, 0.0, 0.0, 0.0]",342.0,150229.0,3.0,154906.0,0.0,0.0,7.0,3.0,False,0.0,3.0,False,11.0,True,True,0.0,0.0,0.0,,341.0,12.0,0.9990789776652084,110.0,12.0,other,19,182.0,0.0,110.0,72.0,False,14.0
3688,2021-04-25 20:08:20,148155,153562.0,False,0.0,2.0,1.0,150.0,27.45929,0.0,False,1.0,1.0,2.09,"{'bias': 60.0, 'name': 'BST'}",Android,193.0,-1.6661377,8.0,False,False,0.0,0.0,0.0,0.0,0.0,False,False,"[0.0, 0.0, 0.0, 0.0, 0.0, 0.0, 0.0, 0.0]","[0.0, 0.0, 0.0, 0.0, 0.0, 0.0, 0.0, 0.0]",342.0,150229.0,3.0,154906.0,0.0,0.0,7.0,3.0,False,0.0,3.0,False,11.0,True,True,0.0,0.0,0.0,,341.0,12.0,0.9990789776652084,110.0,12.0,other,19,182.0,0.0,110.0,72.0,False,14.0
3688,2021-04-25 20:08:20,148155,153743.0,False,0.0,2.0,1.0,147.5,24.12378,0.0,False,1.0,1.0,2.09,"{'bias': 60.0, 'name': 'BST'}",Android,181.0,-0.83551025,8.0,False,False,0.0,0.0,0.0,0.0,0.0,False,False,"[0.0, 0.0, 0.0, 0.0, 0.0, 0.0, 0.0, 0.0]","[0.0, 0.0, 0.0, 0.0, 0.0, 0.0, 0.0, 0.0]",342.0,150229.0,3.0,154906.0,0.0,0.0,7.0,3.0,False,0.0,3.0,False,11.0,True,True,0.0,0.0,0.0,,341.0,12.0,0.9990789776652084,110.0,12.0,other,19,182.0,0.0,110.0,72.0,False,14.0
3688,2021-04-25 20:08:20,148155,153894.0,False,0.0,2.0,1.0,153.33331,26.625427,0.0,False,1.0,1.0,2.09,"{'bias': 60.0, 'name': 'BST'}",Android,151.0,-3.331665,8.0,False,False,0.0,0.0,0.0,0.0,0.0,False,False,"[0.0, 0.0, 0.0, 0.0, 0.0, 0.0, 0.0, 0.0]","[0.0, 0.0, 0.0, 0.0, 0.0, 0.0, 0.0, 0.0]",342.0,150229.0,3.0,154906.0,0.0,0.0,7.0,3.0,False,0.0,3.0,False,11.0,True,True,0.0,0.0,0.0,,341.0,12.0,0.9990789776652084,110.0,12.0,other,19,182.0,0.0,110.0,72.0,False,14.0
3688,2021-04-25 20:08:20,148155,154076.0,False,0.0,2.0,1.0,157.5,21.622131,0.0,False,1.0,1.0,2.09,"{'bias': 60.0, 'name': 'BST'}",Android,182.0,-9.169983,8.0,False,False,0.0,0.0,0.0,0.0,0.0,False,False,"[0.0, 0.0, 0.0, 0.0, 0.0, 0.0, 0.0, 0.0]","[0.0, 0.0, 0.0, 0.0, 0.0, 0.0, 0.0, 0.0]",342.0,150229.0,3.0,154906.0,0.0,0.0,7.0,3.0,False,0.0,3.0,False,11.0,True,True,0.0,0.0,0.0,,341.0,12.0,0.9990789776652084,110.0,12.0,other,19,182.0,0.0,110.0,72.0,False,14.0
3688,2021-04-25 20:08:20,148155,154250.0,False,0.0,2.0,1.0,159.16666,23.289917,0.0,False,1.0,1.0,2.09,"{'bias': 60.0, 'name': 'BST'}",Android,174.0,0.0011291504,8.0,False,True,0.0,0.0,0.0,0.0,0.0,False,False,"[0.0, 0.0, 0.0, 0.0, 0.0, 0.0, 0.0, 0.0]","[0.0, 0.0, 0.0, 0.0, 0.0, 0.0, 0.0, 0.0]",342.0,150229.0,3.0,154906.0,0.0,0.0,7.0,3.0,False,0.0,3.0,False,11.0,True,True,0.0,0.0,0.0,,341.0,12.0,0.9990789776652084,110.0,12.0,other,19,182.0,0.0,110.0,72.0,False,14.0
3688,2021-04-25 20:08:20,148155,160600.0,False,0.0,2.0,2.0,-212.5,-2.560242,0.0,False,4.0,1.0,2.09,"{'bias': 60.0, 'name': 'BST'}",Android,6350.0,345.8165,7.0,True,False,0.0,3.0,3.0,3.0,3.0,False,False,"[3.0, 3.0, 3.0, 3.0, 3.0, 3.0, 3.0]","[3.0, 3.0, 3.0, 3.0, 3.0, 3.0, 3.0]",289.0,160600.0,3.0,166170.0,0.0,0.0,7.0,3.0,False,0.0,3.0,False,11.0,True,True,0.0,0.0,,"[0.0, 0.0, 0.0, 0.0, 0.0, 0.0, 0.0, 0.0]",283.0,18.0,0.9986184664978126,12.0,18.0,12.0,20,182.0,0.0,146.0,36.0,False,14.0
3688,2021-04-25 20:08:20,148155,162107.0,False,0.0,2.0,2.0,-179.16667,5.778503,0.0,False,4.0,1.0,2.09,"{'bias': 60.0, 'name': 'BST'}",Android,1507.0,-24.994583,7.0,False,False,0.0,3.0,3.0,3.0,3.0,False,False,"[3.0, 3.0, 3.0, 3.0, 3.0, 3.0, 3.0]","[3.0, 3.0, 3.0, 3.0, 3.0, 3.0, 3.0]",289.0,160600.0,3.0,166170.0,0.0,0.0,7.0,3.0,False,0.0,3.0,False,11.0,True,True,0.0,0.0,0.0,"[0.0, 0.0, 0.0, 0.0, 0.0, 0.0, 0.0, 0.0]",283.0,18.0,0.9986184664978126,12.0,18.0,12.0,20,182.0,0.0,146.0,36.0,False,14.0
3688,2021-04-25 20:08:20,148155,163251.0,False,0.0,2.0,2.0,-211.66667,5.778503,0.0,False,4.0,1.0,2.09,"{'bias': 60.0, 'name': 'BST'}",Android,1144.0,32.5,7.0,False,False,0.0,3.0,3.0,3.0,3.0,False,False,"[3.0, 3.0, 3.0, 3.0, 3.0, 3.0, 3.0]","[3.0, 3.0, 3.0, 3.0, 3.0, 3.0, 3.0]",289.0,160600.0,3.0,166170.0,0.0,0.0,7.0,3.0,False,0.0,3.0,False,11.0,True,True,0.0,0.0,0.0,"[0.0, 0.0, 0.0, 0.0, 0.0, 0.0, 0.0, 0.0]",283.0,18.0,0.9986184664978126,12.0,18.0,12.0,20,182.0,0.0,146.0,36.0,False,14.0
3688,2021-04-25 20:08:20,148155,163496.0,False,0.0,2.0,2.0,-210.0,1.609131,0.0,False,4.0,1.0,2.09,"{'bias': 60.0, 'name': 'BST'}",Android,245.0,-5.836044,7.0,False,False,0.0,3.0,3.0,3.0,3.0,False,False,"[3.0, 3.0, 3.0, 3.0, 3.0, 3.0, 3.0]","[3.0, 3.0, 3.0, 3.0, 3.0, 3.0, 3.0]",289.0,160600.0,3.0,166170.0,0.0,0.0,7.0,3.0,False,0.0,3.0,False,11.0,True,True,0.0,0.0,0.0,"[0.0, 0.0, 0.0, 0.0, 0.0, 0.0, 0.0, 0.0]",283.0,18.0,0.9986184664978126,12.0,18.0,12.0,20,182.0,0.0,146.0,36.0,False,14.0
3688,2021-04-25 20:08:20,148155,163687.0,False,0.0,2.0,2.0,-205.0,6.612366,0.0,False,4.0,1.0,2.09,"{'bias': 60.0, 'name': 'BST'}",Android,191.0,0.0032353401,7.0,False,False,0.0,3.0,3.0,3.0,3.0,False,False,"[3.0, 3.0, 3.0, 3.0, 3.0, 3.0, 3.0]","[3.0, 3.0, 3.0, 3.0, 3.0, 3.0, 3.0]",289.0,160600.0,3.0,166170.0,0.0,0.0,7.0,3.0,False,0.0,3.0,False,11.0,True,True,0.0,0.0,0.0,"[0.0, 0.0, 0.0, 0.0, 0.0, 0.0, 0.0, 0.0]",283.0,18.0,0.9986184664978126,12.0,18.0,12.0,20,182.0,0.0,146.0,36.0,False,14.0
3688,2021-04-25 20:08:20,148155,164718.0,False,0.0,2.0,2.0,-201.66667,9.114014,0.0,False,4.0,1.0,2.09,"{'bias': 60.0, 'name': 'BST'}",Android,1031.0,-0.8316808,7.0,False,False,0.0,3.0,3.0,3.0,3.0,False,False,"[3.0, 3.0, 3.0, 3.0, 3.0, 3.0, 3.0]","[3.0, 3.0, 3.0, 3.0, 3.0, 3.0, 3.0]",289.0,160600.0,3.0,166170.0,0.0,0.0,7.0,3.0,False,0.0,3.0,False,11.0,True,True,0.0,0.0,0.0,"[0.0, 0.0, 0.0, 0.0, 0.0, 0.0, 0.0, 0.0]",283.0,18.0,0.9986184664978126,12.0,18.0,12.0,20,182.0,0.0,146.0,36.0,False,14.0
3688,2021-04-25 20:08:20,148155,165868.0,False,0.0,2.0,2.0,-197.5,-1.726379,0.0,False,4.0,1.0,2.09,"{'bias': 60.0, 'name': 'BST'}",Android,1150.0,-15.007065,7.0,False,True,0.0,3.0,3.0,3.0,3.0,False,False,"[3.0, 3.0, 3.0, 3.0, 3.0, 3.0, 3.0]","[3.0, 3.0, 3.0, 3.0, 3.0, 3.0, 3.0]",289.0,160600.0,3.0,166170.0,0.0,0.0,7.0,3.0,False,0.0,3.0,False,11.0,True,True,0.0,0.0,0.0,"[0.0, 0.0, 0.0, 0.0, 0.0, 0.0, 0.0, 0.0]",283.0,18.0,0.9986184664978126,12.0,18.0,12.0,20,182.0,0.0,146.0,36.0,False,14.0
3688,2021-04-25 20:08:20,148155,169303.0,False,0.0,2.0,3.0,-194.16667,-13.400635,0.0,False,4.0,1.0,2.09,"{'bias': 60.0, 'name': 'BST'}",Android,3435.0,-15.007584,4.0,True,False,0.0,3.0,3.0,3.0,3.0,False,False,"[3.0, 1.0, 4.0, 1.0]","[3.0, 1.0, 4.0, 1.0]",12.0,169303.0,3.0,183277.0,0.0,0.0,7.0,3.0,True,0.0,3.0,False,11.0,True,True,0.0,0.0,,"[3.0, 3.0, 3.0, 3.0, 3.0, 3.0, 3.0]",12.0,101.0,0.970488909356052,18.0,other,18.0,21,182.0,0.0,182.0,0.0,False,14.0
3688,2021-04-25 20:08:20,148155,171338.0,False,0.0,2.0,3.0,44.166656,-118.469055,0.0,False,2.0,1.0,2.09,"{'bias': 60.0, 'name': 'BST'}",Android,2035.0,-343.40173,4.0,False,False,0.0,1.0,1.0,1.0,1.0,False,False,"[3.0, 1.0, 4.0, 1.0]","[3.0, 1.0, 4.0, 1.0]",12.0,169303.0,3.0,183277.0,0.0,0.0,7.0,3.0,True,0.0,3.0,False,11.0,True,True,0.0,0.0,0.0,"[3.0, 3.0, 3.0, 3.0, 3.0, 3.0, 3.0]",12.0,101.0,0.970488909356052,18.0,other,18.0,21,182.0,0.0,182.0,0.0,False,14.0
3688,2021-04-25 20:08:20,148155,174329.0,False,0.0,2.0,3.0,-126.66667,138.3648,0.0,False,5.0,1.0,2.09,"{'bias': 60.0, 'name': 'BST'}",Android,2991.0,427.66718,4.0,False,False,0.0,4.0,4.0,4.0,4.0,False,False,"[3.0, 1.0, 4.0, 1.0]","[3.0, 1.0, 4.0, 1.0]",12.0,169303.0,3.0,183277.0,0.0,0.0,7.0,3.0,True,0.0,3.0,False,11.0,True,True,0.0,0.0,0.0,"[3.0, 3.0, 3.0, 3.0, 3.0, 3.0, 3.0]",12.0,101.0,0.970488909356052,18.0,other,18.0,21,182.0,0.0,182.0,0.0,False,14.0
3688,2021-04-25 20:08:20,148155,182978.0,False,0.0,2.0,3.0,27.5,-115.96741,0.0,False,2.0,1.0,2.09,"{'bias': 60.0, 'name': 'BST'}",Android,8649.0,-408.4989,4.0,False,True,0.0,1.0,1.0,1.0,1.0,False,False,"[3.0, 1.0, 4.0, 1.0]","[3.0, 1.0, 4.0, 1.0]",12.0,169303.0,3.0,183277.0,0.0,0.0,7.0,3.0,True,0.0,3.0,False,11.0,True,True,0.0,0.0,0.0,"[3.0, 3.0, 3.0, 3.0, 3.0, 3.0, 3.0]",12.0,101.0,0.970488909356052,18.0,other,18.0,21,182.0,0.0,182.0,0.0,False,14.0
3688,2021-04-25 22:23:31,172296,184642.0,False,0.0,2.0,1.0,6.666656,-19.237793,0.0,False,2.0,1.0,2.09,"{'bias': 60.0, 'name': 'BST'}",Android,123939.0,85.80344,5.0,True,False,0.0,1.0,1.0,1.0,1.0,False,False,"[1.0, 2.0, 4.0, 0.0, 0.0]","[1.0, 2.0, 4.0, 0.0, 0.0]",5.0,184642.0,3.0,202450.0,0.0,0.0,7.0,3.0,False,0.0,13.0,False,11.0,True,False,-1.0,0.0,,,5.0,108.0,0.9266635965922172,112.0,other,first,22,182.0,0.0,182.0,0.0,False,14.0
3688,2021-04-25 22:23:31,172296,191012.0,False,0.0,2.0,1.0,-26.666687,-30.078186,0.0,False,3.0,1.0,2.09,"{'bias': 60.0, 'name': 'BST'}",Android,6370.0,22.49295,5.0,False,False,0.0,2.0,2.0,2.0,2.0,False,False,"[1.0, 2.0, 4.0, 0.0, 0.0]","[1.0, 2.0, 4.0, 0.0, 0.0]",5.0,184642.0,3.0,202450.0,0.0,0.0,7.0,3.0,False,0.0,13.0,False,11.0,True,False,-1.0,0.0,0.0,,5.0,108.0,0.9266635965922172,112.0,other,other,22,182.0,0.0,182.0,0.0,False,14.0
3688,2021-04-25 22:23:31,172296,196559.0,False,0.0,2.0,1.0,-29.166687,44.13678,0.0,False,5.0,1.0,2.09,"{'bias': 60.0, 'name': 'BST'}",Android,5547.0,76.714966,5.0,False,False,0.0,4.0,4.0,4.0,4.0,False,False,"[1.0, 2.0, 4.0, 0.0, 0.0]","[1.0, 2.0, 4.0, 0.0, 0.0]",5.0,184642.0,3.0,202450.0,0.0,0.0,7.0,3.0,False,0.0,13.0,False,11.0,True,False,-1.0,0.0,0.0,,5.0,108.0,0.9266635965922172,112.0,other,other,22,182.0,0.0,182.0,0.0,False,14.0
3688,2021-04-25 22:23:31,172296,199699.0,False,0.0,2.0,1.0,15.833313,4.110718,0.0,False,1.0,1.0,2.09,"{'bias': 60.0, 'name': 'BST'}",Android,3140.0,-85.02606,5.0,False,False,0.0,0.0,0.0,0.0,0.0,False,False,"[1.0, 2.0, 4.0, 0.0, 0.0]","[1.0, 2.0, 4.0, 0.0, 0.0]",5.0,184642.0,3.0,202450.0,0.0,0.0,7.0,3.0,False,0.0,13.0,False,11.0,True,False,-1.0,0.0,0.0,,5.0,108.0,0.9266635965922172,112.0,other,other,22,182.0,0.0,182.0,0.0,False,14.0
3688,2021-04-25 22:23:31,172296,202158.0,False,0.0,2.0,1.0,133.33331,0.775269,0.0,False,1.0,1.0,2.09,"{'bias': 60.0, 'name': 'BST'}",Android,2459.0,-120.83545,5.0,False,True,0.0,0.0,0.0,0.0,0.0,False,False,"[1.0, 2.0, 4.0, 0.0, 0.0]","[1.0, 2.0, 4.0, 0.0, 0.0]",5.0,184642.0,3.0,202450.0,0.0,0.0,7.0,3.0,False,0.0,13.0,False,11.0,True,False,-1.0,0.0,0.0,,5.0,108.0,0.9266635965922172,112.0,other,other,22,182.0,0.0,182.0,0.0,False,14.0
3688,2021-04-25 22:23:31,172296,207458.0,False,0.0,2.0,2.0,8.333313,-27.576538,0.0,False,2.0,1.0,2.09,"{'bias': 60.0, 'name': 'BST'}",Android,5300.0,96.64819,6.0,True,False,0.0,1.0,1.0,1.0,1.0,False,False,"[1.0, 2.0, 4.0, 5.0, 0.0, 3.0]","[1.0, 2.0, 4.0, 5.0, 0.0, 3.0]",2.0,207458.0,3.0,219676.0,0.0,0.0,7.0,3.0,False,0.0,13.0,False,11.0,True,False,-1.0,0.0,,"[1.0, 2.0, 4.0, 0.0, 0.0]",2.0,111.0,0.8077365876122496,108.0,other,other,23,182.0,0.0,182.0,0.0,False,14.0
3688,2021-04-25 22:23:31,172296,209387.0,False,0.0,2.0,2.0,-27.5,-34.24756,0.0,False,3.0,1.0,2.09,"{'bias': 60.0, 'name': 'BST'}",Android,1929.0,29.162292,6.0,False,False,0.0,2.0,2.0,2.0,2.0,False,False,"[1.0, 2.0, 4.0, 5.0, 0.0, 3.0]","[1.0, 2.0, 4.0, 5.0, 0.0, 3.0]",2.0,207458.0,3.0,219676.0,0.0,0.0,7.0,3.0,False,0.0,13.0,False,11.0,True,False,-1.0,0.0,0.0,"[1.0, 2.0, 4.0, 0.0, 0.0]",2.0,111.0,0.8077365876122496,108.0,other,other,23,182.0,0.0,182.0,0.0,False,14.0
3688,2021-04-25 22:23:31,172296,210705.0,False,0.0,2.0,2.0,-3.333344,45.804565,0.0,False,5.0,1.0,2.09,"{'bias': 60.0, 'name': 'BST'}",Android,1318.0,55.885468,6.0,False,False,0.0,4.0,4.0,4.0,4.0,False,False,"[1.0, 2.0, 4.0, 5.0, 0.0, 3.0]","[1.0, 2.0, 4.0, 5.0, 0.0, 3.0]",2.0,207458.0,3.0,219676.0,0.0,0.0,7.0,3.0,False,0.0,13.0,False,11.0,True,False,-1.0,0.0,0.0,"[1.0, 2.0, 4.0, 0.0, 0.0]",2.0,111.0,0.8077365876122496,108.0,other,other,23,182.0,0.0,182.0,0.0,False,14.0
3688,2021-04-25 22:23:31,172296,213914.0,False,0.0,2.0,2.0,16.666656,38.299683,0.0,False,6.0,1.0,2.09,"{'bias': 60.0, 'name': 'BST'}",Android,3209.0,-27.504883,6.0,False,False,0.0,5.0,5.0,5.0,5.0,False,False,"[1.0, 2.0, 4.0, 5.0, 0.0, 3.0]","[1.0, 2.0, 4.0, 5.0, 0.0, 3.0]",2.0,207458.0,3.0,219676.0,0.0,0.0,7.0,3.0,False,0.0,13.0,False,11.0,True,False,-1.0,0.0,0.0,"[1.0, 2.0, 4.0, 0.0, 0.0]",2.0,111.0,0.8077365876122496,108.0,other,other,23,182.0,0.0,182.0,0.0,False,14.0
3688,2021-04-25 22:23:31,172296,215554.0,False,0.0,2.0,2.0,79.16666,10.781738,0.0,False,1.0,1.0,2.09,"{'bias': 60.0, 'name': 'BST'}",Android,1640.0,-90.017944,6.0,False,False,0.0,0.0,0.0,0.0,0.0,False,False,"[1.0, 2.0, 4.0, 5.0, 0.0, 3.0]","[1.0, 2.0, 4.0, 5.0, 0.0, 3.0]",2.0,207458.0,3.0,219676.0,0.0,0.0,7.0,3.0,False,0.0,13.0,False,11.0,True,False,-1.0,0.0,0.0,"[1.0, 2.0, 4.0, 0.0, 0.0]",2.0,111.0,0.8077365876122496,108.0,other,other,23,182.0,0.0,182.0,0.0,False,14.0
3688,2021-04-25 22:23:31,172296,219375.0,False,0.0,2.0,2.0,-24.166687,-1.726379,0.0,False,4.0,1.0,2.09,"{'bias': 60.0, 'name': 'BST'}",Android,3821.0,90.825226,6.0,False,True,0.0,3.0,3.0,3.0,3.0,False,False,"[1.0, 2.0, 4.0, 5.0, 0.0, 3.0]","[1.0, 2.0, 4.0, 5.0, 0.0, 3.0]",2.0,207458.0,3.0,219676.0,0.0,0.0,7.0,3.0,False,0.0,13.0,False,11.0,True,False,-1.0,0.0,0.0,"[1.0, 2.0, 4.0, 0.0, 0.0]",2.0,111.0,0.8077365876122496,108.0,other,other,23,182.0,0.0,182.0,0.0,False,14.0
3688,2021-04-25 22:23:31,172296,231261.0,False,0.0,2.0,3.0,75.0,-221.03583,0.0,False,2.0,1.0,2.09,"{'bias': 60.0, 'name': 'BST'}",Android,11886.0,-318.47614,5.0,True,False,0.0,1.0,1.0,1.0,1.0,False,False,"[1.0, 2.0, 3.0, 0.0, -3.0]","[1.0, 2.0, 3.0, 0.0, -3.0]",1.0,231261.0,3.0,245081.0,0.0,0.0,7.0,3.0,True,0.0,13.0,False,11.0,True,False,-1.0,0.0,,"[1.0, 2.0, 4.0, 5.0, 0.0, 3.0]",1.0,112.0,0.3794228260035306,111.0,other,other,24,182.0,0.0,182.0,0.0,False,14.0
3688,2021-04-25 22:23:31,172296,233054.0,False,0.0,2.0,3.0,-118.33334,-195.18567,0.0,False,3.0,1.0,2.09,"{'bias': 60.0, 'name': 'BST'}",Android,1793.0,219.1835,5.0,False,False,0.0,2.0,2.0,2.0,2.0,False,False,"[1.0, 2.0, 3.0, 0.0, -3.0]","[1.0, 2.0, 3.0, 0.0, -3.0]",1.0,231261.0,3.0,245081.0,0.0,0.0,7.0,3.0,True,0.0,13.0,False,11.0,True,False,-1.0,0.0,0.0,"[1.0, 2.0, 4.0, 5.0, 0.0, 3.0]",1.0,112.0,0.3794228260035306,111.0,other,other,24,182.0,0.0,182.0,0.0,False,14.0
3688,2021-04-25 22:23:31,172296,234097.0,False,0.0,2.0,3.0,-227.5,-13.400635,0.0,False,4.0,1.0,2.09,"{'bias': 60.0, 'name': 'BST'}",Android,1043.0,290.9517,5.0,False,False,0.0,3.0,3.0,3.0,3.0,False,False,"[1.0, 2.0, 3.0, 0.0, -3.0]","[1.0, 2.0, 3.0, 0.0, -3.0]",1.0,231261.0,3.0,245081.0,0.0,0.0,7.0,3.0,True,0.0,13.0,False,11.0,True,False,-1.0,0.0,0.0,"[1.0, 2.0, 4.0, 5.0, 0.0, 3.0]",1.0,112.0,0.3794228260035306,111.0,other,other,24,182.0,0.0,182.0,0.0,False,14.0
3688,2021-04-25 22:23:31,172296,235423.0,False,0.0,2.0,3.0,85.0,-0.892517,0.0,False,1.0,1.0,2.09,"{'bias': 60.0, 'name': 'BST'}",Android,1326.0,-299.99188,5.0,False,False,0.0,0.0,0.0,0.0,0.0,False,False,"[1.0, 2.0, 3.0, 0.0, -3.0]","[1.0, 2.0, 3.0, 0.0, -3.0]",1.0,231261.0,3.0,245081.0,0.0,0.0,7.0,3.0,True,0.0,13.0,False,11.0,True,False,-1.0,0.0,0.0,"[1.0, 2.0, 4.0, 5.0, 0.0, 3.0]",1.0,112.0,0.3794228260035306,111.0,other,other,24,182.0,0.0,182.0,0.0,False,14.0
3688,2021-04-25 22:23:31,172296,244794.0,False,0.0,2.0,3.0,-19.166687,-40.084717,0.0,True,4.0,1.0,2.09,"{'bias': 60.0, 'name': 'BST'}",Android,9371.0,64.97449,5.0,False,True,0.0,3.0,3.0,-3.0,-3.0,False,False,"[1.0, 2.0, 3.0, 0.0, -3.0]","[1.0, 2.0, 3.0, 0.0, -3.0]",1.0,231261.0,3.0,245081.0,0.0,0.0,7.0,3.0,True,0.0,13.0,False,11.0,True,False,-1.0,0.0,0.0,"[1.0, 2.0, 4.0, 5.0, 0.0, 3.0]",1.0,112.0,0.3794228260035306,111.0,other,other,24,182.0,0.0,182.0,0.0,False,14.0
3688,2021-04-25 20:09:03,191300,193837.0,False,0.0,2.0,1.0,-123.33334,-155.1596,0.0,False,3.0,1.0,2.09,"{'bias': 60.0, 'name': 'BST'}",Android,10859.0,111.64114,5.0,True,False,0.0,2.0,2.0,2.0,2.0,False,False,"[2.0, 4.0, 2.0, 3.0, 5.0]","[2.0, 4.0, 2.0, 3.0, 5.0]",2.0,193837.0,3.0,203817.0,0.0,0.0,7.0,3.0,False,0.0,4.0,False,11.0,True,True,0.0,0.0,,,2.0,111.0,0.8077365876122496,101.0,other,first,25,182.0,0.0,182.0,0.0,False,14.0
3688,2021-04-25 20:09:03,191300,196784.0,False,0.0,2.0,1.0,-35.833344,99.17261,0.0,False,5.0,1.0,2.09,"{'bias': 60.0, 'name': 'BST'}",Android,2947.0,166.83221,5.0,False,False,0.0,4.0,4.0,4.0,4.0,False,False,"[2.0, 4.0, 2.0, 3.0, 5.0]","[2.0, 4.0, 2.0, 3.0, 5.0]",2.0,193837.0,3.0,203817.0,0.0,0.0,7.0,3.0,False,0.0,4.0,False,11.0,True,True,0.0,0.0,0.0,,2.0,111.0,0.8077365876122496,101.0,other,other,25,182.0,0.0,182.0,0.0,False,14.0
3688,2021-04-25 20:09:03,191300,201338.0,False,0.0,2.0,1.0,-145.0,-145.987,0.0,False,3.0,1.0,2.09,"{'bias': 60.0, 'name': 'BST'}",Android,4554.0,-135.99295,5.0,False,False,0.0,2.0,2.0,2.0,2.0,False,False,"[2.0, 4.0, 2.0, 3.0, 5.0]","[2.0, 4.0, 2.0, 3.0, 5.0]",2.0,193837.0,3.0,203817.0,0.0,0.0,7.0,3.0,False,0.0,4.0,False,11.0,True,True,0.0,0.0,0.0,,2.0,111.0,0.8077365876122496,101.0,other,other,25,182.0,0.0,182.0,0.0,False,14.0
3688,2021-04-25 20:09:03,191300,202766.0,False,0.0,2.0,1.0,-198.33334,21.622131,0.0,False,4.0,1.0,2.09,"{'bias': 60.0, 'name': 'BST'}",Android,1428.0,220.94247,5.0,False,False,0.0,3.0,3.0,3.0,3.0,False,False,"[2.0, 4.0, 2.0, 3.0, 5.0]","[2.0, 4.0, 2.0, 3.0, 5.0]",2.0,193837.0,3.0,203817.0,0.0,0.0,7.0,3.0,False,0.0,4.0,False,11.0,True,True,0.0,0.0,0.0,,2.0,111.0,0.8077365876122496,101.0,other,other,25,182.0,0.0,182.0,0.0,False,14.0
3688,2021-04-25 20:09:03,191300,203533.0,False,0.0,2.0,1.0,28.333313,125.022766,0.0,False,6.0,1.0,2.09,"{'bias': 60.0, 'name': 'BST'}",Android,767.0,-123.26602,5.0,False,True,0.0,5.0,5.0,5.0,5.0,False,False,"[2.0, 4.0, 2.0, 3.0, 5.0]","[2.0, 4.0, 2.0, 3.0, 5.0]",2.0,193837.0,3.0,203817.0,0.0,0.0,7.0,3.0,False,0.0,4.0,False,11.0,True,True,0.0,0.0,0.0,,2.0,111.0,0.8077365876122496,101.0,other,other,25,182.0,0.0,182.0,0.0,False,14.0
3688,2021-04-25 20:09:03,191300,208775.0,False,0.0,2.0,2.0,149.16666,-5.895752,0.0,False,1.0,1.0,2.09,"{'bias': 60.0, 'name': 'BST'}",Android,5242.0,-251.75186,5.0,True,False,0.0,0.0,0.0,0.0,0.0,False,False,"[0.0, 1.0, 5.0, 1.0, 5.0]","[0.0, 1.0, 5.0, 1.0, 5.0]",4.0,208775.0,3.0,218691.0,0.0,0.0,7.0,3.0,False,0.0,4.0,False,11.0,True,True,0.0,0.0,,"[2.0, 4.0, 2.0, 3.0, 5.0]",4.0,109.0,0.9087036610637808,111.0,other,other,26,182.0,0.0,182.0,0.0,False,14.0
3688,2021-04-25 20:09:03,191300,212826.0,False,0.0,2.0,2.0,47.5,-125.97394,0.0,False,2.0,1.0,2.09,"{'bias': 60.0, 'name': 'BST'}",Android,4051.0,-18.41153,5.0,False,False,0.0,1.0,1.0,1.0,1.0,False,False,"[0.0, 1.0, 5.0, 1.0, 5.0]","[0.0, 1.0, 5.0, 1.0, 5.0]",4.0,208775.0,3.0,218691.0,0.0,0.0,7.0,3.0,False,0.0,4.0,False,11.0,True,True,0.0,0.0,0.0,"[2.0, 4.0, 2.0, 3.0, 5.0]",4.0,109.0,0.9087036610637808,111.0,other,other,26,182.0,0.0,182.0,0.0,False,14.0
3688,2021-04-25 20:09:03,191300,214542.0,False,0.0,2.0,2.0,42.5,133.36157,0.0,False,6.0,1.0,2.09,"{'bias': 60.0, 'name': 'BST'}",Android,1716.0,264.3355,5.0,False,False,0.0,5.0,5.0,5.0,5.0,False,False,"[0.0, 1.0, 5.0, 1.0, 5.0]","[0.0, 1.0, 5.0, 1.0, 5.0]",4.0,208775.0,3.0,218691.0,0.0,0.0,7.0,3.0,False,0.0,4.0,False,11.0,True,True,0.0,0.0,0.0,"[2.0, 4.0, 2.0, 3.0, 5.0]",4.0,109.0,0.9087036610637808,111.0,other,other,26,182.0,0.0,182.0,0.0,False,14.0
3688,2021-04-25 20:09:03,191300,216326.0,False,0.0,2.0,2.0,47.5,-120.13678,0.0,False,2.0,1.0,2.09,"{'bias': 60.0, 'name': 'BST'}",Android,1784.0,-258.49835,5.0,False,False,0.0,1.0,1.0,1.0,1.0,False,False,"[0.0, 1.0, 5.0, 1.0, 5.0]","[0.0, 1.0, 5.0, 1.0, 5.0]",4.0,208775.0,3.0,218691.0,0.0,0.0,7.0,3.0,False,0.0,4.0,False,11.0,True,True,0.0,0.0,0.0,"[2.0, 4.0, 2.0, 3.0, 5.0]",4.0,109.0,0.9087036610637808,111.0,other,other,26,182.0,0.0,182.0,0.0,False,14.0
3688,2021-04-25 20:09:03,191300,218395.0,False,0.0,2.0,2.0,27.5,125.85669,0.0,False,6.0,1.0,2.09,"{'bias': 60.0, 'name': 'BST'}",Android,2069.0,265.99347,5.0,False,True,0.0,5.0,5.0,5.0,5.0,False,False,"[0.0, 1.0, 5.0, 1.0, 5.0]","[0.0, 1.0, 5.0, 1.0, 5.0]",4.0,208775.0,3.0,218691.0,0.0,0.0,7.0,3.0,False,0.0,4.0,False,11.0,True,True,0.0,0.0,0.0,"[2.0, 4.0, 2.0, 3.0, 5.0]",4.0,109.0,0.9087036610637808,111.0,other,other,26,182.0,0.0,182.0,0.0,False,14.0
3688,2021-04-25 20:09:03,191300,221344.0,False,0.0,2.0,3.0,76.66666,-5.895752,0.0,False,1.0,1.0,2.09,"{'bias': 60.0, 'name': 'BST'}",Android,2949.0,-180.9191,5.0,True,False,0.0,0.0,0.0,0.0,0.0,False,False,"[0.0, 3.0, 2.0, 3.0, 4.0]","[0.0, 3.0, 2.0, 3.0, 4.0]",7.0,221344.0,3.0,226264.0,0.0,0.0,7.0,3.0,True,0.0,4.0,False,11.0,True,True,0.0,0.0,,"[0.0, 1.0, 5.0, 1.0, 5.0]",7.0,106.0,0.9483459973904368,109.0,other,other,27,182.0,0.0,182.0,0.0,False,14.0
3688,2021-04-25 20:09:03,191300,222012.0,False,0.0,2.0,3.0,-164.16667,-11.73291,0.0,False,4.0,1.0,2.09,"{'bias': 60.0, 'name': 'BST'}",Android,668.0,234.99617,5.0,False,False,0.0,3.0,3.0,3.0,3.0,False,False,"[0.0, 3.0, 2.0, 3.0, 4.0]","[0.0, 3.0, 2.0, 3.0, 4.0]",7.0,221344.0,3.0,226264.0,0.0,0.0,7.0,3.0,True,0.0,4.0,False,11.0,True,True,0.0,0.0,0.0,"[0.0, 1.0, 5.0, 1.0, 5.0]",7.0,106.0,0.9483459973904368,109.0,other,other,27,182.0,0.0,182.0,0.0,False,14.0
3688,2021-04-25 20:09:03,191300,223554.0,False,0.0,2.0,3.0,-92.5,-122.63843,0.0,False,3.0,1.0,2.09,"{'bias': 60.0, 'name': 'BST'}",Android,1542.0,-182.57219,5.0,False,False,0.0,2.0,2.0,2.0,2.0,False,False,"[0.0, 3.0, 2.0, 3.0, 4.0]","[0.0, 3.0, 2.0, 3.0, 4.0]",7.0,221344.0,3.0,226264.0,0.0,0.0,7.0,3.0,True,0.0,4.0,False,11.0,True,True,0.0,0.0,0.0,"[0.0, 1.0, 5.0, 1.0, 5.0]",7.0,106.0,0.9483459973904368,109.0,other,other,27,182.0,0.0,182.0,0.0,False,14.0
3688,2021-04-25 20:09:03,191300,224410.0,False,0.0,2.0,3.0,-178.33334,0.775269,0.0,False,4.0,1.0,2.09,"{'bias': 60.0, 'name': 'BST'}",Android,856.0,209.24704,5.0,False,False,0.0,3.0,3.0,3.0,3.0,False,False,"[0.0, 3.0, 2.0, 3.0, 4.0]","[0.0, 3.0, 2.0, 3.0, 4.0]",7.0,221344.0,3.0,226264.0,0.0,0.0,7.0,3.0,True,0.0,4.0,False,11.0,True,True,0.0,0.0,0.0,"[0.0, 1.0, 5.0, 1.0, 5.0]",7.0,106.0,0.9483459973904368,109.0,other,other,27,182.0,0.0,182.0,0.0,False,14.0
3688,2021-04-25 20:09:03,191300,225963.0,False,0.0,2.0,3.0,-108.33334,122.52118,0.0,False,5.0,1.0,2.09,"{'bias': 60.0, 'name': 'BST'}",Android,1553.0,51.74591,5.0,False,True,0.0,4.0,4.0,4.0,4.0,False,False,"[0.0, 3.0, 2.0, 3.0, 4.0]","[0.0, 3.0, 2.0, 3.0, 4.0]",7.0,221344.0,3.0,226264.0,0.0,0.0,7.0,3.0,True,0.0,4.0,False,11.0,True,True,0.0,0.0,0.0,"[0.0, 1.0, 5.0, 1.0, 5.0]",7.0,106.0,0.9483459973904368,109.0,other,other,27,182.0,0.0,182.0,0.0,False,14.0
3688,2021-04-25 20:10:08,256124,258596.0,False,0.0,0.0,1.0,-227.5,-450.3518,0.0,False,0.0,1.0,2.09,"{'bias': 60.0, 'name': 'BST'}",Android,32633.0,-453.70633,1.0,True,False,0.0,-1.0,5.0,-1.0,5.0,False,False,"[5.0, -5.0, 5.0, -0.0]","[5.0, -5.0, 5.0, -0.0]",3.0,258596.0,4.0,268852.0,0.0,0.0,1.0,4.0,False,42.0,5.0,False,11.0,True,True,42.0,1.0,,,3.0,110.0,0.8773121498196331,106.0,other,first,28,183.0,1.0,182.0,1.0,False,14.0
3688,2021-04-25 20:10:08,256124,259560.0,False,0.0,0.0,1.0,-82.5,-440.34528,0.0,True,0.0,1.0,2.09,"{'bias': 60.0, 'name': 'BST'}",Android,964.0,-134.99347,1.0,False,False,0.0,-1.0,5.0,1.0,-5.0,False,False,"[5.0, -5.0, 5.0, -0.0]","[5.0, -5.0, 5.0, -0.0]",3.0,258596.0,4.0,268852.0,0.0,0.0,1.0,4.0,False,42.0,5.0,False,11.0,True,True,42.0,1.0,1.0,,3.0,110.0,0.8773121498196331,106.0,other,other,28,183.0,1.0,182.0,1.0,False,14.0
3688,2021-04-25 20:10:08,256124,260078.0,False,0.0,0.0,1.0,-108.33334,-366.1303,0.0,False,0.0,1.0,2.09,"{'bias': 60.0, 'name': 'BST'}",Android,518.0,100.04831,1.0,False,False,0.0,-1.0,5.0,-1.0,5.0,False,False,"[5.0, -5.0, 5.0, -0.0]","[5.0, -5.0, 5.0, -0.0]",3.0,258596.0,4.0,268852.0,0.0,0.0,1.0,4.0,False,42.0,5.0,False,11.0,True,True,42.0,1.0,1.0,,3.0,110.0,0.8773121498196331,106.0,other,other,28,183.0,1.0,182.0,1.0,False,14.0
3688,2021-04-25 20:10:08,256124,268257.0,False,0.0,0.0,1.0,-224.16667,7.446228,0.0,True,1.0,1.0,2.09,"{'bias': 60.0, 'name': 'BST'}",Android,8179.0,489.40985,1.0,False,True,0.0,0.0,0.0,-0.0,-0.0,True,False,"[5.0, -5.0, 5.0, -0.0]","[5.0, -5.0, 5.0, -0.0]",3.0,258596.0,4.0,268852.0,0.0,0.0,1.0,4.0,False,42.0,5.0,False,11.0,True,True,42.0,1.0,1.0,,3.0,110.0,0.8773121498196331,106.0,other,other,28,183.0,1.0,182.0,1.0,False,14.0
3688,2021-04-25 20:10:08,256124,273232.0,False,0.0,0.0,2.0,197.5,24.957642,0.0,True,4.0,1.0,2.09,"{'bias': 60.0, 'name': 'BST'}",Android,4975.0,-404.15527,5.0,True,False,0.0,3.0,3.0,-3.0,-3.0,False,False,"[-3.0, -3.0, -3.0, 3.0, -0.0]","[-3.0, -3.0, -3.0, 3.0, -0.0]",2.0,273232.0,4.0,285273.0,0.0,0.0,5.0,4.0,False,42.0,5.0,False,11.0,True,True,42.0,25.0,,"[5.0, -5.0, 5.0, -0.0]",2.0,111.0,0.8077365876122496,110.0,other,other,29,208.0,25.0,182.0,26.0,False,14.0
3688,2021-04-25 20:10:08,256124,279101.0,False,0.0,0.0,2.0,151.66666,13.283386,0.0,True,4.0,1.0,2.09,"{'bias': 60.0, 'name': 'BST'}",Android,5869.0,34.15909,5.0,False,False,0.0,3.0,3.0,-3.0,-3.0,False,False,"[-3.0, -3.0, -3.0, 3.0, -0.0]","[-3.0, -3.0, -3.0, 3.0, -0.0]",2.0,273232.0,4.0,285273.0,0.0,0.0,5.0,4.0,False,42.0,5.0,False,11.0,True,True,42.0,25.0,25.0,"[5.0, -5.0, 5.0, -0.0]",2.0,111.0,0.8077365876122496,110.0,other,other,29,208.0,25.0,182.0,26.0,False,14.0
3688,2021-04-25 20:10:08,256124,280845.0,False,0.0,0.0,2.0,-70.83334,-106.7948,0.0,True,4.0,1.0,2.09,"{'bias': 60.0, 'name': 'BST'}",Android,1744.0,102.421814,5.0,False,False,0.0,3.0,3.0,-3.0,-3.0,False,False,"[-3.0, -3.0, -3.0, 3.0, -0.0]","[-3.0, -3.0, -3.0, 3.0, -0.0]",2.0,273232.0,4.0,285273.0,0.0,0.0,5.0,4.0,False,42.0,5.0,False,11.0,True,True,42.0,25.0,25.0,"[5.0, -5.0, 5.0, -0.0]",2.0,111.0,0.8077365876122496,110.0,other,other,29,208.0,25.0,182.0,26.0,False,14.0
3688,2021-04-25 20:10:08,256124,281709.0,False,0.0,0.0,2.0,-190.83334,14.951111,0.0,False,4.0,1.0,2.09,"{'bias': 60.0, 'name': 'BST'}",Android,864.0,241.74591,5.0,False,False,0.0,3.0,3.0,3.0,3.0,False,False,"[-3.0, -3.0, -3.0, 3.0, -0.0]","[-3.0, -3.0, -3.0, 3.0, -0.0]",2.0,273232.0,4.0,285273.0,0.0,0.0,5.0,4.0,False,42.0,5.0,False,11.0,True,True,42.0,25.0,25.0,"[5.0, -5.0, 5.0, -0.0]",2.0,111.0,0.8077365876122496,110.0,other,other,29,208.0,25.0,182.0,26.0,False,14.0
3688,2021-04-25 20:10:08,256124,284040.0,False,0.0,0.0,2.0,-235.83334,-8.3974,0.0,True,1.0,1.0,2.09,"{'bias': 60.0, 'name': 'BST'}",Android,2331.0,21.65149,5.0,False,True,0.0,0.0,0.0,-0.0,-0.0,True,False,"[-3.0, -3.0, -3.0, 3.0, -0.0]","[-3.0, -3.0, -3.0, 3.0, -0.0]",2.0,273232.0,4.0,285273.0,0.0,0.0,5.0,4.0,False,42.0,5.0,False,11.0,True,True,42.0,25.0,25.0,"[5.0, -5.0, 5.0, -0.0]",2.0,111.0,0.8077365876122496,110.0,other,other,29,208.0,25.0,182.0,26.0,False,14.0
3688,2021-04-25 20:10:08,256124,290898.0,False,0.0,4.0,3.0,161.66666,22.455994,0.0,True,4.0,1.0,2.09,"{'bias': 60.0, 'name': 'BST'}",Android,6858.0,-366.6466,2.0,True,False,0.0,3.0,3.0,-3.0,-3.0,False,False,"[-3.0, -0.0]","[-3.0, -0.0]",509.0,290898.0,4.0,295927.0,0.0,0.0,4.0,4.0,False,42.0,5.0,False,11.0,True,True,42.0,16.0,,"[-3.0, -3.0, -3.0, 3.0, -0.0]",507.0,8.0,0.9994627369713716,111.0,8.0,other,30,224.0,16.0,182.0,42.0,False,14.0
3688,2021-04-25 20:10:08,256124,294704.0,False,0.0,4.0,3.0,-180.0,0.775269,0.0,True,1.0,1.0,2.09,"{'bias': 60.0, 'name': 'BST'}",Android,3806.0,319.98593,2.0,False,True,0.0,0.0,0.0,-0.0,-0.0,True,False,"[-3.0, -0.0]","[-3.0, -0.0]",509.0,290898.0,4.0,295927.0,0.0,0.0,4.0,4.0,False,42.0,5.0,False,11.0,True,True,42.0,16.0,16.0,"[-3.0, -3.0, -3.0, 3.0, -0.0]",507.0,8.0,0.9994627369713716,111.0,8.0,other,30,224.0,16.0,182.0,42.0,False,14.0
3688,2021-04-25 20:10:08,256124,300989.0,False,0.0,4.0,4.0,133.33331,-0.892517,0.0,False,1.0,1.0,2.09,"{'bias': 60.0, 'name': 'BST'}",Android,6285.0,-315.0011,6.0,True,False,0.0,0.0,0.0,0.0,0.0,False,False,"[0.0, -3.0, -3.0, -3.0, -3.0, -0.0]","[0.0, -3.0, -3.0, -3.0, -3.0, -0.0]",1.0,300989.0,4.0,310071.0,0.0,0.0,7.0,4.0,True,42.0,5.0,False,11.0,True,True,42.0,0.0,,"[-3.0, -0.0]",1.0,112.0,0.3794228260035306,8.0,other,8.0,31,224.0,0.0,182.0,42.0,False,14.0
3688,2021-04-25 20:10:08,256124,302881.0,False,0.0,4.0,4.0,140.83331,0.775269,0.0,True,4.0,1.0,2.09,"{'bias': 60.0, 'name': 'BST'}",Android,1892.0,-5.8322144,6.0,False,False,0.0,3.0,3.0,-3.0,-3.0,False,False,"[0.0, -3.0, -3.0, -3.0, -3.0, -0.0]","[0.0, -3.0, -3.0, -3.0, -3.0, -0.0]",1.0,300989.0,4.0,310071.0,0.0,0.0,7.0,4.0,True,42.0,5.0,False,11.0,True,True,42.0,0.0,0.0,"[-3.0, -0.0]",1.0,112.0,0.3794228260035306,8.0,other,8.0,31,224.0,0.0,182.0,42.0,False,14.0
3688,2021-04-25 20:10:08,256124,305397.0,False,0.0,4.0,4.0,190.0,1.609131,0.0,True,4.0,1.0,2.09,"{'bias': 60.0, 'name': 'BST'}",Android,2516.0,-48.332825,6.0,False,False,0.0,3.0,3.0,-3.0,-3.0,False,False,"[0.0, -3.0, -3.0, -3.0, -3.0, -0.0]","[0.0, -3.0, -3.0, -3.0, -3.0, -0.0]",1.0,300989.0,4.0,310071.0,0.0,0.0,7.0,4.0,True,42.0,5.0,False,11.0,True,True,42.0,0.0,0.0,"[-3.0, -0.0]",1.0,112.0,0.3794228260035306,8.0,other,8.0,31,224.0,0.0,182.0,42.0,False,14.0
3688,2021-04-25 20:10:08,256124,306567.0,False,0.0,4.0,4.0,185.83331,27.45929,0.0,True,4.0,1.0,2.09,"{'bias': 60.0, 'name': 'BST'}",Android,1170.0,30.016846,6.0,False,False,0.0,3.0,3.0,-3.0,-3.0,False,False,"[0.0, -3.0, -3.0, -3.0, -3.0, -0.0]","[0.0, -3.0, -3.0, -3.0, -3.0, -0.0]",1.0,300989.0,4.0,310071.0,0.0,0.0,7.0,4.0,True,42.0,5.0,False,11.0,True,True,42.0,0.0,0.0,"[-3.0, -0.0]",1.0,112.0,0.3794228260035306,8.0,other,8.0,31,224.0,0.0,182.0,42.0,False,14.0
3688,2021-04-25 20:10:08,256124,308013.0,False,0.0,4.0,4.0,165.83331,32.462524,0.0,True,4.0,1.0,2.09,"{'bias': 60.0, 'name': 'BST'}",Android,1446.0,25.003235,6.0,False,False,0.0,3.0,3.0,-3.0,-3.0,False,False,"[0.0, -3.0, -3.0, -3.0, -3.0, -0.0]","[0.0, -3.0, -3.0, -3.0, -3.0, -0.0]",1.0,300989.0,4.0,310071.0,0.0,0.0,7.0,4.0,True,42.0,5.0,False,11.0,True,True,42.0,0.0,0.0,"[-3.0, -0.0]",1.0,112.0,0.3794228260035306,8.0,other,8.0,31,224.0,0.0,182.0,42.0,False,14.0
3688,2021-04-25 20:10:08,256124,309142.0,False,0.0,4.0,4.0,-178.33334,-11.73291,0.0,True,1.0,1.0,2.09,"{'bias': 60.0, 'name': 'BST'}",Android,1129.0,299.97122,6.0,False,True,0.0,0.0,0.0,-0.0,-0.0,True,False,"[0.0, -3.0, -3.0, -3.0, -3.0, -0.0]","[0.0, -3.0, -3.0, -3.0, -3.0, -0.0]",1.0,300989.0,4.0,310071.0,0.0,0.0,7.0,4.0,True,42.0,5.0,False,11.0,True,True,42.0,0.0,0.0,"[-3.0, -0.0]",1.0,112.0,0.3794228260035306,8.0,other,8.0,31,224.0,0.0,182.0,42.0,False,14.0
3688,2021-04-25 22:25:30,291551,295955.0,False,0.0,0.0,1.0,77.5,-134.31268,0.0,False,2.0,1.0,2.09,"{'bias': 60.0, 'name': 'BST'}",Android,51161.0,-190.89465,7.0,True,False,0.0,1.0,1.0,1.0,1.0,False,False,"[1.0, 2.0, 3.0, 4.0, 5.0, 0.0, -0.0]","[1.0, 2.0, 3.0, 4.0, 5.0, 0.0, -0.0]",769.0,295955.0,6.0,304471.0,0.0,0.0,6.0,6.0,False,216.0,14.0,True,11.0,True,False,216.0,36.0,,,769.0,5.0,0.9996929925550696,112.0,5.0,first,32,260.0,36.0,182.0,78.0,False,14.0
3688,2021-04-25 22:25:30,291551,296604.0,False,0.0,0.0,1.0,-98.33334,-137.6482,0.0,False,3.0,1.0,2.09,"{'bias': 60.0, 'name': 'BST'}",Android,649.0,172.49783,7.0,False,False,0.0,2.0,2.0,2.0,2.0,False,False,"[1.0, 2.0, 3.0, 4.0, 5.0, 0.0, -0.0]","[1.0, 2.0, 3.0, 4.0, 5.0, 0.0, -0.0]",769.0,295955.0,6.0,304471.0,0.0,0.0,6.0,6.0,False,216.0,14.0,True,11.0,True,False,216.0,36.0,36.0,,769.0,5.0,0.9996929925550696,112.0,5.0,other,32,260.0,36.0,182.0,78.0,False,14.0
3688,2021-04-25 22:25:30,291551,297204.0,False,0.0,0.0,1.0,-188.33334,-8.3974,0.0,False,4.0,1.0,2.09,"{'bias': 60.0, 'name': 'BST'}",Android,600.0,219.2508,7.0,False,False,0.0,3.0,3.0,3.0,3.0,False,False,"[1.0, 2.0, 3.0, 4.0, 5.0, 0.0, -0.0]","[1.0, 2.0, 3.0, 4.0, 5.0, 0.0, -0.0]",769.0,295955.0,6.0,304471.0,0.0,0.0,6.0,6.0,False,216.0,14.0,True,11.0,True,False,216.0,36.0,36.0,,769.0,5.0,0.9996929925550696,112.0,5.0,other,32,260.0,36.0,182.0,78.0,False,14.0
3688,2021-04-25 22:25:30,291551,297672.0,False,0.0,0.0,1.0,-125.0,122.52118,0.0,False,5.0,1.0,2.09,"{'bias': 60.0, 'name': 'BST'}",Android,468.0,67.585236,7.0,False,False,0.0,4.0,4.0,4.0,4.0,False,False,"[1.0, 2.0, 3.0, 4.0, 5.0, 0.0, -0.0]","[1.0, 2.0, 3.0, 4.0, 5.0, 0.0, -0.0]",769.0,295955.0,6.0,304471.0,0.0,0.0,6.0,6.0,False,216.0,14.0,True,11.0,True,False,216.0,36.0,36.0,,769.0,5.0,0.9996929925550696,112.0,5.0,other,32,260.0,36.0,182.0,78.0,False,14.0
3688,2021-04-25 22:25:30,291551,298284.0,False,0.0,0.0,1.0,52.5,135.86316,0.0,False,6.0,1.0,2.09,"{'bias': 60.0, 'name': 'BST'}",Android,612.0,-164.15802,7.0,False,False,0.0,5.0,5.0,5.0,5.0,False,False,"[1.0, 2.0, 3.0, 4.0, 5.0, 0.0, -0.0]","[1.0, 2.0, 3.0, 4.0, 5.0, 0.0, -0.0]",769.0,295955.0,6.0,304471.0,0.0,0.0,6.0,6.0,False,216.0,14.0,True,11.0,True,False,216.0,36.0,36.0,,769.0,5.0,0.9996929925550696,112.0,5.0,other,32,260.0,36.0,182.0,78.0,False,14.0
3688,2021-04-25 22:25:30,291551,301606.0,False,0.0,0.0,1.0,141.66666,14.117249,0.0,False,1.0,1.0,2.09,"{'bias': 60.0, 'name': 'BST'}",Android,3322.0,-210.91257,7.0,False,False,0.0,0.0,0.0,0.0,0.0,False,False,"[1.0, 2.0, 3.0, 4.0, 5.0, 0.0, -0.0]","[1.0, 2.0, 3.0, 4.0, 5.0, 0.0, -0.0]",769.0,295955.0,6.0,304471.0,0.0,0.0,6.0,6.0,False,216.0,14.0,True,11.0,True,False,216.0,36.0,36.0,,769.0,5.0,0.9996929925550696,112.0,5.0,other,32,260.0,36.0,182.0,78.0,False,14.0
3688,2021-04-25 22:25:30,291551,304182.0,False,0.0,0.0,1.0,-260.0,-12.566772,0.0,True,1.0,1.0,2.09,"{'bias': 60.0, 'name': 'BST'}",Android,2576.0,374.98264,7.0,False,True,0.0,0.0,0.0,-0.0,-0.0,True,False,"[1.0, 2.0, 3.0, 4.0, 5.0, 0.0, -0.0]","[1.0, 2.0, 3.0, 4.0, 5.0, 0.0, -0.0]",769.0,295955.0,6.0,304471.0,0.0,0.0,6.0,6.0,False,216.0,14.0,True,11.0,True,False,216.0,36.0,36.0,,769.0,5.0,0.9996929925550696,112.0,5.0,other,32,260.0,36.0,182.0,78.0,False,14.0
3688,2021-04-25 22:25:30,291551,310266.0,False,0.0,3.0,2.0,64.16666,-145.987,0.0,False,2.0,1.0,2.09,"{'bias': 60.0, 'name': 'BST'}",Android,6084.0,-457.58688,7.0,True,False,0.0,1.0,1.0,1.0,1.0,False,False,"[1.0, 2.0, 3.0, 4.0, 5.0, 0.0, -0.0]","[1.0, 2.0, 3.0, 4.0, 5.0, 0.0, -0.0]",769.0,310266.0,6.0,314568.0,0.0,0.0,6.0,6.0,False,216.0,14.0,True,11.0,True,False,216.0,36.0,,"[1.0, 2.0, 3.0, 4.0, 5.0, 0.0, -0.0]",769.0,5.0,0.9996929925550696,5.0,5.0,5.0,33,296.0,36.0,182.0,114.0,False,14.0
3688,2021-04-25 22:25:30,291551,310529.0,False,0.0,3.0,2.0,-86.66667,-139.31598,0.0,False,3.0,1.0,2.09,"{'bias': 60.0, 'name': 'BST'}",Android,263.0,157.50435,7.0,False,False,0.0,2.0,2.0,2.0,2.0,False,False,"[1.0, 2.0, 3.0, 4.0, 5.0, 0.0, -0.0]","[1.0, 2.0, 3.0, 4.0, 5.0, 0.0, -0.0]",769.0,310266.0,6.0,314568.0,0.0,0.0,6.0,6.0,False,216.0,14.0,True,11.0,True,False,216.0,36.0,36.0,"[1.0, 2.0, 3.0, 4.0, 5.0, 0.0, -0.0]",769.0,5.0,0.9996929925550696,5.0,5.0,5.0,33,296.0,36.0,182.0,114.0,False,14.0
3688,2021-04-25 22:25:30,291551,310820.0,False,0.0,3.0,2.0,-160.83334,-12.566772,0.0,False,4.0,1.0,2.09,"{'bias': 60.0, 'name': 'BST'}",Android,291.0,200.91588,7.0,False,False,0.0,3.0,3.0,3.0,3.0,False,False,"[1.0, 2.0, 3.0, 4.0, 5.0, 0.0, -0.0]","[1.0, 2.0, 3.0, 4.0, 5.0, 0.0, -0.0]",769.0,310266.0,6.0,314568.0,0.0,0.0,6.0,6.0,False,216.0,14.0,True,11.0,True,False,216.0,36.0,36.0,"[1.0, 2.0, 3.0, 4.0, 5.0, 0.0, -0.0]",769.0,5.0,0.9996929925550696,5.0,5.0,5.0,33,296.0,36.0,182.0,114.0,False,14.0
3688,2021-04-25 22:25:30,291551,311066.0,False,0.0,3.0,2.0,-94.16667,105.84363,0.0,False,5.0,1.0,2.09,"{'bias': 60.0, 'name': 'BST'}",Android,246.0,51.74373,7.0,False,False,0.0,4.0,4.0,4.0,4.0,False,False,"[1.0, 2.0, 3.0, 4.0, 5.0, 0.0, -0.0]","[1.0, 2.0, 3.0, 4.0, 5.0, 0.0, -0.0]",769.0,310266.0,6.0,314568.0,0.0,0.0,6.0,6.0,False,216.0,14.0,True,11.0,True,False,216.0,36.0,36.0,"[1.0, 2.0, 3.0, 4.0, 5.0, 0.0, -0.0]",769.0,5.0,0.9996929925550696,5.0,5.0,5.0,33,296.0,36.0,182.0,114.0,False,14.0
3688,2021-04-25 22:25:30,291551,311339.0,False,0.0,3.0,2.0,61.666656,100.00653,0.0,False,6.0,1.0,2.09,"{'bias': 60.0, 'name': 'BST'}",Android,273.0,-161.67043,7.0,False,False,0.0,5.0,5.0,5.0,5.0,False,False,"[1.0, 2.0, 3.0, 4.0, 5.0, 0.0, -0.0]","[1.0, 2.0, 3.0, 4.0, 5.0, 0.0, -0.0]",769.0,310266.0,6.0,314568.0,0.0,0.0,6.0,6.0,False,216.0,14.0,True,11.0,True,False,216.0,36.0,36.0,"[1.0, 2.0, 3.0, 4.0, 5.0, 0.0, -0.0]",769.0,5.0,0.9996929925550696,5.0,5.0,5.0,33,296.0,36.0,182.0,114.0,False,14.0
3688,2021-04-25 22:25:30,291551,312686.0,False,0.0,3.0,2.0,145.0,-19.237793,0.0,False,1.0,1.0,2.09,"{'bias': 60.0, 'name': 'BST'}",Android,1347.0,-202.57767,7.0,False,False,0.0,0.0,0.0,0.0,0.0,False,False,"[1.0, 2.0, 3.0, 4.0, 5.0, 0.0, -0.0]","[1.0, 2.0, 3.0, 4.0, 5.0, 0.0, -0.0]",769.0,310266.0,6.0,314568.0,0.0,0.0,6.0,6.0,False,216.0,14.0,True,11.0,True,False,216.0,36.0,36.0,"[1.0, 2.0, 3.0, 4.0, 5.0, 0.0, -0.0]",769.0,5.0,0.9996929925550696,5.0,5.0,5.0,33,296.0,36.0,182.0,114.0,False,14.0
3688,2021-04-25 22:25:30,291551,314280.0,False,0.0,3.0,2.0,-123.33334,-25.074951,0.0,True,1.0,1.0,2.09,"{'bias': 60.0, 'name': 'BST'}",Android,1594.0,262.4962,7.0,False,True,0.0,0.0,0.0,-0.0,-0.0,True,False,"[1.0, 2.0, 3.0, 4.0, 5.0, 0.0, -0.0]","[1.0, 2.0, 3.0, 4.0, 5.0, 0.0, -0.0]",769.0,310266.0,6.0,314568.0,0.0,0.0,6.0,6.0,False,216.0,14.0,True,11.0,True,False,216.0,36.0,36.0,"[1.0, 2.0, 3.0, 4.0, 5.0, 0.0, -0.0]",769.0,5.0,0.9996929925550696,5.0,5.0,5.0,33,296.0,36.0,182.0,114.0,False,14.0
3688,2021-04-25 22:25:30,291551,317743.0,False,0.0,4.0,3.0,78.33331,118.35181,0.0,False,6.0,1.0,2.09,"{'bias': 60.0, 'name': 'BST'}",Android,3463.0,-58.2399,7.0,True,False,0.0,5.0,5.0,5.0,5.0,False,False,"[5.0, 4.0, 3.0, 2.0, 1.0, 0.0, -0.0]","[5.0, 4.0, 3.0, 2.0, 1.0, 0.0, -0.0]",517.0,317743.0,6.0,322077.0,0.0,0.0,6.0,6.0,False,216.0,14.0,True,11.0,True,False,216.0,36.0,,"[1.0, 2.0, 3.0, 4.0, 5.0, 0.0, -0.0]",517.0,7.0,0.9995394888326042,5.0,7.0,5.0,34,332.0,36.0,183.0,149.0,True,14.0
3688,2021-04-25 22:25:30,291551,318511.0,False,0.0,4.0,3.0,-75.83334,119.18567,0.0,False,5.0,1.0,2.09,"{'bias': 60.0, 'name': 'BST'}",Android,768.0,155.00052,7.0,False,False,0.0,4.0,4.0,4.0,4.0,False,False,"[5.0, 4.0, 3.0, 2.0, 1.0, 0.0, -0.0]","[5.0, 4.0, 3.0, 2.0, 1.0, 0.0, -0.0]",517.0,317743.0,6.0,322077.0,0.0,0.0,6.0,6.0,False,216.0,14.0,True,11.0,True,False,216.0,36.0,36.0,"[1.0, 2.0, 3.0, 4.0, 5.0, 0.0, -0.0]",517.0,7.0,0.9995394888326042,5.0,7.0,5.0,34,332.0,36.0,183.0,149.0,True,14.0
3688,2021-04-25 22:25:30,291551,319066.0,False,0.0,4.0,3.0,-171.66667,-9.231262,0.0,False,4.0,1.0,2.09,"{'bias': 60.0, 'name': 'BST'}",Android,555.0,-32.583603,7.0,False,False,0.0,3.0,3.0,3.0,3.0,False,False,"[5.0, 4.0, 3.0, 2.0, 1.0, 0.0, -0.0]","[5.0, 4.0, 3.0, 2.0, 1.0, 0.0, -0.0]",517.0,317743.0,6.0,322077.0,0.0,0.0,6.0,6.0,False,216.0,14.0,True,11.0,True,False,216.0,36.0,36.0,"[1.0, 2.0, 3.0, 4.0, 5.0, 0.0, -0.0]",517.0,7.0,0.9995394888326042,5.0,7.0,5.0,34,332.0,36.0,183.0,149.0,True,14.0
3688,2021-04-25 22:25:30,291551,319516.0,False,0.0,4.0,3.0,-95.0,-145.987,0.0,False,3.0,1.0,2.09,"{'bias': 60.0, 'name': 'BST'}",Android,450.0,-213.42241,7.0,False,False,0.0,2.0,2.0,2.0,2.0,False,False,"[5.0, 4.0, 3.0, 2.0, 1.0, 0.0, -0.0]","[5.0, 4.0, 3.0, 2.0, 1.0, 0.0, -0.0]",517.0,317743.0,6.0,322077.0,0.0,0.0,6.0,6.0,False,216.0,14.0,True,11.0,True,False,216.0,36.0,36.0,"[1.0, 2.0, 3.0, 4.0, 5.0, 0.0, -0.0]",517.0,7.0,0.9995394888326042,5.0,7.0,5.0,34,332.0,36.0,183.0,149.0,True,14.0
3688,2021-04-25 22:25:30,291551,320022.0,False,0.0,4.0,3.0,55.0,-145.15308,0.0,False,2.0,1.0,2.09,"{'bias': 60.0, 'name': 'BST'}",Android,506.0,-149.16608,7.0,False,False,0.0,1.0,1.0,1.0,1.0,False,False,"[5.0, 4.0, 3.0, 2.0, 1.0, 0.0, -0.0]","[5.0, 4.0, 3.0, 2.0, 1.0, 0.0, -0.0]",517.0,317743.0,6.0,322077.0,0.0,0.0,6.0,6.0,False,216.0,14.0,True,11.0,True,False,216.0,36.0,36.0,"[1.0, 2.0, 3.0, 4.0, 5.0, 0.0, -0.0]",517.0,7.0,0.9995394888326042,5.0,7.0,5.0,34,332.0,36.0,183.0,149.0,True,14.0
3688,2021-04-25 22:25:30,291551,320961.0,False,0.0,4.0,3.0,133.33331,-17.570007,0.0,False,1.0,1.0,2.09,"{'bias': 60.0, 'name': 'BST'}",Android,939.0,49.249756,7.0,False,False,0.0,0.0,0.0,0.0,0.0,False,False,"[5.0, 4.0, 3.0, 2.0, 1.0, 0.0, -0.0]","[5.0, 4.0, 3.0, 2.0, 1.0, 0.0, -0.0]",517.0,317743.0,6.0,322077.0,0.0,0.0,6.0,6.0,False,216.0,14.0,True,11.0,True,False,216.0,36.0,36.0,"[1.0, 2.0, 3.0, 4.0, 5.0, 0.0, -0.0]",517.0,7.0,0.9995394888326042,5.0,7.0,5.0,34,332.0,36.0,183.0,149.0,True,14.0
3688,2021-04-25 22:25:30,291551,321779.0,False,0.0,4.0,3.0,-254.16667,-31.74591,0.0,True,1.0,1.0,2.09,"{'bias': 60.0, 'name': 'BST'}",Android,818.0,373.3241,7.0,False,True,0.0,0.0,0.0,-0.0,-0.0,True,False,"[5.0, 4.0, 3.0, 2.0, 1.0, 0.0, -0.0]","[5.0, 4.0, 3.0, 2.0, 1.0, 0.0, -0.0]",517.0,317743.0,6.0,322077.0,0.0,0.0,6.0,6.0,False,216.0,14.0,True,11.0,True,False,216.0,36.0,36.0,"[1.0, 2.0, 3.0, 4.0, 5.0, 0.0, -0.0]",517.0,7.0,0.9995394888326042,5.0,7.0,5.0,34,332.0,36.0,183.0,149.0,True,14.0
3688,2021-04-25 22:25:30,291551,325443.0,False,0.0,2.0,4.0,50.0,-117.63519,0.0,False,2.0,1.0,2.09,"{'bias': 60.0, 'name': 'BST'}",Android,3664.0,-390.05597,7.0,True,False,0.0,1.0,1.0,1.0,1.0,False,False,"[1.0, 2.0, 1.0, 2.0, 1.0, 0.0, -0.0]","[1.0, 2.0, 1.0, 2.0, 1.0, 0.0, -0.0]",14.0,325443.0,6.0,331421.0,0.0,0.0,6.0,6.0,False,216.0,14.0,True,11.0,True,False,216.0,36.0,,"[5.0, 4.0, 3.0, 2.0, 1.0, 0.0, -0.0]",14.0,99.0,0.9752475247524752,7.0,other,7.0,35,368.0,36.0,208.0,160.0,True,14.0
3688,2021-04-25 22:25:30,291551,326745.0,False,0.0,2.0,4.0,-105.0,-150.99023,0.0,False,3.0,1.0,2.09,"{'bias': 60.0, 'name': 'BST'}",Android,1302.0,121.64496,7.0,False,False,0.0,2.0,2.0,2.0,2.0,False,False,"[1.0, 2.0, 1.0, 2.0, 1.0, 0.0, -0.0]","[1.0, 2.0, 1.0, 2.0, 1.0, 0.0, -0.0]",14.0,325443.0,6.0,331421.0,0.0,0.0,6.0,6.0,False,216.0,14.0,True,11.0,True,False,216.0,36.0,36.0,"[5.0, 4.0, 3.0, 2.0, 1.0, 0.0, -0.0]",14.0,99.0,0.9752475247524752,7.0,other,7.0,35,368.0,36.0,208.0,160.0,True,14.0
3688,2021-04-25 22:25:30,291551,327328.0,False,0.0,2.0,4.0,78.33331,-143.48535,0.0,False,2.0,1.0,2.09,"{'bias': 60.0, 'name': 'BST'}",Android,583.0,-175.82843,7.0,False,False,0.0,1.0,1.0,1.0,1.0,False,False,"[1.0, 2.0, 1.0, 2.0, 1.0, 0.0, -0.0]","[1.0, 2.0, 1.0, 2.0, 1.0, 0.0, -0.0]",14.0,325443.0,6.0,331421.0,0.0,0.0,6.0,6.0,False,216.0,14.0,True,11.0,True,False,216.0,36.0,36.0,"[5.0, 4.0, 3.0, 2.0, 1.0, 0.0, -0.0]",14.0,99.0,0.9752475247524752,7.0,other,7.0,35,368.0,36.0,208.0,160.0,True,14.0
3688,2021-04-25 22:25:30,291551,327917.0,False,0.0,2.0,4.0,-114.16667,-152.65796,0.0,False,3.0,1.0,2.09,"{'bias': 60.0, 'name': 'BST'}",Android,589.0,183.32738,7.0,False,False,0.0,2.0,2.0,2.0,2.0,False,False,"[1.0, 2.0, 1.0, 2.0, 1.0, 0.0, -0.0]","[1.0, 2.0, 1.0, 2.0, 1.0, 0.0, -0.0]",14.0,325443.0,6.0,331421.0,0.0,0.0,6.0,6.0,False,216.0,14.0,True,11.0,True,False,216.0,36.0,36.0,"[5.0, 4.0, 3.0, 2.0, 1.0, 0.0, -0.0]",14.0,99.0,0.9752475247524752,7.0,other,7.0,35,368.0,36.0,208.0,160.0,True,14.0
3688,2021-04-25 22:25:30,291551,328562.0,False,0.0,2.0,4.0,71.66666,-134.31268,0.0,False,2.0,1.0,2.09,"{'bias': 60.0, 'name': 'BST'}",Android,645.0,-167.48805,7.0,False,False,0.0,1.0,1.0,1.0,1.0,False,False,"[1.0, 2.0, 1.0, 2.0, 1.0, 0.0, -0.0]","[1.0, 2.0, 1.0, 2.0, 1.0, 0.0, -0.0]",14.0,325443.0,6.0,331421.0,0.0,0.0,6.0,6.0,False,216.0,14.0,True,11.0,True,False,216.0,36.0,36.0,"[5.0, 4.0, 3.0, 2.0, 1.0, 0.0, -0.0]",14.0,99.0,0.9752475247524752,7.0,other,7.0,35,368.0,36.0,208.0,160.0,True,14.0
3688,2021-04-25 22:25:30,291551,330224.0,False,0.0,2.0,4.0,150.0,-6.729675,0.0,False,1.0,1.0,2.09,"{'bias': 60.0, 'name': 'BST'}",Android,1662.0,49.249664,7.0,False,False,0.0,0.0,0.0,0.0,0.0,False,False,"[1.0, 2.0, 1.0, 2.0, 1.0, 0.0, -0.0]","[1.0, 2.0, 1.0, 2.0, 1.0, 0.0, -0.0]",14.0,325443.0,6.0,331421.0,0.0,0.0,6.0,6.0,False,216.0,14.0,True,11.0,True,False,216.0,36.0,36.0,"[5.0, 4.0, 3.0, 2.0, 1.0, 0.0, -0.0]",14.0,99.0,0.9752475247524752,7.0,other,7.0,35,368.0,36.0,208.0,160.0,True,14.0
3688,2021-04-25 22:25:30,291551,331136.0,False,0.0,2.0,4.0,-181.66667,-78.44299,0.0,True,1.0,1.0,2.09,"{'bias': 60.0, 'name': 'BST'}",Android,912.0,259.95337,7.0,False,True,0.0,0.0,0.0,-0.0,-0.0,True,False,"[1.0, 2.0, 1.0, 2.0, 1.0, 0.0, -0.0]","[1.0, 2.0, 1.0, 2.0, 1.0, 0.0, -0.0]",14.0,325443.0,6.0,331421.0,0.0,0.0,6.0,6.0,False,216.0,14.0,True,11.0,True,False,216.0,36.0,36.0,"[5.0, 4.0, 3.0, 2.0, 1.0, 0.0, -0.0]",14.0,99.0,0.9752475247524752,7.0,other,7.0,35,368.0,36.0,208.0,160.0,True,14.0
3688,2021-04-25 22:25:30,291551,334444.0,False,0.0,5.0,5.0,65.83331,-118.469055,0.0,False,2.0,1.0,2.09,"{'bias': 60.0, 'name': 'BST'}",Android,3308.0,-287.52606,7.0,True,False,0.0,1.0,1.0,1.0,1.0,False,False,"[1.0, 2.0, 3.0, 4.0, 5.0, 0.0, -0.0]","[1.0, 2.0, 3.0, 4.0, 5.0, 0.0, -0.0]",769.0,334444.0,6.0,345777.0,0.0,0.0,6.0,6.0,False,216.0,14.0,True,11.0,True,False,216.0,36.0,,"[1.0, 2.0, 1.0, 2.0, 1.0, 0.0, -0.0]",769.0,5.0,0.9996929925550696,99.0,5.0,other,36,404.0,36.0,224.0,180.0,True,14.0
3688,2021-04-25 22:25:30,291551,334709.0,False,0.0,5.0,5.0,-93.33334,-170.16937,0.0,False,3.0,1.0,2.09,"{'bias': 60.0, 'name': 'BST'}",Android,265.0,107.46634,7.0,False,False,0.0,2.0,2.0,2.0,2.0,False,False,"[1.0, 2.0, 3.0, 4.0, 5.0, 0.0, -0.0]","[1.0, 2.0, 3.0, 4.0, 5.0, 0.0, -0.0]",769.0,334444.0,6.0,345777.0,0.0,0.0,6.0,6.0,False,216.0,14.0,True,11.0,True,False,216.0,36.0,36.0,"[1.0, 2.0, 1.0, 2.0, 1.0, 0.0, -0.0]",769.0,5.0,0.9996929925550696,99.0,5.0,other,36,404.0,36.0,224.0,180.0,True,14.0
3688,2021-04-25 22:25:30,291551,335069.0,False,0.0,5.0,5.0,-146.66667,-40.91858,0.0,False,4.0,1.0,2.09,"{'bias': 60.0, 'name': 'BST'}",Android,360.0,182.58412,7.0,False,False,0.0,3.0,3.0,3.0,3.0,False,False,"[1.0, 2.0, 3.0, 4.0, 5.0, 0.0, -0.0]","[1.0, 2.0, 3.0, 4.0, 5.0, 0.0, -0.0]",769.0,334444.0,6.0,345777.0,0.0,0.0,6.0,6.0,False,216.0,14.0,True,11.0,True,False,216.0,36.0,36.0,"[1.0, 2.0, 1.0, 2.0, 1.0, 0.0, -0.0]",769.0,5.0,0.9996929925550696,99.0,5.0,other,36,404.0,36.0,224.0,180.0,True,14.0
3688,2021-04-25 22:25:30,291551,335387.0,False,0.0,5.0,5.0,-88.33334,69.153076,0.0,False,5.0,1.0,2.09,"{'bias': 60.0, 'name': 'BST'}",Android,318.0,51.738327,7.0,False,False,0.0,4.0,4.0,4.0,4.0,False,False,"[1.0, 2.0, 3.0, 4.0, 5.0, 0.0, -0.0]","[1.0, 2.0, 3.0, 4.0, 5.0, 0.0, -0.0]",769.0,334444.0,6.0,345777.0,0.0,0.0,6.0,6.0,False,216.0,14.0,True,11.0,True,False,216.0,36.0,36.0,"[1.0, 2.0, 1.0, 2.0, 1.0, 0.0, -0.0]",769.0,5.0,0.9996929925550696,99.0,5.0,other,36,404.0,36.0,224.0,180.0,True,14.0
3688,2021-04-25 22:25:30,291551,335670.0,False,0.0,5.0,5.0,66.66666,114.18237,0.0,False,6.0,1.0,2.09,"{'bias': 60.0, 'name': 'BST'}",Android,283.0,-109.9707,7.0,False,False,0.0,5.0,5.0,5.0,5.0,False,False,"[1.0, 2.0, 3.0, 4.0, 5.0, 0.0, -0.0]","[1.0, 2.0, 3.0, 4.0, 5.0, 0.0, -0.0]",769.0,334444.0,6.0,345777.0,0.0,0.0,6.0,6.0,False,216.0,14.0,True,11.0,True,False,216.0,36.0,36.0,"[1.0, 2.0, 1.0, 2.0, 1.0, 0.0, -0.0]",769.0,5.0,0.9996929925550696,99.0,5.0,other,36,404.0,36.0,224.0,180.0,True,14.0
3688,2021-04-25 22:25:30,291551,336091.0,False,0.0,5.0,5.0,133.33331,-7.563538,0.0,False,1.0,1.0,2.09,"{'bias': 60.0, 'name': 'BST'}",Android,421.0,-188.41257,7.0,False,False,0.0,0.0,0.0,0.0,0.0,False,False,"[1.0, 2.0, 3.0, 4.0, 5.0, 0.0, -0.0]","[1.0, 2.0, 3.0, 4.0, 5.0, 0.0, -0.0]",769.0,334444.0,6.0,345777.0,0.0,0.0,6.0,6.0,False,216.0,14.0,True,11.0,True,False,216.0,36.0,36.0,"[1.0, 2.0, 1.0, 2.0, 1.0, 0.0, -0.0]",769.0,5.0,0.9996929925550696,99.0,5.0,other,36,404.0,36.0,224.0,180.0,True,14.0
3688,2021-04-25 22:25:30,291551,345487.0,False,0.0,5.0,5.0,-202.5,30.7948,0.0,True,1.0,1.0,2.09,"{'bias': 60.0, 'name': 'BST'}",Android,9396.0,374.19165,7.0,False,True,0.0,0.0,0.0,-0.0,-0.0,True,False,"[1.0, 2.0, 3.0, 4.0, 5.0, 0.0, -0.0]","[1.0, 2.0, 3.0, 4.0, 5.0, 0.0, -0.0]",769.0,334444.0,6.0,345777.0,0.0,0.0,6.0,6.0,False,216.0,14.0,True,11.0,True,False,216.0,36.0,36.0,"[1.0, 2.0, 1.0, 2.0, 1.0, 0.0, -0.0]",769.0,5.0,0.9996929925550696,99.0,5.0,other,36,404.0,36.0,224.0,180.0,True,14.0
3688,2021-04-25 22:25:30,291551,350454.0,False,0.0,1.0,6.0,46.666656,-151.8241,0.0,False,2.0,1.0,2.09,"{'bias': 60.0, 'name': 'BST'}",Android,4967.0,-431.78555,7.0,True,False,0.0,1.0,1.0,1.0,1.0,False,False,"[1.0, 2.0, 3.0, 4.0, 5.0, 0.0, -0.0]","[1.0, 2.0, 3.0, 4.0, 5.0, 0.0, -0.0]",769.0,350454.0,6.0,353669.0,0.0,0.0,6.0,6.0,True,216.0,14.0,True,11.0,True,False,216.0,36.0,,"[1.0, 2.0, 3.0, 4.0, 5.0, 0.0, -0.0]",769.0,5.0,0.9996929925550696,5.0,5.0,5.0,37,440.0,36.0,224.0,216.0,True,14.0
3688,2021-04-25 22:25:30,291551,350625.0,False,0.0,1.0,6.0,-114.16667,-163.49835,0.0,False,3.0,1.0,2.09,"{'bias': 60.0, 'name': 'BST'}",Android,171.0,149.15907,7.0,False,False,0.0,2.0,2.0,2.0,2.0,False,False,"[1.0, 2.0, 3.0, 4.0, 5.0, 0.0, -0.0]","[1.0, 2.0, 3.0, 4.0, 5.0, 0.0, -0.0]",769.0,350454.0,6.0,353669.0,0.0,0.0,6.0,6.0,True,216.0,14.0,True,11.0,True,False,216.0,36.0,36.0,"[1.0, 2.0, 3.0, 4.0, 5.0, 0.0, -0.0]",769.0,5.0,0.9996929925550696,5.0,5.0,5.0,37,440.0,36.0,224.0,216.0,True,14.0
3688,2021-04-25 22:25:30,291551,350805.0,False,0.0,1.0,6.0,-166.66667,0.775269,0.0,False,4.0,1.0,2.09,"{'bias': 60.0, 'name': 'BST'}",Android,180.0,216.77362,7.0,False,False,0.0,3.0,3.0,3.0,3.0,False,False,"[1.0, 2.0, 3.0, 4.0, 5.0, 0.0, -0.0]","[1.0, 2.0, 3.0, 4.0, 5.0, 0.0, -0.0]",769.0,350454.0,6.0,353669.0,0.0,0.0,6.0,6.0,True,216.0,14.0,True,11.0,True,False,216.0,36.0,36.0,"[1.0, 2.0, 3.0, 4.0, 5.0, 0.0, -0.0]",769.0,5.0,0.9996929925550696,5.0,5.0,5.0,37,440.0,36.0,224.0,216.0,True,14.0
3688,2021-04-25 22:25:30,291551,350963.0,False,0.0,1.0,6.0,-67.5,124.1889,0.0,False,5.0,1.0,2.09,"{'bias': 60.0, 'name': 'BST'}",Android,158.0,24.246964,7.0,False,False,0.0,4.0,4.0,4.0,4.0,False,False,"[1.0, 2.0, 3.0, 4.0, 5.0, 0.0, -0.0]","[1.0, 2.0, 3.0, 4.0, 5.0, 0.0, -0.0]",769.0,350454.0,6.0,353669.0,0.0,0.0,6.0,6.0,True,216.0,14.0,True,11.0,True,False,216.0,36.0,36.0,"[1.0, 2.0, 3.0, 4.0, 5.0, 0.0, -0.0]",769.0,5.0,0.9996929925550696,5.0,5.0,5.0,37,440.0,36.0,224.0,216.0,True,14.0
3688,2021-04-25 22:25:30,291551,351156.0,False,0.0,1.0,6.0,80.83331,94.16937,0.0,False,6.0,1.0,2.09,"{'bias': 60.0, 'name': 'BST'}",Android,193.0,-178.35284,7.0,False,False,0.0,5.0,5.0,5.0,5.0,False,False,"[1.0, 2.0, 3.0, 4.0, 5.0, 0.0, -0.0]","[1.0, 2.0, 3.0, 4.0, 5.0, 0.0, -0.0]",769.0,350454.0,6.0,353669.0,0.0,0.0,6.0,6.0,True,216.0,14.0,True,11.0,True,False,216.0,36.0,36.0,"[1.0, 2.0, 3.0, 4.0, 5.0, 0.0, -0.0]",769.0,5.0,0.9996929925550696,5.0,5.0,5.0,37,440.0,36.0,224.0,216.0,True,14.0
3688,2021-04-25 22:25:30,291551,352555.0,False,0.0,1.0,6.0,145.0,-21.73944,0.0,False,1.0,1.0,2.09,"{'bias': 60.0, 'name': 'BST'}",Android,1399.0,-180.0755,7.0,False,False,0.0,0.0,0.0,0.0,0.0,False,False,"[1.0, 2.0, 3.0, 4.0, 5.0, 0.0, -0.0]","[1.0, 2.0, 3.0, 4.0, 5.0, 0.0, -0.0]",769.0,350454.0,6.0,353669.0,0.0,0.0,6.0,6.0,True,216.0,14.0,True,11.0,True,False,216.0,36.0,36.0,"[1.0, 2.0, 3.0, 4.0, 5.0, 0.0, -0.0]",769.0,5.0,0.9996929925550696,5.0,5.0,5.0,37,440.0,36.0,224.0,216.0,True,14.0
3688,2021-04-25 22:25:30,291551,353379.0,False,0.0,1.0,6.0,-173.33334,-39.250793,0.0,True,1.0,1.0,2.09,"{'bias': 60.0, 'name': 'BST'}",Android,824.0,300.822,7.0,False,True,0.0,0.0,0.0,-0.0,-0.0,True,False,"[1.0, 2.0, 3.0, 4.0, 5.0, 0.0, -0.0]","[1.0, 2.0, 3.0, 4.0, 5.0, 0.0, -0.0]",769.0,350454.0,6.0,353669.0,0.0,0.0,6.0,6.0,True,216.0,14.0,True,11.0,True,False,216.0,36.0,36.0,"[1.0, 2.0, 3.0, 4.0, 5.0, 0.0, -0.0]",769.0,5.0,0.9996929925550696,5.0,5.0,5.0,37,440.0,36.0,224.0,216.0,True,14.0
3688,2021-04-25 20:11:11,319028,325314.0,False,0.0,4.0,1.0,69.16666,-118.469055,0.0,False,2.0,1.0,2.09,"{'bias': 60.0, 'name': 'BST'}",Android,16172.0,-354.23615,3.0,True,False,0.0,1.0,1.0,1.0,1.0,False,False,"[1.0, -1.0, -0.0]","[1.0, -1.0, -0.0]",25.0,325314.0,4.0,331617.0,0.0,0.0,2.0,4.0,False,22.0,6.0,False,11.0,True,True,-20.0,4.0,,,25.0,88.0,0.98718243917415,112.0,other,first,38,444.0,4.0,260.0,184.0,True,14.0
3688,2021-04-25 20:11:11,319028,329252.0,False,0.0,4.0,1.0,136.66666,3.276855,0.0,True,2.0,1.0,2.09,"{'bias': 60.0, 'name': 'BST'}",Android,3938.0,54.24591,3.0,False,False,0.0,1.0,1.0,-1.0,-1.0,False,False,"[1.0, -1.0, -0.0]","[1.0, -1.0, -0.0]",25.0,325314.0,4.0,331617.0,0.0,0.0,2.0,4.0,False,22.0,6.0,False,11.0,True,True,-20.0,4.0,4.0,,25.0,88.0,0.98718243917415,112.0,other,other,38,444.0,4.0,260.0,184.0,True,14.0
3688,2021-04-25 20:11:11,319028,331016.0,False,0.0,4.0,1.0,54.166656,-94.28662,0.0,True,1.0,1.0,2.09,"{'bias': 60.0, 'name': 'BST'}",Android,1764.0,-15.063477,3.0,False,True,0.0,0.0,0.0,-0.0,-0.0,True,False,"[1.0, -1.0, -0.0]","[1.0, -1.0, -0.0]",25.0,325314.0,4.0,331617.0,0.0,0.0,2.0,4.0,False,22.0,6.0,False,11.0,True,True,-20.0,4.0,4.0,,25.0,88.0,0.98718243917415,112.0,other,other,38,444.0,4.0,260.0,184.0,True,14.0
3688,2021-04-25 20:11:11,319028,337916.0,False,0.0,4.0,2.0,-205.0,3.276855,0.0,True,1.0,1.0,2.09,"{'bias': 60.0, 'name': 'BST'}",Android,6900.0,356.73013,1.0,True,True,0.0,0.0,0.0,-0.0,-0.0,True,False,[-0.0],[-0.0],10219.0,337916.0,4.0,338523.0,0.0,0.0,1.0,4.0,False,22.0,6.0,False,11.0,True,True,-20.0,1.0,,"[1.0, -1.0, -0.0]",10192.0,1.0,1.0,88.0,1.0,other,39,445.0,1.0,296.0,149.0,True,14.0
3688,2021-04-25 20:11:11,319028,341937.0,False,0.0,4.0,3.0,95.0,-4.228027,0.0,True,4.0,1.0,2.09,"{'bias': 60.0, 'name': 'BST'}",Android,4021.0,-307.50488,4.0,True,False,0.0,3.0,3.0,-3.0,-3.0,False,False,"[-3.0, -3.0, -3.0, -0.0]","[-3.0, -3.0, -3.0, -0.0]",36.0,341937.0,4.0,346625.0,0.0,0.0,4.0,4.0,False,22.0,6.0,False,11.0,True,True,-20.0,16.0,,[-0.0],36.0,77.0,0.990943280374549,1.0,other,1.0,40,461.0,16.0,332.0,129.0,True,14.0
3688,2021-04-25 20:11:11,319028,343634.0,False,0.0,4.0,3.0,40.0,165.88275,0.0,True,4.0,1.0,2.09,"{'bias': 60.0, 'name': 'BST'}",Android,1697.0,225.11078,4.0,False,False,0.0,3.0,3.0,-3.0,-3.0,False,False,"[-3.0, -3.0, -3.0, -0.0]","[-3.0, -3.0, -3.0, -0.0]",36.0,341937.0,4.0,346625.0,0.0,0.0,4.0,4.0,False,22.0,6.0,False,11.0,True,True,-20.0,16.0,16.0,[-0.0],36.0,77.0,0.990943280374549,1.0,other,1.0,40,461.0,16.0,332.0,129.0,True,14.0
3688,2021-04-25 20:11:11,319028,344640.0,False,0.0,4.0,3.0,198.33331,26.625427,0.0,True,4.0,1.0,2.09,"{'bias': 60.0, 'name': 'BST'}",Android,1006.0,-297.59064,4.0,False,False,0.0,3.0,3.0,-3.0,-3.0,False,False,"[-3.0, -3.0, -3.0, -0.0]","[-3.0, -3.0, -3.0, -0.0]",36.0,341937.0,4.0,346625.0,0.0,0.0,4.0,4.0,False,22.0,6.0,False,11.0,True,True,-20.0,16.0,16.0,[-0.0],36.0,77.0,0.990943280374549,1.0,other,1.0,40,461.0,16.0,332.0,129.0,True,14.0
3688,2021-04-25 20:11:11,319028,345401.0,False,0.0,4.0,3.0,-230.0,-24.241028,0.0,True,1.0,1.0,2.09,"{'bias': 60.0, 'name': 'BST'}",Android,761.0,377.46686,4.0,False,True,0.0,0.0,0.0,-0.0,-0.0,True,False,"[-3.0, -3.0, -3.0, -0.0]","[-3.0, -3.0, -3.0, -0.0]",36.0,341937.0,4.0,346625.0,0.0,0.0,4.0,4.0,False,22.0,6.0,False,11.0,True,True,-20.0,16.0,16.0,[-0.0],36.0,77.0,0.990943280374549,1.0,other,1.0,40,461.0,16.0,332.0,129.0,True,14.0
3688,2021-04-25 20:11:11,319028,350025.0,False,0.0,4.0,4.0,-281.66666,-50.091187,0.0,True,1.0,1.0,2.09,"{'bias': 60.0, 'name': 'BST'}",Android,4624.0,25.816498,1.0,True,True,0.0,0.0,0.0,-0.0,-0.0,True,False,[-0.0],[-0.0],10219.0,350025.0,4.0,350608.0,0.0,0.0,1.0,4.0,True,22.0,6.0,False,11.0,True,True,-20.0,1.0,,"[-3.0, -3.0, -3.0, -0.0]",10192.0,1.0,1.0,77.0,1.0,other,41,462.0,1.0,368.0,94.0,False,14.0
3688,2021-04-25 20:11:52,360598,362958.0,False,0.0,1.0,1.0,0.0,-185.17914,0.0,True,1.0,1.0,2.09,"{'bias': 60.0, 'name': 'BST'}",Android,12933.0,-416.7546,1.0,True,True,0.0,0.0,0.0,-0.0,-0.0,True,False,[-0.0],[-0.0],10219.0,362958.0,3.0,363541.0,0.0,0.0,1.0,3.0,False,6.0,7.0,False,11.0,True,True,-16.0,1.0,,,10192.0,1.0,1.0,1.0,1.0,first,42,463.0,1.0,404.0,59.0,False,14.0
3688,2021-04-25 20:11:52,360598,366861.0,False,0.0,1.0,2.0,139.16666,9.114014,0.0,True,2.0,1.0,2.09,"{'bias': 60.0, 'name': 'BST'}",Android,3903.0,55.126495,3.0,True,False,0.0,1.0,1.0,-1.0,-1.0,False,False,"[-1.0, -1.0, -0.0]","[-1.0, -1.0, -0.0]",65.0,366861.0,3.0,370134.0,0.0,0.0,2.0,3.0,False,6.0,7.0,False,11.0,True,True,-16.0,4.0,,[-0.0],65.0,52.0,0.9955100161178908,1.0,other,1.0,43,467.0,4.0,440.0,27.0,False,14.0
3688,2021-04-25 20:11:52,360598,368559.0,False,0.0,1.0,2.0,155.83331,-6.729675,0.0,True,2.0,1.0,2.09,"{'bias': 60.0, 'name': 'BST'}",Android,1698.0,-32.510345,3.0,False,False,0.0,1.0,1.0,-1.0,-1.0,False,False,"[-1.0, -1.0, -0.0]","[-1.0, -1.0, -0.0]",65.0,366861.0,3.0,370134.0,0.0,0.0,2.0,3.0,False,6.0,7.0,False,11.0,True,True,-16.0,4.0,4.0,[-0.0],65.0,52.0,0.9955100161178908,1.0,other,1.0,43,467.0,4.0,440.0,27.0,False,14.0
3688,2021-04-25 20:11:52,360598,369521.0,False,0.0,1.0,2.0,93.33331,-83.44623,0.0,True,1.0,1.0,2.09,"{'bias': 60.0, 'name': 'BST'}",Android,962.0,-14.216553,3.0,False,True,0.0,0.0,0.0,-0.0,-0.0,True,False,"[-1.0, -1.0, -0.0]","[-1.0, -1.0, -0.0]",65.0,366861.0,3.0,370134.0,0.0,0.0,2.0,3.0,False,6.0,7.0,False,11.0,True,True,-16.0,4.0,4.0,[-0.0],65.0,52.0,0.9955100161178908,1.0,other,1.0,43,467.0,4.0,440.0,27.0,False,14.0
3688,2021-04-25 20:11:52,360598,372704.0,False,0.0,1.0,3.0,-151.66667,-153.49188,0.0,True,1.0,1.0,2.09,"{'bias': 60.0, 'name': 'BST'}",Android,3183.0,174.95433,1.0,True,True,0.0,0.0,0.0,-0.0,-0.0,True,False,[-0.0],[-0.0],10219.0,372704.0,3.0,373311.0,0.0,0.0,1.0,3.0,True,6.0,7.0,False,11.0,True,True,-16.0,1.0,,"[-1.0, -1.0, -0.0]",10192.0,1.0,1.0,52.0,1.0,other,44,468.0,1.0,444.0,24.0,False,14.0
3688,2021-04-25 20:12:13,381297,383477.0,False,0.0,2.0,1.0,65.83331,-159.32898,0.0,False,2.0,1.0,2.09,"{'bias': 60.0, 'name': 'BST'}",Android,10773.0,-223.33708,7.0,True,False,0.0,1.0,1.0,1.0,1.0,False,False,"[1.0, 1.0, 1.0, 1.0, 1.0, 1.0, -0.0]","[1.0, 1.0, 1.0, 1.0, 1.0, 1.0, -0.0]",18.0,383477.0,3.0,391520.0,0.0,0.0,7.0,3.0,False,17.0,8.0,False,11.0,True,True,11.0,0.0,,,18.0,95.0,0.9815411773735512,1.0,other,first,45,468.0,0.0,445.0,23.0,False,14.0
3688,2021-04-25 20:12:13,381297,385946.0,False,0.0,2.0,1.0,58.333313,-139.31598,0.0,False,2.0,1.0,2.09,"{'bias': 60.0, 'name': 'BST'}",Android,2469.0,27.513,7.0,False,False,0.0,1.0,1.0,1.0,1.0,False,False,"[1.0, 1.0, 1.0, 1.0, 1.0, 1.0, -0.0]","[1.0, 1.0, 1.0, 1.0, 1.0, 1.0, -0.0]",18.0,383477.0,3.0,391520.0,0.0,0.0,7.0,3.0,False,17.0,8.0,False,11.0,True,True,11.0,0.0,0.0,,18.0,95.0,0.9815411773735512,1.0,other,1.0,45,468.0,0.0,445.0,23.0,False,14.0
3688,2021-04-25 20:12:13,381297,387985.0,False,0.0,2.0,1.0,57.5,-135.98047,0.0,False,2.0,1.0,2.09,"{'bias': 60.0, 'name': 'BST'}",Android,2039.0,4.1688232,7.0,False,False,0.0,1.0,1.0,1.0,1.0,False,False,"[1.0, 1.0, 1.0, 1.0, 1.0, 1.0, -0.0]","[1.0, 1.0, 1.0, 1.0, 1.0, 1.0, -0.0]",18.0,383477.0,3.0,391520.0,0.0,0.0,7.0,3.0,False,17.0,8.0,False,11.0,True,True,11.0,0.0,0.0,,18.0,95.0,0.9815411773735512,1.0,other,1.0,45,468.0,0.0,445.0,23.0,False,14.0
3688,2021-04-25 20:12:13,381297,388672.0,False,0.0,2.0,1.0,36.666656,-141.81757,0.0,False,2.0,1.0,2.09,"{'bias': 60.0, 'name': 'BST'}",Android,687.0,14.996246,7.0,False,False,0.0,1.0,1.0,1.0,1.0,False,False,"[1.0, 1.0, 1.0, 1.0, 1.0, 1.0, -0.0]","[1.0, 1.0, 1.0, 1.0, 1.0, 1.0, -0.0]",18.0,383477.0,3.0,391520.0,0.0,0.0,7.0,3.0,False,17.0,8.0,False,11.0,True,True,11.0,0.0,0.0,,18.0,95.0,0.9815411773735512,1.0,other,1.0,45,468.0,0.0,445.0,23.0,False,14.0
3688,2021-04-25 20:12:13,381297,389233.0,False,0.0,2.0,1.0,50.0,-137.6482,0.0,False,2.0,1.0,2.09,"{'bias': 60.0, 'name': 'BST'}",Android,561.0,-9.163971,7.0,False,False,0.0,1.0,1.0,1.0,1.0,False,False,"[1.0, 1.0, 1.0, 1.0, 1.0, 1.0, -0.0]","[1.0, 1.0, 1.0, 1.0, 1.0, 1.0, -0.0]",18.0,383477.0,3.0,391520.0,0.0,0.0,7.0,3.0,False,17.0,8.0,False,11.0,True,True,11.0,0.0,0.0,,18.0,95.0,0.9815411773735512,1.0,other,1.0,45,468.0,0.0,445.0,23.0,False,14.0
3688,2021-04-25 20:12:13,381297,389838.0,False,0.0,2.0,1.0,60.833313,-141.81757,0.0,False,2.0,1.0,2.09,"{'bias': 60.0, 'name': 'BST'}",Android,605.0,-15.002686,7.0,False,False,0.0,1.0,1.0,1.0,1.0,False,False,"[1.0, 1.0, 1.0, 1.0, 1.0, 1.0, -0.0]","[1.0, 1.0, 1.0, 1.0, 1.0, 1.0, -0.0]",18.0,383477.0,3.0,391520.0,0.0,0.0,7.0,3.0,False,17.0,8.0,False,11.0,True,True,11.0,0.0,0.0,,18.0,95.0,0.9815411773735512,1.0,other,1.0,45,468.0,0.0,445.0,23.0,False,14.0
3688,2021-04-25 20:12:13,381297,391234.0,False,0.0,2.0,1.0,90.0,-85.947876,0.0,True,1.0,1.0,2.09,"{'bias': 60.0, 'name': 'BST'}",Android,1396.0,26.703003,7.0,False,True,0.0,0.0,0.0,-0.0,-0.0,True,False,"[1.0, 1.0, 1.0, 1.0, 1.0, 1.0, -0.0]","[1.0, 1.0, 1.0, 1.0, 1.0, 1.0, -0.0]",18.0,383477.0,3.0,391520.0,0.0,0.0,7.0,3.0,False,17.0,8.0,False,11.0,True,True,11.0,0.0,0.0,,18.0,95.0,0.9815411773735512,1.0,other,1.0,45,468.0,0.0,445.0,23.0,False,14.0
3688,2021-04-25 20:12:13,381297,394990.0,False,0.0,2.0,2.0,-236.66667,-2.560242,0.0,True,1.0,1.0,2.09,"{'bias': 60.0, 'name': 'BST'}",Android,3756.0,410.05432,1.0,True,True,0.0,0.0,0.0,-0.0,-0.0,True,False,[-0.0],[-0.0],10219.0,394990.0,3.0,395571.0,0.0,0.0,1.0,3.0,False,17.0,8.0,False,11.0,True,True,11.0,1.0,,"[1.0, 1.0, 1.0, 1.0, 1.0, 1.0, -0.0]",10192.0,1.0,1.0,95.0,1.0,other,46,469.0,1.0,461.0,8.0,False,14.0
3688,2021-04-25 20:12:13,381297,398746.0,False,0.0,2.0,3.0,-182.5,-14.234558,0.0,False,4.0,1.0,2.09,"{'bias': 60.0, 'name': 'BST'}",Android,3756.0,-65.84099,4.0,True,False,0.0,3.0,3.0,3.0,3.0,False,False,"[3.0, 4.0, 5.0, -0.0]","[3.0, 4.0, 5.0, -0.0]",3.0,398746.0,3.0,401949.0,0.0,0.0,4.0,3.0,True,17.0,8.0,False,11.0,True,True,11.0,16.0,,[-0.0],3.0,110.0,0.8773121498196331,1.0,other,1.0,47,485.0,16.0,462.0,23.0,False,14.0
3688,2021-04-25 20:12:13,381297,399614.0,False,0.0,2.0,3.0,-79.16667,135.86316,0.0,False,5.0,1.0,2.09,"{'bias': 60.0, 'name': 'BST'}",Android,868.0,46.76439,4.0,False,False,0.0,4.0,4.0,4.0,4.0,False,False,"[3.0, 4.0, 5.0, -0.0]","[3.0, 4.0, 5.0, -0.0]",3.0,398746.0,3.0,401949.0,0.0,0.0,4.0,3.0,True,17.0,8.0,False,11.0,True,True,11.0,16.0,16.0,[-0.0],3.0,110.0,0.8773121498196331,1.0,other,1.0,47,485.0,16.0,462.0,23.0,False,14.0
3688,2021-04-25 20:12:13,381297,400081.0,False,0.0,2.0,3.0,62.5,150.03906,0.0,False,6.0,1.0,2.09,"{'bias': 60.0, 'name': 'BST'}",Android,467.0,-127.49077,4.0,False,False,0.0,5.0,5.0,5.0,5.0,False,False,"[3.0, 4.0, 5.0, -0.0]","[3.0, 4.0, 5.0, -0.0]",3.0,398746.0,3.0,401949.0,0.0,0.0,4.0,3.0,True,17.0,8.0,False,11.0,True,True,11.0,16.0,16.0,[-0.0],3.0,110.0,0.8773121498196331,1.0,other,1.0,47,485.0,16.0,462.0,23.0,False,14.0
3688,2021-04-25 20:12:13,381297,401353.0,False,0.0,2.0,3.0,-99.16667,-3.394165,0.0,True,1.0,1.0,2.09,"{'bias': 60.0, 'name': 'BST'}",Android,1272.0,8.233444,4.0,False,True,0.0,0.0,0.0,-0.0,-0.0,True,False,"[3.0, 4.0, 5.0, -0.0]","[3.0, 4.0, 5.0, -0.0]",3.0,398746.0,3.0,401949.0,0.0,0.0,4.0,3.0,True,17.0,8.0,False,11.0,True,True,11.0,16.0,16.0,[-0.0],3.0,110.0,0.8773121498196331,1.0,other,1.0,47,485.0,16.0,462.0,23.0,False,14.0
3688,2021-04-25 20:12:48,416728,421101.0,False,0.0,5.0,1.0,-90.83334,115.0163,0.0,False,5.0,1.0,2.09,"{'bias': 60.0, 'name': 'BST'}",Android,19748.0,110.07713,8.0,True,False,0.0,4.0,4.0,4.0,4.0,False,False,"[4.0, 5.0, 0.0, 1.0, 2.0, 3.0, -3.0, -0.0]","[4.0, 5.0, 0.0, 1.0, 2.0, 3.0, -3.0, -0.0]",1.0,421101.0,3.0,439163.0,0.0,0.0,7.0,3.0,False,0.0,9.0,False,11.0,True,True,-17.0,0.0,,,1.0,112.0,0.3794228260035306,110.0,other,first,48,485.0,0.0,463.0,22.0,False,14.0
3688,2021-04-25 20:12:48,416728,427166.0,False,0.0,5.0,1.0,55.833313,128.35828,0.0,False,6.0,1.0,2.09,"{'bias': 60.0, 'name': 'BST'}",Android,6065.0,-133.32468,8.0,False,False,0.0,5.0,5.0,5.0,5.0,False,False,"[4.0, 5.0, 0.0, 1.0, 2.0, 3.0, -3.0, -0.0]","[4.0, 5.0, 0.0, 1.0, 2.0, 3.0, -3.0, -0.0]",1.0,421101.0,3.0,439163.0,0.0,0.0,7.0,3.0,False,0.0,9.0,False,11.0,True,True,-17.0,0.0,0.0,,1.0,112.0,0.3794228260035306,110.0,other,other,48,485.0,0.0,463.0,22.0,False,14.0
3688,2021-04-25 20:12:48,416728,429170.0,False,0.0,5.0,1.0,117.5,10.781738,0.0,False,1.0,1.0,2.09,"{'bias': 60.0, 'name': 'BST'}",Android,2004.0,-179.24323,8.0,False,False,0.0,0.0,0.0,0.0,0.0,False,False,"[4.0, 5.0, 0.0, 1.0, 2.0, 3.0, -3.0, -0.0]","[4.0, 5.0, 0.0, 1.0, 2.0, 3.0, -3.0, -0.0]",1.0,421101.0,3.0,439163.0,0.0,0.0,7.0,3.0,False,0.0,9.0,False,11.0,True,True,-17.0,0.0,0.0,,1.0,112.0,0.3794228260035306,110.0,other,other,48,485.0,0.0,463.0,22.0,False,14.0
3688,2021-04-25 20:12:48,416728,431042.0,False,0.0,5.0,1.0,50.0,-133.47882,0.0,False,2.0,1.0,2.09,"{'bias': 60.0, 'name': 'BST'}",Android,1872.0,-76.76056,8.0,False,False,0.0,1.0,1.0,1.0,1.0,False,False,"[4.0, 5.0, 0.0, 1.0, 2.0, 3.0, -3.0, -0.0]","[4.0, 5.0, 0.0, 1.0, 2.0, 3.0, -3.0, -0.0]",1.0,421101.0,3.0,439163.0,0.0,0.0,7.0,3.0,False,0.0,9.0,False,11.0,True,True,-17.0,0.0,0.0,,1.0,112.0,0.3794228260035306,110.0,other,other,48,485.0,0.0,463.0,22.0,False,14.0
3688,2021-04-25 20:12:48,416728,433216.0,False,0.0,5.0,1.0,-95.83334,-135.1466,0.0,False,3.0,1.0,2.09,"{'bias': 60.0, 'name': 'BST'}",Android,2174.0,144.16556,8.0,False,False,0.0,2.0,2.0,2.0,2.0,False,False,"[4.0, 5.0, 0.0, 1.0, 2.0, 3.0, -3.0, -0.0]","[4.0, 5.0, 0.0, 1.0, 2.0, 3.0, -3.0, -0.0]",1.0,421101.0,3.0,439163.0,0.0,0.0,7.0,3.0,False,0.0,9.0,False,11.0,True,True,-17.0,0.0,0.0,,1.0,112.0,0.3794228260035306,110.0,other,other,48,485.0,0.0,463.0,22.0,False,14.0
3688,2021-04-25 20:12:48,416728,435872.0,False,0.0,5.0,1.0,-184.16667,2.442993,0.0,False,4.0,1.0,2.09,"{'bias': 60.0, 'name': 'BST'}",Android,2656.0,225.92293,8.0,False,False,0.0,3.0,3.0,3.0,3.0,False,False,"[4.0, 5.0, 0.0, 1.0, 2.0, 3.0, -3.0, -0.0]","[4.0, 5.0, 0.0, 1.0, 2.0, 3.0, -3.0, -0.0]",1.0,421101.0,3.0,439163.0,0.0,0.0,7.0,3.0,False,0.0,9.0,False,11.0,True,True,-17.0,0.0,0.0,,1.0,112.0,0.3794228260035306,110.0,other,other,48,485.0,0.0,463.0,22.0,False,14.0
3688,2021-04-25 20:12:48,416728,437826.0,False,0.0,5.0,1.0,142.5,22.455994,0.0,True,4.0,1.0,2.09,"{'bias': 60.0, 'name': 'BST'}",Android,1954.0,-306.6537,8.0,False,False,0.0,3.0,3.0,-3.0,-3.0,False,False,"[4.0, 5.0, 0.0, 1.0, 2.0, 3.0, -3.0, -0.0]","[4.0, 5.0, 0.0, 1.0, 2.0, 3.0, -3.0, -0.0]",1.0,421101.0,3.0,439163.0,0.0,0.0,7.0,3.0,False,0.0,9.0,False,11.0,True,True,-17.0,0.0,0.0,,1.0,112.0,0.3794228260035306,110.0,other,other,48,485.0,0.0,463.0,22.0,False,14.0
3688,2021-04-25 20:12:48,416728,438879.0,False,0.0,5.0,1.0,-192.5,-3.394165,0.0,True,1.0,1.0,2.09,"{'bias': 60.0, 'name': 'BST'}",Android,1053.0,309.14984,8.0,False,True,0.0,0.0,0.0,-0.0,-0.0,True,False,"[4.0, 5.0, 0.0, 1.0, 2.0, 3.0, -3.0, -0.0]","[4.0, 5.0, 0.0, 1.0, 2.0, 3.0, -3.0, -0.0]",1.0,421101.0,3.0,439163.0,0.0,0.0,7.0,3.0,False,0.0,9.0,False,11.0,True,True,-17.0,0.0,0.0,,1.0,112.0,0.3794228260035306,110.0,other,other,48,485.0,0.0,463.0,22.0,False,14.0
3688,2021-04-25 20:12:48,416728,441966.0,False,0.0,5.0,2.0,110.83331,-53.426697,0.0,True,4.0,1.0,2.09,"{'bias': 60.0, 'name': 'BST'}",Android,3087.0,-353.36584,8.0,True,False,0.0,3.0,3.0,-3.0,-3.0,False,False,"[-3.0, -2.0, 1.0, 0.0, 5.0, 4.0, 3.0, 3.0]","[-3.0, -2.0, 1.0, 0.0, 5.0, 4.0, 3.0, 3.0]",1.0,441966.0,3.0,446689.0,0.0,0.0,7.0,3.0,False,0.0,9.0,False,11.0,True,True,-17.0,0.0,,"[4.0, 5.0, 0.0, 1.0, 2.0, 3.0, -3.0, -0.0]",1.0,112.0,0.3794228260035306,112.0,other,other,49,485.0,0.0,467.0,18.0,False,14.0
3688,2021-04-25 20:12:48,416728,442983.0,False,0.0,5.0,2.0,-114.16667,179.22473,0.0,True,3.0,1.0,2.09,"{'bias': 60.0, 'name': 'BST'}",Android,1017.0,457.65143,8.0,False,False,0.0,2.0,2.0,-2.0,-2.0,False,False,"[-3.0, -2.0, 1.0, 0.0, 5.0, 4.0, 3.0, 3.0]","[-3.0, -2.0, 1.0, 0.0, 5.0, 4.0, 3.0, 3.0]",1.0,441966.0,3.0,446689.0,0.0,0.0,7.0,3.0,False,0.0,9.0,False,11.0,True,True,-17.0,0.0,0.0,"[4.0, 5.0, 0.0, 1.0, 2.0, 3.0, -3.0, -0.0]",1.0,112.0,0.3794228260035306,112.0,other,other,49,485.0,0.0,467.0,18.0,False,14.0
3688,2021-04-25 20:12:48,416728,444002.0,False,0.0,5.0,2.0,62.5,-146.82086,0.0,False,2.0,1.0,2.09,"{'bias': 60.0, 'name': 'BST'}",Android,1019.0,-502.71228,8.0,False,False,0.0,1.0,1.0,1.0,1.0,False,False,"[-3.0, -2.0, 1.0, 0.0, 5.0, 4.0, 3.0, 3.0]","[-3.0, -2.0, 1.0, 0.0, 5.0, 4.0, 3.0, 3.0]",1.0,441966.0,3.0,446689.0,0.0,0.0,7.0,3.0,False,0.0,9.0,False,11.0,True,True,-17.0,0.0,0.0,"[4.0, 5.0, 0.0, 1.0, 2.0, 3.0, -3.0, -0.0]",1.0,112.0,0.3794228260035306,112.0,other,other,49,485.0,0.0,467.0,18.0,False,14.0
3688,2021-04-25 20:12:48,416728,444456.0,False,0.0,5.0,2.0,143.33331,-4.228027,0.0,False,1.0,1.0,2.09,"{'bias': 60.0, 'name': 'BST'}",Android,454.0,61.75952,8.0,False,False,0.0,0.0,0.0,0.0,0.0,False,False,"[-3.0, -2.0, 1.0, 0.0, 5.0, 4.0, 3.0, 3.0]","[-3.0, -2.0, 1.0, 0.0, 5.0, 4.0, 3.0, 3.0]",1.0,441966.0,3.0,446689.0,0.0,0.0,7.0,3.0,False,0.0,9.0,False,11.0,True,True,-17.0,0.0,0.0,"[4.0, 5.0, 0.0, 1.0, 2.0, 3.0, -3.0, -0.0]",1.0,112.0,0.3794228260035306,112.0,other,other,49,485.0,0.0,467.0,18.0,False,14.0
3688,2021-04-25 20:12:48,416728,445031.0,False,0.0,5.0,2.0,66.66666,147.53748,0.0,False,6.0,1.0,2.09,"{'bias': 60.0, 'name': 'BST'}",Android,575.0,228.43216,8.0,False,False,0.0,5.0,5.0,5.0,5.0,False,False,"[-3.0, -2.0, 1.0, 0.0, 5.0, 4.0, 3.0, 3.0]","[-3.0, -2.0, 1.0, 0.0, 5.0, 4.0, 3.0, 3.0]",1.0,441966.0,3.0,446689.0,0.0,0.0,7.0,3.0,False,0.0,9.0,False,11.0,True,True,-17.0,0.0,0.0,"[4.0, 5.0, 0.0, 1.0, 2.0, 3.0, -3.0, -0.0]",1.0,112.0,0.3794228260035306,112.0,other,other,49,485.0,0.0,467.0,18.0,False,14.0
3688,2021-04-25 20:12:48,416728,445664.0,False,0.0,5.0,2.0,-84.16667,142.53418,0.0,False,5.0,1.0,2.09,"{'bias': 60.0, 'name': 'BST'}",Android,633.0,145.83003,8.0,False,False,0.0,4.0,4.0,4.0,4.0,False,False,"[-3.0, -2.0, 1.0, 0.0, 5.0, 4.0, 3.0, 3.0]","[-3.0, -2.0, 1.0, 0.0, 5.0, 4.0, 3.0, 3.0]",1.0,441966.0,3.0,446689.0,0.0,0.0,7.0,3.0,False,0.0,9.0,False,11.0,True,True,-17.0,0.0,0.0,"[4.0, 5.0, 0.0, 1.0, 2.0, 3.0, -3.0, -0.0]",1.0,112.0,0.3794228260035306,112.0,other,other,49,485.0,0.0,467.0,18.0,False,14.0
3688,2021-04-25 20:12:48,416728,446386.0,False,0.0,5.0,2.0,-193.33334,31.628662,0.0,False,4.0,1.0,2.09,"{'bias': 60.0, 'name': 'BST'}",Android,722.0,-1.7388458,8.0,False,False,0.0,3.0,3.0,3.0,3.0,False,False,"[-3.0, -2.0, 1.0, 0.0, 5.0, 4.0, 3.0, 3.0]","[-3.0, -2.0, 1.0, 0.0, 5.0, 4.0, 3.0, 3.0]",1.0,441966.0,3.0,446689.0,0.0,0.0,7.0,3.0,False,0.0,9.0,False,11.0,True,True,-17.0,0.0,0.0,"[4.0, 5.0, 0.0, 1.0, 2.0, 3.0, -3.0, -0.0]",1.0,112.0,0.3794228260035306,112.0,other,other,49,485.0,0.0,467.0,18.0,False,14.0
3688,2021-04-25 20:12:48,416728,446478.0,False,0.0,5.0,2.0,-192.5,30.7948,0.0,False,4.0,1.0,2.09,"{'bias': 60.0, 'name': 'BST'}",Android,92.0,-1.6672058,8.0,False,True,0.0,3.0,3.0,3.0,3.0,False,False,"[-3.0, -2.0, 1.0, 0.0, 5.0, 4.0, 3.0, 3.0]","[-3.0, -2.0, 1.0, 0.0, 5.0, 4.0, 3.0, 3.0]",1.0,441966.0,3.0,446689.0,0.0,0.0,7.0,3.0,False,0.0,9.0,False,11.0,True,True,-17.0,0.0,0.0,"[4.0, 5.0, 0.0, 1.0, 2.0, 3.0, -3.0, -0.0]",1.0,112.0,0.3794228260035306,112.0,other,other,49,485.0,0.0,467.0,18.0,False,14.0
3688,2021-04-25 20:12:48,416728,451715.0,False,0.0,5.0,3.0,-136.66667,136.69708,0.0,False,5.0,1.0,2.09,"{'bias': 60.0, 'name': 'BST'}",Android,5237.0,50.068954,5.0,True,False,0.0,4.0,4.0,4.0,4.0,False,False,"[4.0, 3.0, 4.0, 1.0, 2.0]","[4.0, 3.0, 4.0, 1.0, 2.0]",1.0,451715.0,3.0,457848.0,0.0,0.0,7.0,3.0,True,0.0,9.0,False,11.0,True,True,-17.0,0.0,,"[-3.0, -2.0, 1.0, 0.0, 5.0, 4.0, 3.0, 3.0]",1.0,112.0,0.3794228260035306,112.0,other,other,50,485.0,0.0,468.0,17.0,False,14.0
3688,2021-04-25 20:12:48,416728,453323.0,False,0.0,5.0,3.0,-169.16667,7.446228,0.0,False,4.0,1.0,2.09,"{'bias': 60.0, 'name': 'BST'}",Android,1608.0,-96.750854,5.0,False,False,0.0,3.0,3.0,3.0,3.0,False,False,"[4.0, 3.0, 4.0, 1.0, 2.0]","[4.0, 3.0, 4.0, 1.0, 2.0]",1.0,451715.0,3.0,457848.0,0.0,0.0,7.0,3.0,True,0.0,9.0,False,11.0,True,True,-17.0,0.0,0.0,"[-3.0, -2.0, 1.0, 0.0, 5.0, 4.0, 3.0, 3.0]",1.0,112.0,0.3794228260035306,112.0,other,other,50,485.0,0.0,468.0,17.0,False,14.0
3688,2021-04-25 20:12:48,416728,455186.0,False,0.0,5.0,3.0,-94.16667,149.2052,0.0,False,5.0,1.0,2.09,"{'bias': 60.0, 'name': 'BST'}",Android,1863.0,66.75897,5.0,False,False,0.0,4.0,4.0,4.0,4.0,False,False,"[4.0, 3.0, 4.0, 1.0, 2.0]","[4.0, 3.0, 4.0, 1.0, 2.0]",1.0,451715.0,3.0,457848.0,0.0,0.0,7.0,3.0,True,0.0,9.0,False,11.0,True,True,-17.0,0.0,0.0,"[-3.0, -2.0, 1.0, 0.0, 5.0, 4.0, 3.0, 3.0]",1.0,112.0,0.3794228260035306,112.0,other,other,50,485.0,0.0,468.0,17.0,False,14.0
3688,2021-04-25 20:12:48,416728,455837.0,False,0.0,5.0,3.0,67.5,-130.14331,0.0,False,2.0,1.0,2.09,"{'bias': 60.0, 'name': 'BST'}",Android,651.0,-441.0152,5.0,False,False,0.0,1.0,1.0,1.0,1.0,False,False,"[4.0, 3.0, 4.0, 1.0, 2.0]","[4.0, 3.0, 4.0, 1.0, 2.0]",1.0,451715.0,3.0,457848.0,0.0,0.0,7.0,3.0,True,0.0,9.0,False,11.0,True,True,-17.0,0.0,0.0,"[-3.0, -2.0, 1.0, 0.0, 5.0, 4.0, 3.0, 3.0]",1.0,112.0,0.3794228260035306,112.0,other,other,50,485.0,0.0,468.0,17.0,False,14.0
3688,2021-04-25 20:12:48,416728,457564.0,False,0.0,5.0,3.0,-106.66667,-82.612366,0.0,False,3.0,1.0,2.09,"{'bias': 60.0, 'name': 'BST'}",Android,1727.0,221.69762,5.0,False,True,0.0,2.0,2.0,2.0,2.0,False,False,"[4.0, 3.0, 4.0, 1.0, 2.0]","[4.0, 3.0, 4.0, 1.0, 2.0]",1.0,451715.0,3.0,457848.0,0.0,0.0,7.0,3.0,True,0.0,9.0,False,11.0,True,True,-17.0,0.0,0.0,"[-3.0, -2.0, 1.0, 0.0, 5.0, 4.0, 3.0, 3.0]",1.0,112.0,0.3794228260035306,112.0,other,other,50,485.0,0.0,468.0,17.0,False,14.0
3688,2021-04-25 20:13:37,465270,474096.0,False,0.0,2.0,1.0,150.83331,-22.573303,0.0,False,1.0,1.0,2.09,"{'bias': 60.0, 'name': 'BST'}",Android,16532.0,-197.46094,2.0,True,False,0.0,0.0,0.0,0.0,0.0,False,False,"[0.0, -0.0]","[0.0, -0.0]",2658.0,474096.0,3.0,476844.0,0.0,0.0,1.0,3.0,False,18.0,10.0,False,11.0,True,True,18.0,1.0,,,2650.0,4.0,0.999769744416302,112.0,4.0,first,51,486.0,1.0,468.0,18.0,False,14.0
3688,2021-04-25 20:13:37,465270,476546.0,False,0.0,2.0,1.0,284.16663,8.280151,0.0,True,1.0,1.0,2.09,"{'bias': 60.0, 'name': 'BST'}",Android,2450.0,-102.47986,2.0,False,True,0.0,0.0,0.0,-0.0,-0.0,True,False,"[0.0, -0.0]","[0.0, -0.0]",2658.0,474096.0,3.0,476844.0,0.0,0.0,1.0,3.0,False,18.0,10.0,False,11.0,True,True,18.0,1.0,1.0,,2650.0,4.0,0.999769744416302,112.0,4.0,other,51,486.0,1.0,468.0,18.0,False,14.0
3688,2021-04-25 20:13:37,465270,479391.0,False,0.0,2.0,2.0,286.66663,28.293152,0.0,True,1.0,1.0,2.09,"{'bias': 60.0, 'name': 'BST'}",Android,2845.0,17.513,1.0,True,True,0.0,0.0,0.0,-0.0,-0.0,True,False,[-0.0],[-0.0],10219.0,479391.0,3.0,479985.0,0.0,0.0,1.0,3.0,False,18.0,10.0,False,11.0,True,True,18.0,1.0,,"[0.0, -0.0]",10192.0,1.0,1.0,4.0,1.0,4.0,52,487.0,1.0,469.0,18.0,False,14.0
3688,2021-04-25 20:13:37,465270,482951.0,False,0.0,2.0,3.0,-264.16666,4.110718,0.0,True,4.0,1.0,2.09,"{'bias': 60.0, 'name': 'BST'}",Android,3560.0,526.6508,2.0,True,False,0.0,3.0,3.0,-3.0,-3.0,False,False,"[-3.0, -0.0]","[-3.0, -0.0]",509.0,482951.0,3.0,486199.0,0.0,0.0,4.0,3.0,True,18.0,10.0,False,11.0,True,True,18.0,16.0,,[-0.0],507.0,8.0,0.9994627369713716,1.0,8.0,1.0,53,503.0,16.0,485.0,18.0,False,14.0
3688,2021-04-25 20:13:37,465270,484994.0,False,0.0,2.0,3.0,256.66663,43.302917,0.0,True,1.0,1.0,2.09,"{'bias': 60.0, 'name': 'BST'}",Android,2043.0,-481.64105,2.0,False,True,0.0,0.0,0.0,-0.0,-0.0,True,False,"[-3.0, -0.0]","[-3.0, -0.0]",509.0,482951.0,3.0,486199.0,0.0,0.0,4.0,3.0,True,18.0,10.0,False,11.0,True,True,18.0,16.0,16.0,[-0.0],507.0,8.0,0.9994627369713716,1.0,8.0,1.0,53,503.0,16.0,485.0,18.0,False,14.0
3688,2021-04-25 20:14:05,493184,495483.0,False,0.0,5.0,1.0,21.666656,-108.462524,0.0,False,2.0,1.0,2.09,"{'bias': 60.0, 'name': 'BST'}",Android,10489.0,83.23453,2.0,True,False,0.0,1.0,1.0,1.0,1.0,False,False,"[1.0, -0.0]","[1.0, -0.0]",134.0,495483.0,6.0,497364.0,0.0,0.0,2.0,6.0,False,148.0,11.0,True,11.0,True,True,130.0,4.0,,,134.0,35.0,0.9972369329956252,8.0,other,first,54,507.0,4.0,485.0,22.0,False,14.0
3688,2021-04-25 20:14:05,493184,496786.0,False,0.0,5.0,1.0,268.3333,44.13678,0.0,True,1.0,1.0,2.09,"{'bias': 60.0, 'name': 'BST'}",Android,1303.0,-94.06735,2.0,False,True,0.0,0.0,0.0,-0.0,-0.0,True,False,"[1.0, -0.0]","[1.0, -0.0]",134.0,495483.0,6.0,497364.0,0.0,0.0,2.0,6.0,False,148.0,11.0,True,11.0,True,True,130.0,4.0,4.0,,134.0,35.0,0.9972369329956252,8.0,other,8.0,54,507.0,4.0,485.0,22.0,False,14.0
3688,2021-04-25 20:14:05,493184,499969.0,False,0.0,5.0,2.0,37.5,-120.13678,0.0,False,2.0,1.0,2.09,"{'bias': 60.0, 'name': 'BST'}",Android,3183.0,66.55975,7.0,True,False,0.0,1.0,1.0,1.0,1.0,False,False,"[1.0, 2.0, 3.0, 4.0, 5.0, 0.0, -0.0]","[1.0, 2.0, 3.0, 4.0, 5.0, 0.0, -0.0]",769.0,499969.0,6.0,502247.0,0.0,0.0,6.0,6.0,False,148.0,11.0,True,11.0,True,True,130.0,36.0,,"[1.0, -0.0]",769.0,5.0,0.9996929925550696,35.0,5.0,other,55,543.0,36.0,485.0,58.0,False,14.0
3688,2021-04-25 20:14:05,493184,500253.0,False,0.0,5.0,2.0,-109.16667,-145.987,0.0,False,3.0,1.0,2.09,"{'bias': 60.0, 'name': 'BST'}",Android,284.0,120.81645,7.0,False,False,0.0,2.0,2.0,2.0,2.0,False,False,"[1.0, 2.0, 3.0, 4.0, 5.0, 0.0, -0.0]","[1.0, 2.0, 3.0, 4.0, 5.0, 0.0, -0.0]",769.0,499969.0,6.0,502247.0,0.0,0.0,6.0,6.0,False,148.0,11.0,True,11.0,True,True,130.0,36.0,36.0,"[1.0, -0.0]",769.0,5.0,0.9996929925550696,35.0,5.0,other,55,543.0,36.0,485.0,58.0,False,14.0
3688,2021-04-25 20:14:05,493184,500440.0,False,0.0,5.0,2.0,-160.0,-8.3974,0.0,False,4.0,1.0,2.09,"{'bias': 60.0, 'name': 'BST'}",Android,187.0,188.42293,7.0,False,False,0.0,3.0,3.0,3.0,3.0,False,False,"[1.0, 2.0, 3.0, 4.0, 5.0, 0.0, -0.0]","[1.0, 2.0, 3.0, 4.0, 5.0, 0.0, -0.0]",769.0,499969.0,6.0,502247.0,0.0,0.0,6.0,6.0,False,148.0,11.0,True,11.0,True,True,130.0,36.0,36.0,"[1.0, -0.0]",769.0,5.0,0.9996929925550696,35.0,5.0,other,55,543.0,36.0,485.0,58.0,False,14.0
3688,2021-04-25 20:14:05,493184,500741.0,False,0.0,5.0,2.0,-70.83334,120.01953,0.0,False,5.0,1.0,2.09,"{'bias': 60.0, 'name': 'BST'}",Android,301.0,39.250275,7.0,False,False,0.0,4.0,4.0,4.0,4.0,False,False,"[1.0, 2.0, 3.0, 4.0, 5.0, 0.0, -0.0]","[1.0, 2.0, 3.0, 4.0, 5.0, 0.0, -0.0]",769.0,499969.0,6.0,502247.0,0.0,0.0,6.0,6.0,False,148.0,11.0,True,11.0,True,True,130.0,36.0,36.0,"[1.0, -0.0]",769.0,5.0,0.9996929925550696,35.0,5.0,other,55,543.0,36.0,485.0,58.0,False,14.0
3688,2021-04-25 20:14:05,493184,501090.0,False,0.0,5.0,2.0,66.66666,132.52765,0.0,False,6.0,1.0,2.09,"{'bias': 60.0, 'name': 'BST'}",Android,349.0,-124.99188,7.0,False,False,0.0,5.0,5.0,5.0,5.0,False,False,"[1.0, 2.0, 3.0, 4.0, 5.0, 0.0, -0.0]","[1.0, 2.0, 3.0, 4.0, 5.0, 0.0, -0.0]",769.0,499969.0,6.0,502247.0,0.0,0.0,6.0,6.0,False,148.0,11.0,True,11.0,True,True,130.0,36.0,36.0,"[1.0, -0.0]",769.0,5.0,0.9996929925550696,35.0,5.0,other,55,543.0,36.0,485.0,58.0,False,14.0
3688,2021-04-25 20:14:05,493184,501383.0,False,0.0,5.0,2.0,121.66666,6.612366,0.0,False,1.0,1.0,2.09,"{'bias': 60.0, 'name': 'BST'}",Android,293.0,-180.91528,7.0,False,False,0.0,0.0,0.0,0.0,0.0,False,False,"[1.0, 2.0, 3.0, 4.0, 5.0, 0.0, -0.0]","[1.0, 2.0, 3.0, 4.0, 5.0, 0.0, -0.0]",769.0,499969.0,6.0,502247.0,0.0,0.0,6.0,6.0,False,148.0,11.0,True,11.0,True,True,130.0,36.0,36.0,"[1.0, -0.0]",769.0,5.0,0.9996929925550696,35.0,5.0,other,55,543.0,36.0,485.0,58.0,False,14.0
3688,2021-04-25 20:14:05,493184,501952.0,False,0.0,5.0,2.0,-275.0,-0.058655,0.0,True,1.0,1.0,2.09,"{'bias': 60.0, 'name': 'BST'}",Android,569.0,389.99564,7.0,False,True,0.0,0.0,0.0,-0.0,-0.0,True,False,"[1.0, 2.0, 3.0, 4.0, 5.0, 0.0, -0.0]","[1.0, 2.0, 3.0, 4.0, 5.0, 0.0, -0.0]",769.0,499969.0,6.0,502247.0,0.0,0.0,6.0,6.0,False,148.0,11.0,True,11.0,True,True,130.0,36.0,36.0,"[1.0, -0.0]",769.0,5.0,0.9996929925550696,35.0,5.0,other,55,543.0,36.0,485.0,58.0,False,14.0
3688,2021-04-25 20:14:05,493184,506078.0,False,0.0,2.0,3.0,43.333313,-115.133545,0.0,False,2.0,1.0,2.09,"{'bias': 60.0, 'name': 'BST'}",Android,4126.0,-433.4082,6.0,True,False,0.0,1.0,1.0,1.0,1.0,False,False,"[1.0, -2.0, 3.0, 4.0, 5.0, 3.0]","[1.0, -2.0, 3.0, 4.0, 5.0, 3.0]",1.0,506078.0,6.0,508540.0,0.0,0.0,7.0,6.0,False,148.0,11.0,True,11.0,True,True,130.0,0.0,,"[1.0, 2.0, 3.0, 4.0, 5.0, 0.0, -0.0]",1.0,112.0,0.3794228260035306,5.0,other,5.0,56,543.0,0.0,485.0,58.0,False,14.0
3688,2021-04-25 20:14:05,493184,506276.0,False,0.0,2.0,3.0,-126.66667,-130.97717,0.0,True,3.0,1.0,2.09,"{'bias': 60.0, 'name': 'BST'}",Android,198.0,154.15636,6.0,False,False,0.0,2.0,2.0,-2.0,-2.0,False,False,"[1.0, -2.0, 3.0, 4.0, 5.0, 3.0]","[1.0, -2.0, 3.0, 4.0, 5.0, 3.0]",1.0,506078.0,6.0,508540.0,0.0,0.0,7.0,6.0,False,148.0,11.0,True,11.0,True,True,130.0,0.0,0.0,"[1.0, 2.0, 3.0, 4.0, 5.0, 0.0, -0.0]",1.0,112.0,0.3794228260035306,5.0,other,5.0,56,543.0,0.0,485.0,58.0,False,14.0
3688,2021-04-25 20:14:05,493184,506568.0,False,0.0,2.0,3.0,-175.0,44.13678,0.0,False,4.0,1.0,2.09,"{'bias': 60.0, 'name': 'BST'}",Android,292.0,223.44728,6.0,False,False,0.0,3.0,3.0,3.0,3.0,False,False,"[1.0, -2.0, 3.0, 4.0, 5.0, 3.0]","[1.0, -2.0, 3.0, 4.0, 5.0, 3.0]",1.0,506078.0,6.0,508540.0,0.0,0.0,7.0,6.0,False,148.0,11.0,True,11.0,True,True,130.0,0.0,0.0,"[1.0, 2.0, 3.0, 4.0, 5.0, 0.0, -0.0]",1.0,112.0,0.3794228260035306,5.0,other,5.0,56,543.0,0.0,485.0,58.0,False,14.0
3688,2021-04-25 20:14:05,493184,506801.0,False,0.0,2.0,3.0,-82.5,139.19867,0.0,False,5.0,1.0,2.09,"{'bias': 60.0, 'name': 'BST'}",Android,233.0,2.5618896,6.0,False,False,0.0,4.0,4.0,4.0,4.0,False,False,"[1.0, -2.0, 3.0, 4.0, 5.0, 3.0]","[1.0, -2.0, 3.0, 4.0, 5.0, 3.0]",1.0,506078.0,6.0,508540.0,0.0,0.0,7.0,6.0,False,148.0,11.0,True,11.0,True,True,130.0,0.0,0.0,"[1.0, 2.0, 3.0, 4.0, 5.0, 0.0, -0.0]",1.0,112.0,0.3794228260035306,5.0,other,5.0,56,543.0,0.0,485.0,58.0,False,14.0
3688,2021-04-25 20:14:05,493184,507006.0,False,0.0,2.0,3.0,76.66666,130.85992,0.0,False,6.0,1.0,2.09,"{'bias': 60.0, 'name': 'BST'}",Android,205.0,-167.5054,6.0,False,False,0.0,5.0,5.0,5.0,5.0,False,False,"[1.0, -2.0, 3.0, 4.0, 5.0, 3.0]","[1.0, -2.0, 3.0, 4.0, 5.0, 3.0]",1.0,506078.0,6.0,508540.0,0.0,0.0,7.0,6.0,False,148.0,11.0,True,11.0,True,True,130.0,0.0,0.0,"[1.0, 2.0, 3.0, 4.0, 5.0, 0.0, -0.0]",1.0,112.0,0.3794228260035306,5.0,other,5.0,56,543.0,0.0,485.0,58.0,False,14.0
3688,2021-04-25 20:14:05,493184,507373.0,False,0.0,2.0,3.0,-147.5,-9.231262,0.0,False,4.0,1.0,2.09,"{'bias': 60.0, 'name': 'BST'}",Android,367.0,84.07547,6.0,False,True,0.0,3.0,3.0,3.0,3.0,False,False,"[1.0, -2.0, 3.0, 4.0, 5.0, 3.0]","[1.0, -2.0, 3.0, 4.0, 5.0, 3.0]",1.0,506078.0,6.0,508540.0,0.0,0.0,7.0,6.0,False,148.0,11.0,True,11.0,True,True,130.0,0.0,0.0,"[1.0, 2.0, 3.0, 4.0, 5.0, 0.0, -0.0]",1.0,112.0,0.3794228260035306,5.0,other,5.0,56,543.0,0.0,485.0,58.0,False,14.0
3688,2021-04-25 20:14:05,493184,511644.0,False,0.0,2.0,4.0,49.166656,-138.48206,0.0,False,2.0,1.0,2.09,"{'bias': 60.0, 'name': 'BST'}",Android,4271.0,-325.91745,7.0,True,False,0.0,1.0,1.0,1.0,1.0,False,False,"[1.0, 2.0, 3.0, 4.0, 5.0, 0.0, -0.0]","[1.0, 2.0, 3.0, 4.0, 5.0, 0.0, -0.0]",769.0,511644.0,6.0,516496.0,0.0,0.0,6.0,6.0,False,148.0,11.0,True,11.0,True,True,130.0,36.0,,"[1.0, -2.0, 3.0, 4.0, 5.0, 3.0]",769.0,5.0,0.9996929925550696,112.0,5.0,other,57,579.0,36.0,486.0,93.0,False,14.0
3688,2021-04-25 20:14:05,493184,511930.0,False,0.0,2.0,4.0,-87.5,-178.50812,0.0,False,3.0,1.0,2.09,"{'bias': 60.0, 'name': 'BST'}",Android,286.0,96.640594,7.0,False,False,0.0,2.0,2.0,2.0,2.0,False,False,"[1.0, 2.0, 3.0, 4.0, 5.0, 0.0, -0.0]","[1.0, 2.0, 3.0, 4.0, 5.0, 0.0, -0.0]",769.0,511644.0,6.0,516496.0,0.0,0.0,6.0,6.0,False,148.0,11.0,True,11.0,True,True,130.0,36.0,36.0,"[1.0, -2.0, 3.0, 4.0, 5.0, 3.0]",769.0,5.0,0.9996929925550696,112.0,5.0,other,57,579.0,36.0,486.0,93.0,False,14.0
3688,2021-04-25 20:14:05,493184,512206.0,False,0.0,2.0,4.0,-144.16667,-56.762207,0.0,False,4.0,1.0,2.09,"{'bias': 60.0, 'name': 'BST'}",Android,276.0,178.41258,7.0,False,False,0.0,3.0,3.0,3.0,3.0,False,False,"[1.0, 2.0, 3.0, 4.0, 5.0, 0.0, -0.0]","[1.0, 2.0, 3.0, 4.0, 5.0, 0.0, -0.0]",769.0,511644.0,6.0,516496.0,0.0,0.0,6.0,6.0,False,148.0,11.0,True,11.0,True,True,130.0,36.0,36.0,"[1.0, -2.0, 3.0, 4.0, 5.0, 3.0]",769.0,5.0,0.9996929925550696,112.0,5.0,other,57,579.0,36.0,486.0,93.0,False,14.0
3688,2021-04-25 20:14:05,493184,512522.0,False,0.0,2.0,4.0,-107.5,73.32245,0.0,False,5.0,1.0,2.09,"{'bias': 60.0, 'name': 'BST'}",Android,316.0,93.417984,7.0,False,False,0.0,4.0,4.0,4.0,4.0,False,False,"[1.0, 2.0, 3.0, 4.0, 5.0, 0.0, -0.0]","[1.0, 2.0, 3.0, 4.0, 5.0, 0.0, -0.0]",769.0,511644.0,6.0,516496.0,0.0,0.0,6.0,6.0,False,148.0,11.0,True,11.0,True,True,130.0,36.0,36.0,"[1.0, -2.0, 3.0, 4.0, 5.0, 3.0]",769.0,5.0,0.9996929925550696,112.0,5.0,other,57,579.0,36.0,486.0,93.0,False,14.0
3688,2021-04-25 20:14:05,493184,512788.0,False,0.0,2.0,4.0,18.333313,114.18237,0.0,False,6.0,1.0,2.09,"{'bias': 60.0, 'name': 'BST'}",Android,266.0,-84.97339,7.0,False,False,0.0,5.0,5.0,5.0,5.0,False,False,"[1.0, 2.0, 3.0, 4.0, 5.0, 0.0, -0.0]","[1.0, 2.0, 3.0, 4.0, 5.0, 0.0, -0.0]",769.0,511644.0,6.0,516496.0,0.0,0.0,6.0,6.0,False,148.0,11.0,True,11.0,True,True,130.0,36.0,36.0,"[1.0, -2.0, 3.0, 4.0, 5.0, 3.0]",769.0,5.0,0.9996929925550696,112.0,5.0,other,57,579.0,36.0,486.0,93.0,False,14.0
3688,2021-04-25 20:14:05,493184,514476.0,False,0.0,2.0,4.0,121.66666,-8.3974,0.0,False,1.0,1.0,2.09,"{'bias': 60.0, 'name': 'BST'}",Android,1688.0,-225.91312,7.0,False,False,0.0,0.0,0.0,0.0,0.0,False,False,"[1.0, 2.0, 3.0, 4.0, 5.0, 0.0, -0.0]","[1.0, 2.0, 3.0, 4.0, 5.0, 0.0, -0.0]",769.0,511644.0,6.0,516496.0,0.0,0.0,6.0,6.0,False,148.0,11.0,True,11.0,True,True,130.0,36.0,36.0,"[1.0, -2.0, 3.0, 4.0, 5.0, 3.0]",769.0,5.0,0.9996929925550696,112.0,5.0,other,57,579.0,36.0,486.0,93.0,False,14.0
3688,2021-04-25 20:14:05,493184,516205.0,False,0.0,2.0,4.0,-289.16666,-21.73944,0.0,True,1.0,1.0,2.09,"{'bias': 60.0, 'name': 'BST'}",Android,1729.0,397.49127,7.0,False,True,0.0,0.0,0.0,-0.0,-0.0,True,False,"[1.0, 2.0, 3.0, 4.0, 5.0, 0.0, -0.0]","[1.0, 2.0, 3.0, 4.0, 5.0, 0.0, -0.0]",769.0,511644.0,6.0,516496.0,0.0,0.0,6.0,6.0,False,148.0,11.0,True,11.0,True,True,130.0,36.0,36.0,"[1.0, -2.0, 3.0, 4.0, 5.0, 3.0]",769.0,5.0,0.9996929925550696,112.0,5.0,other,57,579.0,36.0,486.0,93.0,False,14.0
3688,2021-04-25 20:14:05,493184,520614.0,False,0.0,1.0,5.0,55.833313,-127.64172,0.0,False,2.0,1.0,2.09,"{'bias': 60.0, 'name': 'BST'}",Android,4409.0,-450.90225,7.0,True,False,0.0,1.0,1.0,1.0,1.0,False,False,"[1.0, 2.0, 3.0, 4.0, 5.0, 0.0, -0.0]","[1.0, 2.0, 3.0, 4.0, 5.0, 0.0, -0.0]",769.0,520614.0,6.0,524722.0,0.0,0.0,6.0,6.0,False,148.0,11.0,True,11.0,True,True,130.0,36.0,,"[1.0, 2.0, 3.0, 4.0, 5.0, 0.0, -0.0]",769.0,5.0,0.9996929925550696,5.0,5.0,5.0,58,615.0,36.0,487.0,128.0,True,14.0
3688,2021-04-25 20:14:05,493184,521036.0,False,0.0,1.0,5.0,-95.83334,-141.81757,0.0,False,3.0,1.0,2.09,"{'bias': 60.0, 'name': 'BST'}",Android,422.0,137.49081,7.0,False,False,0.0,2.0,2.0,2.0,2.0,False,False,"[1.0, 2.0, 3.0, 4.0, 5.0, 0.0, -0.0]","[1.0, 2.0, 3.0, 4.0, 5.0, 0.0, -0.0]",769.0,520614.0,6.0,524722.0,0.0,0.0,6.0,6.0,False,148.0,11.0,True,11.0,True,True,130.0,36.0,36.0,"[1.0, 2.0, 3.0, 4.0, 5.0, 0.0, -0.0]",769.0,5.0,0.9996929925550696,5.0,5.0,5.0,58,615.0,36.0,487.0,128.0,True,14.0
3688,2021-04-25 20:14:05,493184,521484.0,False,0.0,1.0,5.0,-172.5,-19.237793,0.0,False,4.0,1.0,2.09,"{'bias': 60.0, 'name': 'BST'}",Android,448.0,199.24643,7.0,False,False,0.0,3.0,3.0,3.0,3.0,False,False,"[1.0, 2.0, 3.0, 4.0, 5.0, 0.0, -0.0]","[1.0, 2.0, 3.0, 4.0, 5.0, 0.0, -0.0]",769.0,520614.0,6.0,524722.0,0.0,0.0,6.0,6.0,False,148.0,11.0,True,11.0,True,True,130.0,36.0,36.0,"[1.0, 2.0, 3.0, 4.0, 5.0, 0.0, -0.0]",769.0,5.0,0.9996929925550696,5.0,5.0,5.0,58,615.0,36.0,487.0,128.0,True,14.0
3688,2021-04-25 20:14:05,493184,521940.0,False,0.0,1.0,5.0,-100.83334,108.345276,0.0,False,5.0,1.0,2.09,"{'bias': 60.0, 'name': 'BST'}",Android,456.0,55.916412,7.0,False,False,0.0,4.0,4.0,4.0,4.0,False,False,"[1.0, 2.0, 3.0, 4.0, 5.0, 0.0, -0.0]","[1.0, 2.0, 3.0, 4.0, 5.0, 0.0, -0.0]",769.0,520614.0,6.0,524722.0,0.0,0.0,6.0,6.0,False,148.0,11.0,True,11.0,True,True,130.0,36.0,36.0,"[1.0, 2.0, 3.0, 4.0, 5.0, 0.0, -0.0]",769.0,5.0,0.9996929925550696,5.0,5.0,5.0,58,615.0,36.0,487.0,128.0,True,14.0
3688,2021-04-25 20:14:05,493184,522428.0,False,0.0,1.0,5.0,50.833313,123.35504,0.0,False,6.0,1.0,2.09,"{'bias': 60.0, 'name': 'BST'}",Android,488.0,-136.65689,7.0,False,False,0.0,5.0,5.0,5.0,5.0,False,False,"[1.0, 2.0, 3.0, 4.0, 5.0, 0.0, -0.0]","[1.0, 2.0, 3.0, 4.0, 5.0, 0.0, -0.0]",769.0,520614.0,6.0,524722.0,0.0,0.0,6.0,6.0,False,148.0,11.0,True,11.0,True,True,130.0,36.0,36.0,"[1.0, 2.0, 3.0, 4.0, 5.0, 0.0, -0.0]",769.0,5.0,0.9996929925550696,5.0,5.0,5.0,58,615.0,36.0,487.0,128.0,True,14.0
3688,2021-04-25 20:14:05,493184,523500.0,False,0.0,1.0,5.0,130.0,2.442993,0.0,False,1.0,1.0,2.09,"{'bias': 60.0, 'name': 'BST'}",Android,1072.0,-200.07874,7.0,False,False,0.0,0.0,0.0,0.0,0.0,False,False,"[1.0, 2.0, 3.0, 4.0, 5.0, 0.0, -0.0]","[1.0, 2.0, 3.0, 4.0, 5.0, 0.0, -0.0]",769.0,520614.0,6.0,524722.0,0.0,0.0,6.0,6.0,False,148.0,11.0,True,11.0,True,True,130.0,36.0,36.0,"[1.0, 2.0, 3.0, 4.0, 5.0, 0.0, -0.0]",769.0,5.0,0.9996929925550696,5.0,5.0,5.0,58,615.0,36.0,487.0,128.0,True,14.0
3688,2021-04-25 20:14:05,493184,524432.0,False,0.0,1.0,5.0,-300.0,-4.228027,0.0,True,1.0,1.0,2.09,"{'bias': 60.0, 'name': 'BST'}",Android,932.0,423.32898,7.0,False,True,0.0,0.0,0.0,-0.0,-0.0,True,False,"[1.0, 2.0, 3.0, 4.0, 5.0, 0.0, -0.0]","[1.0, 2.0, 3.0, 4.0, 5.0, 0.0, -0.0]",769.0,520614.0,6.0,524722.0,0.0,0.0,6.0,6.0,False,148.0,11.0,True,11.0,True,True,130.0,36.0,36.0,"[1.0, 2.0, 3.0, 4.0, 5.0, 0.0, -0.0]",769.0,5.0,0.9996929925550696,5.0,5.0,5.0,58,615.0,36.0,487.0,128.0,True,14.0
3688,2021-04-25 20:14:05,493184,527816.0,False,0.0,0.0,6.0,65.0,-125.97394,0.0,False,2.0,1.0,2.09,"{'bias': 60.0, 'name': 'BST'}",Android,3384.0,-486.7459,7.0,True,False,0.0,1.0,1.0,1.0,1.0,False,False,"[1.0, 2.0, 3.0, 4.0, 5.0, 0.0, -0.0]","[1.0, 2.0, 3.0, 4.0, 5.0, 0.0, -0.0]",769.0,527816.0,6.0,531347.0,0.0,0.0,6.0,6.0,True,148.0,11.0,True,11.0,True,True,130.0,36.0,,"[1.0, 2.0, 3.0, 4.0, 5.0, 0.0, -0.0]",769.0,5.0,0.9996929925550696,5.0,5.0,5.0,59,651.0,36.0,503.0,148.0,True,14.0
3688,2021-04-25 20:14:05,493184,528272.0,False,0.0,0.0,6.0,-103.33334,-156.82733,0.0,False,3.0,1.0,2.09,"{'bias': 60.0, 'name': 'BST'}",Android,456.0,137.47995,7.0,False,False,0.0,2.0,2.0,2.0,2.0,False,False,"[1.0, 2.0, 3.0, 4.0, 5.0, 0.0, -0.0]","[1.0, 2.0, 3.0, 4.0, 5.0, 0.0, -0.0]",769.0,527816.0,6.0,531347.0,0.0,0.0,6.0,6.0,True,148.0,11.0,True,11.0,True,True,130.0,36.0,36.0,"[1.0, 2.0, 3.0, 4.0, 5.0, 0.0, -0.0]",769.0,5.0,0.9996929925550696,5.0,5.0,5.0,59,651.0,36.0,503.0,148.0,True,14.0
3688,2021-04-25 20:14:05,493184,528659.0,False,0.0,0.0,6.0,-163.33334,-25.908813,0.0,False,4.0,1.0,2.09,"{'bias': 60.0, 'name': 'BST'}",Android,387.0,190.91852,7.0,False,False,0.0,3.0,3.0,3.0,3.0,False,False,"[1.0, 2.0, 3.0, 4.0, 5.0, 0.0, -0.0]","[1.0, 2.0, 3.0, 4.0, 5.0, 0.0, -0.0]",769.0,527816.0,6.0,531347.0,0.0,0.0,6.0,6.0,True,148.0,11.0,True,11.0,True,True,130.0,36.0,36.0,"[1.0, 2.0, 3.0, 4.0, 5.0, 0.0, -0.0]",769.0,5.0,0.9996929925550696,5.0,5.0,5.0,59,651.0,36.0,503.0,148.0,True,14.0
3688,2021-04-25 20:14:05,493184,529116.0,False,0.0,0.0,6.0,-93.33334,110.846924,0.0,False,5.0,1.0,2.09,"{'bias': 60.0, 'name': 'BST'}",Android,457.0,66.75574,7.0,False,False,0.0,4.0,4.0,4.0,4.0,False,False,"[1.0, 2.0, 3.0, 4.0, 5.0, 0.0, -0.0]","[1.0, 2.0, 3.0, 4.0, 5.0, 0.0, -0.0]",769.0,527816.0,6.0,531347.0,0.0,0.0,6.0,6.0,True,148.0,11.0,True,11.0,True,True,130.0,36.0,36.0,"[1.0, 2.0, 3.0, 4.0, 5.0, 0.0, -0.0]",769.0,5.0,0.9996929925550696,5.0,5.0,5.0,59,651.0,36.0,503.0,148.0,True,14.0
3688,2021-04-25 20:14:05,493184,529587.0,False,0.0,0.0,6.0,47.5,115.85016,0.0,False,6.0,1.0,2.09,"{'bias': 60.0, 'name': 'BST'}",Android,471.0,-135.83011,7.0,False,False,0.0,5.0,5.0,5.0,5.0,False,False,"[1.0, 2.0, 3.0, 4.0, 5.0, 0.0, -0.0]","[1.0, 2.0, 3.0, 4.0, 5.0, 0.0, -0.0]",769.0,527816.0,6.0,531347.0,0.0,0.0,6.0,6.0,True,148.0,11.0,True,11.0,True,True,130.0,36.0,36.0,"[1.0, 2.0, 3.0, 4.0, 5.0, 0.0, -0.0]",769.0,5.0,0.9996929925550696,5.0,5.0,5.0,59,651.0,36.0,503.0,148.0,True,14.0
3688,2021-04-25 20:14:05,493184,530152.0,False,0.0,0.0,6.0,132.5,-1.726379,0.0,False,1.0,1.0,2.09,"{'bias': 60.0, 'name': 'BST'}",Android,565.0,-202.57654,7.0,False,False,0.0,0.0,0.0,0.0,0.0,False,False,"[1.0, 2.0, 3.0, 4.0, 5.0, 0.0, -0.0]","[1.0, 2.0, 3.0, 4.0, 5.0, 0.0, -0.0]",769.0,527816.0,6.0,531347.0,0.0,0.0,6.0,6.0,True,148.0,11.0,True,11.0,True,True,130.0,36.0,36.0,"[1.0, 2.0, 3.0, 4.0, 5.0, 0.0, -0.0]",769.0,5.0,0.9996929925550696,5.0,5.0,5.0,59,651.0,36.0,503.0,148.0,True,14.0
3688,2021-04-25 20:14:05,493184,531056.0,False,0.0,0.0,6.0,-309.16666,-43.420227,0.0,True,1.0,1.0,2.09,"{'bias': 60.0, 'name': 'BST'}",Android,904.0,399.9728,7.0,False,True,0.0,0.0,0.0,-0.0,-0.0,True,False,"[1.0, 2.0, 3.0, 4.0, 5.0, 0.0, -0.0]","[1.0, 2.0, 3.0, 4.0, 5.0, 0.0, -0.0]",769.0,527816.0,6.0,531347.0,0.0,0.0,6.0,6.0,True,148.0,11.0,True,11.0,True,True,130.0,36.0,36.0,"[1.0, 2.0, 3.0, 4.0, 5.0, 0.0, -0.0]",769.0,5.0,0.9996929925550696,5.0,5.0,5.0,59,651.0,36.0,503.0,148.0,True,14.0
